Time,R Scale 1,R Scale 2,G Speed,SV,Longitude,Latitude,raw1,raw2,raw3,raw4
08:59:59.105,91,49,0,18,120.4809723,22.4527130,3383080,0,1104142,0
08:59:59.204,92,49,0,18,120.4809723,22.4527130,3405412,0,1104407,0
08:59:59.334,91,49,0,18,120.4809723,22.4527130,3383947,0,1104723,0
08:59:59.400,91,49,0,18,120.4809723,22.4527130,3400695,0,1102633,0
08:59:59.535,92,49,0,18,120.4809723,22.4527130,3408529,0,1101818,0
08:59:59.601,92,49,0,18,120.4809723,22.4527130,3408529,0,1101818,0
08:59:59.722,91,49,0,18,120.4809723,22.4527149,3399915,0,1102018,0
08:59:59.804,91,49,0,18,120.4809723,22.4527149,3398351,0,1103801,0
08:59:59.944,91,49,0,18,120.4809723,22.4527149,3378608,0,1106981,0
09:00:00.008,92,50,0,18,120.4809723,22.4527149,3410132,0,1125893,0
09:00:00.107,91,51,0,18,120.4809723,22.4527149,3375960,0,1146072,0
09:00:00.253,91,52,0,18,120.4809723,22.4527149,3402246,0,1162990,0
09:00:00.303,91,53,0,18,120.4809723,22.4527149,3391554,0,1187141,0
09:00:00.425,91,53,0,18,120.4809723,22.4527149,3391554,0,1187141,0
09:00:00.507,91,54,0,18,120.4809723,22.4527149,3385244,0,1204671,0
09:00:00.636,91,55,0,18,120.4809723,22.4527149,3395254,0,1223709,0
09:00:00.703,91,56,0,18,120.4809723,22.4527149,3386613,0,1253285,0
09:00:00.824,91,58,0,18,120.4809723,22.4527149,3398682,0,1282190,0
09:00:00.907,92,58,0,18,120.4809723,22.4527149,3412381,0,1299553,0
09:00:01.029,90,58,0,18,120.4809723,22.4527149,3337004,0,1295736,0
09:00:01.112,91,57,0,18,120.4809723,22.4527149,3392898,0,1280571,0
09:00:01.211,91,58,0,18,120.4809723,22.4527149,3394739,0,1281608,0
09:00:01.336,91,57,0,18,120.4809723,22.4527149,3389126,0,1280618,0
09:00:01.402,91,57,0,18,120.4809723,22.4527149,3389126,0,1280618,0
09:00:01.524,91,57,0,18,120.4809723,22.4527149,3402312,0,1279473,0
09:00:01.607,91,58,0,18,120.4809723,22.4527149,3388422,0,1282016,0
09:00:01.725,91,58,0,18,120.4809723,22.4527149,3381417,0,1284118,0
09:00:01.808,91,58,0,18,120.4809723,22.4527149,3386940,0,1283800,0
09:00:01.912,91,58,0,18,120.4809723,22.4527149,3386453,0,1282417,0
09:00:02.010,91,57,0,18,120.4809723,22.4527149,3399939,0,1280617,0
09:00:02.145,91,57,0,18,120.4809723,22.4527149,3378087,0,1274744,0
09:00:02.212,91,57,0,18,120.4809723,22.4527149,3378087,0,1274744,0
09:00:02.338,91,56,0,18,120.4809723,22.4527168,3376724,0,1256658,0
09:00:02.404,91,55,0,18,120.4809723,22.4527168,3381916,0,1234870,0
09:00:02.509,91,55,0,18,120.4809723,22.4527168,3382946,0,1224651,0
09:00:02.608,91,55,0,18,120.4809723,22.4527168,3390923,0,1220571,0
09:00:02.714,91,55,0,18,120.4809723,22.4527168,3393222,0,1219555,0
09:00:02.807,91,55,0,18,120.4809723,22.4527168,3384488,0,1219986,0
09:00:02.928,91,55,0,18,120.4809723,22.4527168,3384488,0,1219986,0
09:00:03.010,91,55,0,18,120.4809723,22.4527168,3383583,0,1219200,0
09:00:03.136,91,54,0,18,120.4809723,22.4527168,3395249,0,1217129,0
09:00:03.202,91,55,0,18,120.4809723,22.4527168,3395100,0,1217489,0
09:00:03.300,91,54,0,18,120.4809723,22.4527168,3400221,0,1216378,0
09:00:03.414,90,54,0,18,120.4809723,22.4527168,3361986,0,1216781,0
09:00:03.512,91,54,0,18,120.4809723,22.4527168,3385785,0,1213899,0
09:00:03.618,91,54,0,18,120.4809723,22.4527168,3391792,0,1213890,0
09:00:03.700,91,54,0,18,120.4809723,22.4527168,3396837,0,1209699,0
09:00:03.805,92,54,0,18,120.4809723,22.4527168,3405439,0,1207288,0
09:00:03.904,91,54,0,18,120.4809723,22.4527168,3380872,0,1201795,0
09:00:04.064,91,53,0,18,120.4809723,22.4527168,3381056,0,1195787,0
09:00:04.114,91,53,0,18,120.4809723,22.4527168,3375066,0,1192932,0
09:00:04.212,91,53,0,18,120.4809723,22.4527168,3374275,0,1195540,0
09:00:04.350,91,54,0,18,120.4809723,22.4527168,3374082,0,1196524,0
09:00:04.400,91,54,0,18,120.4809723,22.4527168,3374082,0,1196524,0
09:00:04.534,91,53,0,18,120.4809723,22.4527168,3382743,0,1195965,0
09:00:04.600,91,54,0,18,120.4809723,22.4527168,3377735,0,1196302,0
09:00:04.711,91,53,0,18,120.4809723,22.4527168,3375261,0,1194991,0
09:00:04.808,91,53,0,18,120.4809723,22.4527168,3380821,0,1195179,0
09:00:04.939,91,53,0,18,120.4809723,22.4527168,3388392,0,1194922,0
09:00:05.004,91,54,0,18,120.4809723,22.4527168,3381045,0,1196263,0
09:00:05.140,91,53,0,18,120.4809723,22.4527168,3380118,0,1195715,0
09:00:05.200,91,53,0,18,120.4809723,22.4527168,3380118,0,1195715,0
09:00:05.300,91,53,0,18,120.4809723,22.4527168,3386575,0,1195379,0
09:00:05.436,91,54,0,18,120.4809723,22.4527168,3383998,0,1196104,0
09:00:05.503,91,54,0,18,120.4809723,22.4527168,3367136,0,1196589,0
09:00:05.625,91,53,0,18,120.4809723,22.4527168,3369933,0,1195771,0
09:00:05.707,91,53,0,18,120.4809723,22.4527168,3383114,0,1194838,0
09:00:05.825,91,53,0,18,120.4809723,22.4527168,3393834,0,1194140,0
09:00:05.907,90,53,0,18,120.4809723,22.4527168,3339375,0,1195000,0
09:00:06.058,91,53,0,18,120.4809723,22.4527168,3378502,0,1194870,0
09:00:06.108,91,53,0,18,120.4809723,22.4527168,3378502,0,1194870,0
09:00:06.207,91,53,0,18,120.4809723,22.4527168,3379157,0,1195756,0
09:00:06.320,91,53,0,18,120.4809723,22.4527168,3379157,0,1195756,0
09:00:06.403,91,53,0,18,120.4809723,22.4527168,3373885,0,1194833,0
09:00:06.525,91,53,0,18,120.4809723,22.4527168,3389232,0,1193635,0
09:00:06.608,91,53,0,18,120.4809723,22.4527168,3391292,0,1192842,0
09:00:06.711,91,53,0,18,120.4809723,22.4527168,3382684,0,1193250,0
09:00:06.810,91,53,0,18,120.4809723,22.4527168,3376338,0,1193123,0
09:00:06.914,91,53,0,18,120.4809723,22.4527168,3376338,0,1193123,0
09:00:07.013,91,53,0,18,120.4809723,22.4527168,3374043,0,1192986,0
09:00:07.145,91,53,0,18,120.4809723,22.4527168,3379484,0,1194356,0
09:00:07.211,91,53,0,18,120.4809723,22.4527168,3379484,0,1194356,0
09:00:07.310,91,53,0,18,120.4809723,22.4527168,3374240,0,1193956,0
09:00:07.424,91,53,0,18,120.4809723,22.4527168,3374240,0,1193956,0
09:00:07.506,91,53,0,18,120.4809723,22.4527168,3372007,0,1192519,0
09:00:07.630,91,53,0,18,120.4809723,22.4527168,3379418,0,1192392,0
09:00:07.713,90,53,0,18,120.4809723,22.4527168,3365284,0,1192943,0
09:00:07.837,91,53,0,18,120.4809723,22.4527168,3389274,0,1193590,0
09:00:07.904,91,53,0,18,120.4809723,22.4527168,3377631,0,1195303,0
09:00:08.003,91,53,0,18,120.4809723,22.4527168,3386389,0,1195024,0
09:00:08.114,91,53,0,18,120.4809723,22.4527187,3386389,0,1195024,0
09:00:08.213,91,54,0,18,120.4809723,22.4527187,3367196,0,1199215,0
09:00:08.334,91,54,0,18,120.4809723,22.4527187,3367196,0,1199215,0
09:00:08.400,91,54,0,18,120.4809723,22.4527187,3379057,0,1201492,0
09:00:08.528,91,54,2,18,120.4809723,22.4527206,3393835,0,1200615,0
09:00:08.610,91,52,2,18,120.4809723,22.4527206,3388800,0,1170260,0
09:00:08.753,91,51,3,18,120.4809723,22.4527206,3371829,0,1145103,0
09:00:08.803,91,51,3,18,120.4809723,22.4527206,3371829,0,1145103,0
09:00:08.913,91,50,4,18,120.4809723,22.4527225,3390834,0,1129584,0
09:00:09.010,91,50,4,18,120.4809723,22.4527225,3383944,0,1116042,0
09:00:09.125,91,50,5,18,120.4809723,22.4527245,3377820,0,1115191,0
09:00:09.207,90,49,5,18,120.4809723,22.4527245,3360228,0,1108069,0
09:00:09.307,92,49,5,18,120.4809723,22.4527245,3405380,0,1107554,0
09:00:09.455,91,49,6,18,120.4809723,22.4527302,3389772,0,1106867,0
09:00:09.510,91,49,6,18,120.4809723,22.4527302,3402325,0,1104018,0
09:00:09.639,91,49,6,18,120.4809723,22.4527321,3402325,0,1104018,0
09:00:09.704,91,49,6,18,120.4809723,22.4527321,3396459,0,1105157,0
09:00:09.808,91,49,8,18,120.4809723,22.4527359,3395413,0,1107208,0
09:00:09.908,91,49,8,18,120.4809723,22.4527359,3393143,0,1098970,0
09:00:10.064,90,49,8,18,120.4809723,22.4527416,3354148,0,1095627,0
09:00:10.114,90,49,8,18,120.4809723,22.4527416,3341423,0,1095915,0
09:00:10.213,90,49,8,18,120.4809723,22.4527416,3347335,0,1095368,0
09:00:10.336,90,49,8,18,120.4809723,22.4527473,3353922,0,1094579,0
09:00:10.402,90,49,8,18,120.4809723,22.4527473,3353922,0,1094579,0
09:00:10.500,90,49,8,18,120.4809723,22.4527473,3349223,0,1094082,0
09:00:10.638,90,49,8,18,120.4809723,22.4527531,3349223,0,1094082,0
09:00:10.704,89,49,8,18,120.4809723,22.4527531,3316720,0,1094643,0
09:00:10.841,89,49,8,18,120.4809723,22.4527588,3328251,0,1094670,0
09:00:10.907,89,49,8,18,120.4809723,22.4527588,3310731,0,1093733,0
09:00:11.026,89,49,7,18,120.4809723,22.4527607,3323019,0,1093262,0
09:00:11.108,89,49,7,18,120.4809723,22.4527607,3299976,0,1096259,0
09:00:11.204,89,49,7,18,120.4809723,22.4527645,3299976,0,1096259,0
09:00:11.303,89,49,7,18,120.4809723,22.4527645,3319922,0,1095141,0
09:00:11.427,89,49,7,18,120.4809723,22.4527683,3312776,0,1096282,0
09:00:11.510,89,49,7,18,120.4809723,22.4527683,3305242,0,1098007,0
09:00:11.601,89,49,7,18,120.4809723,22.4527721,3305242,0,1098007,0
09:00:11.700,89,49,7,18,120.4809723,22.4527721,3298412,0,1095437,0
09:00:11.824,88,49,6,18,120.4809723,22.4527760,3288075,0,1096000,0
09:00:11.907,88,49,6,18,120.4809723,22.4527760,3278196,0,1096013,0
09:00:12.063,89,49,6,18,120.4809723,22.4527798,3295099,0,1094641,0
09:00:12.113,88,49,6,18,120.4809723,22.4527798,3282784,0,1095840,0
09:00:12.212,88,49,6,18,120.4809723,22.4527798,3281180,0,1095687,0
09:00:12.308,87,49,6,16,120.4809723,22.4527836,3238736,0,1098818,0
09:00:12.407,87,49,6,16,120.4809723,22.4527836,3246017,0,1102198,0
09:00:12.515,87,49,5,17,120.4809723,22.4527855,3246017,0,1102198,0
09:00:12.613,87,49,5,17,120.4809723,22.4527855,3230766,0,1107501,0
09:00:12.722,87,49,5,15,120.4809723,22.4527874,3230766,0,1107501,0
09:00:12.804,87,49,5,15,120.4809723,22.4527874,3231997,0,1107607,0
09:00:12.910,87,50,4,17,120.4809723,22.4527912,3225645,0,1117081,0
09:00:13.008,85,50,4,17,120.4809723,22.4527912,3157190,0,1129764,0
09:00:13.133,84,51,4,17,120.4809723,22.4527912,3128940,0,1143571,0
09:00:13.200,82,52,4,17,120.4809723,22.4527912,3053905,0,1166162,0
09:00:13.328,79,54,4,17,120.4809723,22.4527931,2954663,0,1214051,0
09:00:13.410,75,58,4,17,120.4809723,22.4527931,2816397,0,1299395,0
09:00:13.501,75,58,3,17,120.4809723,22.4527950,2816397,0,1299395,0
09:00:13.616,70,68,3,17,120.4809723,22.4527950,2618888,0,1499578,0
09:00:13.717,70,68,1,17,120.4809723,22.4527969,2618888,0,1499578,0
09:00:13.815,73,69,1,17,120.4809723,22.4527969,2710892,0,1521677,0
09:00:13.903,80,64,0,17,120.4809723,22.4527969,2996717,0,1427003,0
09:00:14.001,89,57,0,17,120.4809723,22.4527969,3304815,0,1265463,0
09:00:14.124,90,55,0,16,120.4809723,22.4527969,3362304,0,1224356,0
09:00:14.207,90,56,0,16,120.4809723,22.4527969,3354738,0,1240966,0
09:00:14.331,90,56,0,17,120.4809723,22.4527969,3363098,0,1253020,0
09:00:14.412,90,56,0,17,120.4809723,22.4527969,3364947,0,1249024,0
09:00:14.524,90,56,0,17,120.4809723,22.4527969,3364947,0,1249024,0
09:00:14.607,90,55,0,17,120.4809723,22.4527969,3360570,0,1236709,0
09:00:14.712,91,55,0,17,120.4809723,22.4527988,3368946,0,1226933,0
09:00:14.812,90,54,0,17,120.4809723,22.4527988,3356312,0,1212565,0
09:00:14.914,91,54,0,17,120.4809723,22.4527988,3373796,0,1197376,0
09:00:15.010,90,53,0,17,120.4809723,22.4527988,3361993,0,1183526,0
09:00:15.115,90,53,0,17,120.4809723,22.4527988,3361993,0,1183526,0
09:00:15.213,90,53,0,17,120.4809723,22.4527988,3335831,0,1181915,0
09:00:15.318,90,53,0,17,120.4809723,22.4527988,3335831,0,1181915,0
09:00:15.400,90,53,0,17,120.4809723,22.4527988,3348409,0,1184420,0
09:00:15.522,90,53,0,16,120.4809723,22.4527988,3337843,0,1185928,0
09:00:15.604,90,53,0,16,120.4809723,22.4527988,3347342,0,1184005,0
09:00:15.726,90,53,0,16,120.4809723,22.4527988,3357250,0,1183938,0
09:00:15.807,90,53,0,16,120.4809723,22.4527988,3352286,0,1186140,0
09:00:15.915,90,53,0,16,120.4809723,22.4527988,3352286,0,1186140,0
09:00:16.013,91,53,0,16,120.4809723,22.4527988,3367618,0,1186263,0
09:00:16.148,91,53,0,16,120.4809723,22.4527988,3367618,0,1186263,0
09:00:16.214,91,53,0,16,120.4809723,22.4527988,3366122,0,1186193,0
09:00:16.313,90,53,0,16,120.4809723,22.4527988,3359463,0,1186293,0
09:00:16.412,90,53,0,16,120.4809723,22.4527988,3348831,0,1185469,0
09:00:16.512,90,53,0,16,120.4809723,22.4528008,3339491,0,1185696,0
09:00:16.612,90,53,0,16,120.4809723,22.4528008,3352680,0,1186468,0
09:00:16.710,90,53,0,16,120.4809723,22.4528008,3352785,0,1186360,0
09:00:16.810,90,53,0,16,120.4809723,22.4528008,3363373,0,1189445,0
09:00:16.912,90,53,0,16,120.4809723,22.4528008,3363373,0,1189445,0
09:00:17.013,90,53,0,16,120.4809723,22.4528008,3364604,0,1187259,0
09:00:17.141,90,53,1,16,120.4809723,22.4528008,3364604,0,1187259,0
09:00:17.200,91,53,1,16,120.4809723,22.4528008,3388127,0,1187096,0
09:00:17.304,91,52,2,16,120.4809723,22.4528008,3400929,0,1160970,0
09:00:17.403,92,51,2,16,120.4809723,22.4528008,3404526,0,1134659,0
09:00:17.523,92,50,3,16,120.4809723,22.4528027,3438255,0,1128792,0
09:00:17.607,93,50,3,16,120.4809723,22.4528027,3449052,0,1119449,0
09:00:17.711,93,50,4,15,120.4809723,22.4528065,3449052,0,1119449,0
09:00:17.808,93,49,4,15,120.4809723,22.4528065,3455300,0,1093356,0
09:00:17.919,93,49,6,16,120.4809723,22.4528084,3455300,0,1093356,0
09:00:18.001,94,48,6,16,120.4809723,22.4528084,3482387,0,1089411,0
09:00:18.159,94,48,7,17,120.4809723,22.4528122,3497378,0,1089637,0
09:00:18.208,94,48,7,17,120.4809723,22.4528122,3492110,0,1082963,0
09:00:18.308,94,48,7,17,120.4809723,22.4528122,3507778,0,1083370,0
09:00:18.451,94,49,10,16,120.4809723,22.4528198,3502304,0,1090439,0
09:00:18.500,95,47,10,16,120.4809723,22.4528198,3544425,0,1063845,0
09:00:18.600,95,48,10,16,120.4809723,22.4528198,3541786,0,1069203,0
09:00:18.765,97,48,13,17,120.4809723,22.4528294,3593958,0,1068947,0
09:00:18.815,97,46,13,17,120.4809723,22.4528294,3597785,0,1044561,0
09:00:18.913,97,47,13,17,120.4809723,22.4528294,3590074,0,1052434,0
09:00:19.063,96,47,16,17,120.4809723,22.4528389,3578052,0,1059868,0
09:00:19.112,96,47,16,17,120.4809723,22.4528389,3583991,0,1059754,0
09:00:19.212,96,47,16,17,120.4809723,22.4528389,3575341,0,1068487,0
09:00:19.339,95,47,19,17,120.4809723,22.4528522,3544147,0,1063464,0
09:00:19.407,95,47,19,17,120.4809723,22.4528522,3544147,0,1063464,0
09:00:19.528,94,47,21,17,120.4809723,22.4528637,3508988,0,1060747,0
09:00:19.612,95,47,21,17,120.4809723,22.4528637,3523028,0,1057248,0
09:00:19.757,94,47,21,17,120.4809723,22.4528732,3498912,0,1063361,0
09:00:19.808,94,47,21,17,120.4809723,22.4528732,3498912,0,1063361,0
09:00:19.936,94,47,21,17,120.4809723,22.4528847,3506166,0,1054694,0
09:00:20.004,93,47,21,17,120.4809723,22.4528847,3466988,0,1054861,0
09:00:20.159,93,47,22,17,120.4809723,22.4528961,3463729,0,1052555,0
09:00:20.210,93,47,22,17,120.4809723,22.4528961,3464247,0,1049504,0
09:00:20.308,93,47,22,17,120.4809723,22.4528961,3457267,0,1051757,0
09:00:20.453,92,47,23,17,120.4809723,22.4529114,3435985,0,1049569,0
09:00:20.504,92,47,23,17,120.4809723,22.4529114,3435985,0,1049569,0
09:00:20.640,93,47,24,16,120.4809723,22.4529247,3439511,0,1056819,0
09:00:20.707,93,46,24,16,120.4809723,22.4529247,3439909,0,1046653,0
09:00:20.807,92,47,24,16,120.4809723,22.4529247,3419340,0,1048337,0
09:00:20.933,92,47,26,16,120.4809723,22.4529438,3426893,0,1049618,0
09:00:21.004,92,46,26,16,120.4809723,22.4529438,3412991,0,1041690,0
09:00:21.155,93,46,26,15,120.4809723,22.4529591,3452683,0,1036900,0
09:00:21.204,93,47,26,15,120.4809723,22.4529591,3442403,0,1047983,0
09:00:21.304,93,46,26,15,120.4809723,22.4529591,3469503,0,1041421,0
09:00:21.448,94,46,28,16,120.4809723,22.4529800,3481037,0,1029708,0
09:00:21.513,94,46,28,16,120.4809723,22.4529800,3481037,0,1029708,0
09:00:21.624,94,46,29,17,120.4809723,22.4529953,3476226,0,1028594,0
09:00:21.707,94,46,29,17,120.4809723,22.4529953,3479197,0,1026555,0
09:00:21.834,93,46,31,17,120.4809723,22.4530087,3474436,0,1033138,0
09:00:21.900,93,47,31,17,120.4809723,22.4530087,3465072,0,1047909,0
09:00:22.052,94,46,32,16,120.4809723,22.4530277,3477691,0,1041505,0
09:00:22.100,94,46,32,16,120.4809723,22.4530277,3477691,0,1041505,0
09:00:22.215,94,46,32,16,120.4809723,22.4530277,3498186,0,1026849,0
09:00:22.336,94,46,33,16,120.4809723,22.4530525,3498186,0,1026849,0
09:00:22.403,93,46,33,16,120.4809723,22.4530525,3462770,0,1030441,0
09:00:22.513,93,46,35,17,120.4809570,22.4530697,3466114,0,1033492,0
09:00:22.612,92,45,35,17,120.4809570,22.4530697,3421375,0,1019239,0
09:00:22.744,92,45,35,17,120.4809570,22.4530888,3412527,0,1009098,0
09:00:22.810,92,45,35,17,120.4809570,22.4530888,3436707,0,1018710,0
09:00:22.903,92,45,36,17,120.4809570,22.4531059,3436707,0,1018710,0
09:00:23.003,92,47,36,17,120.4809570,22.4531059,3432550,0,1050519,0
09:00:23.139,92,47,37,17,120.4809570,22.4531231,3425159,0,1049446,0
09:00:23.210,92,47,37,17,120.4809570,22.4531231,3425159,0,1049446,0
09:00:23.310,92,47,37,17,120.4809570,22.4531231,3429360,0,1053355,0
09:00:23.453,92,47,37,17,120.4809570,22.4531517,3417577,0,1049229,0
09:00:23.504,92,46,37,17,120.4809570,22.4531517,3434959,0,1045529,0
09:00:23.644,92,45,37,18,120.4809570,22.4531708,3416758,0,1025599,0
09:00:23.710,92,47,37,18,120.4809570,22.4531708,3423579,0,1051810,0
09:00:23.808,92,47,37,18,120.4809570,22.4531708,3415186,0,1047699,0
09:00:23.940,91,45,38,18,120.4809570,22.4531994,3385395,0,1022351,0
09:00:24.005,91,44,38,18,120.4809570,22.4531994,3390571,0,1000788,0
09:00:24.104,91,44,38,18,120.4809570,22.4531994,3371103,0,1001859,0
09:00:24.245,91,45,39,18,120.4809570,22.4532299,3382040,0,1019579,0
09:00:24.310,91,45,39,18,120.4809570,22.4532299,3382040,0,1019579,0
09:00:24.414,91,45,39,18,120.4809570,22.4532490,3395050,0,1025164,0
09:00:24.503,92,46,39,18,120.4809570,22.4532490,3405776,0,1032289,0
09:00:24.637,92,45,40,18,120.4809570,22.4532700,3413666,0,1024623,0
09:00:24.703,92,45,40,18,120.4809570,22.4532700,3409631,0,1019861,0
09:00:24.803,92,45,40,18,120.4809570,22.4532700,3406157,0,1016668,0
09:00:24.954,91,46,41,18,120.4809570,22.4533005,3401507,0,1029916,0
09:00:25.012,91,46,41,18,120.4809570,22.4533005,3401507,0,1029916,0
09:00:25.127,91,46,41,18,120.4809570,22.4533215,3384777,0,1043854,0
09:00:25.214,91,46,41,18,120.4809570,22.4533215,3388952,0,1044946,0
09:00:25.312,91,45,41,18,120.4809570,22.4533215,3380880,0,1025251,0
09:00:25.421,92,45,42,18,120.4809494,22.4533539,3403913,0,1025087,0
09:00:25.500,91,46,42,18,120.4809494,22.4533539,3378109,0,1032246,0
09:00:25.632,91,45,42,18,120.4809494,22.4533749,3389310,0,1023383,0
09:00:25.714,91,46,42,18,120.4809494,22.4533749,3396131,0,1041534,0
09:00:25.812,92,47,42,18,120.4809494,22.4533749,3406481,0,1048073,0
09:00:25.950,92,46,42,18,120.4809494,22.4534073,3406262,0,1037973,0
09:00:26.016,91,45,42,18,120.4809494,22.4534073,3396039,0,1009682,0
09:00:26.128,91,45,44,18,120.4809494,22.4534283,3383844,0,1010871,0
09:00:26.210,91,46,44,18,120.4809494,22.4534283,3391191,0,1033521,0
09:00:26.308,92,45,44,18,120.4809494,22.4534283,3406108,0,1019732,0
09:00:26.461,91,45,44,18,120.4809494,22.4534626,3399880,0,1018617,0
09:00:26.504,91,45,44,18,120.4809494,22.4534626,3399880,0,1018617,0
09:00:26.632,91,46,45,18,120.4809494,22.4534855,3369198,0,1027035,0
09:00:26.714,91,46,45,18,120.4809494,22.4534855,3395096,0,1031948,0
09:00:26.812,91,46,45,18,120.4809494,22.4534855,3381829,0,1033286,0
09:00:26.913,91,47,45,18,120.4809494,22.4535198,3392904,0,1065739,0
09:00:27.012,91,45,45,18,120.4809494,22.4535198,3402051,0,1018866,0
09:00:27.194,91,46,45,18,120.4809494,22.4535427,3374927,0,1044808,0
09:00:27.212,91,46,45,18,120.4809494,22.4535427,3374927,0,1044808,0
09:00:27.310,91,46,45,18,120.4809494,22.4535427,3382256,0,1031090,0
09:00:27.413,91,46,46,18,120.4809494,22.4535770,3382256,0,1031090,0
09:00:27.513,91,46,46,18,120.4809494,22.4535770,3395097,0,1046680,0
09:00:27.675,91,46,47,18,120.4809494,22.4536018,3395097,0,1046680,0
09:00:27.708,91,45,47,18,120.4809494,22.4536018,3401061,0,1024846,0
09:00:27.812,92,46,47,18,120.4809341,22.4536247,3407728,0,1040855,0
09:00:27.910,91,45,47,18,120.4809341,22.4536247,3387211,0,1025345,0
09:00:28.088,92,45,47,18,120.4809341,22.4536495,3408175,0,1022777,0
09:00:28.105,92,45,47,18,120.4809341,22.4536495,3408175,0,1022777,0
09:00:28.204,92,46,47,18,120.4809341,22.4536495,3422847,0,1043126,0
09:00:28.362,93,48,48,18,120.4809341,22.4536839,3448435,0,1084314,0
09:00:28.411,93,48,48,18,120.4809341,22.4536839,3448435,0,1084314,0
09:00:28.510,94,49,48,18,120.4809341,22.4536839,3477056,0,1091678,0
09:00:28.613,93,46,49,18,120.4809341,22.4537220,3448362,0,1043756,0
09:00:28.713,93,47,49,18,120.4809341,22.4537220,3443037,0,1065312,0
09:00:28.878,93,46,50,18,120.4809341,22.4537468,3444790,0,1043421,0
09:00:28.912,95,49,50,18,120.4809341,22.4537468,3540657,0,1090911,0
09:00:29.029,96,50,51,18,120.4809341,22.4537735,3563032,0,1112448,0
09:00:29.104,96,50,51,18,120.4809341,22.4537735,3563032,0,1112448,0
09:00:29.202,95,46,51,18,120.4809341,22.4537735,3530734,0,1036861,0
09:00:29.302,95,46,54,18,120.4809341,22.4538136,3530734,0,1036861,0
09:00:29.401,97,46,54,18,120.4809341,22.4538136,3599875,0,1029202,0
09:00:29.552,97,46,56,18,120.4809341,22.4538422,3599875,0,1029202,0
09:00:29.602,95,48,56,18,120.4809341,22.4538422,3547597,0,1082939,0
09:00:29.730,92,45,58,18,120.4809189,22.4538708,3427737,0,1014842,0
09:00:29.801,92,45,58,18,120.4809189,22.4538708,3427737,0,1014842,0
09:00:29.958,94,48,59,18,120.4809189,22.4539013,3480245,0,1081301,0
09:00:30.008,94,48,59,18,120.4809189,22.4539013,3480245,0,1081301,0
09:00:30.107,93,48,59,18,120.4809189,22.4539013,3460444,0,1082450,0
09:00:30.207,93,51,62,17,120.4809189,22.4539452,3472811,0,1136784,0
09:00:30.305,95,55,62,17,120.4809189,22.4539452,3529392,0,1218137,0
09:00:30.435,95,55,62,17,120.4809189,22.4539776,3529392,0,1218137,0
09:00:30.512,94,50,62,17,120.4809189,22.4539776,3502615,0,1114347,0
09:00:30.622,91,48,63,17,120.4809189,22.4540100,3398098,0,1074219,0
09:00:30.706,90,48,63,17,120.4809189,22.4540100,3341196,0,1074821,0
09:00:30.834,90,48,64,17,120.4809189,22.4540424,3341196,0,1074821,0
09:00:30.901,93,55,64,17,120.4809189,22.4540424,3452676,0,1223452,0
09:00:31.015,91,51,65,17,120.4809113,22.4540730,3370898,0,1152023,0
09:00:31.113,79,49,65,17,120.4809113,22.4540730,2955607,0,1106135,0
09:00:31.212,80,50,65,17,120.4809113,22.4540730,2992146,0,1127329,0
09:00:31.379,82,50,63,17,120.4809113,22.4541225,3057153,0,1118733,0
09:00:31.413,82,50,63,17,120.4809113,22.4541225,3057153,0,1118733,0
09:00:31.522,81,50,62,17,120.4809113,22.4541531,3002386,0,1119555,0
09:00:31.606,80,48,62,17,120.4809113,22.4541531,2986025,0,1073591,0
09:00:31.710,80,48,60,17,120.4809113,22.4541855,2986025,0,1073591,0
09:00:31.809,81,49,60,17,120.4809113,22.4541855,3010036,0,1111017,0
09:00:31.922,81,49,59,17,120.4809113,22.4542160,3010036,0,1111017,0
09:00:32.004,80,47,59,17,120.4809113,22.4542160,2990968,0,1063715,0
09:00:32.153,82,49,57,17,120.4809113,22.4542446,3058129,0,1090100,0
09:00:32.203,82,50,57,17,120.4809113,22.4542446,3061672,0,1127369,0
09:00:32.303,83,49,57,17,120.4809113,22.4542446,3075899,0,1101807,0
09:00:32.443,85,48,56,17,120.4809113,22.4542885,3163343,0,1082465,0
09:00:32.509,89,49,56,17,120.4809113,22.4542885,3320686,0,1091134,0
09:00:32.639,91,48,56,17,120.4808960,22.4543171,3402005,0,1085332,0
09:00:32.705,91,48,56,17,120.4808960,22.4543171,3402005,0,1085332,0
09:00:32.832,90,50,58,17,120.4808960,22.4543457,3360637,0,1112434,0
09:00:32.916,84,48,58,17,120.4808960,22.4543457,3118206,0,1085236,0
09:00:33.054,81,48,57,17,120.4808960,22.4543743,3023393,0,1077103,0
09:00:33.102,82,49,57,17,120.4808960,22.4543743,3043346,0,1097152,0
09:00:33.201,81,49,57,17,120.4808960,22.4543743,3024276,0,1105964,0
09:00:33.328,80,48,55,17,120.4808960,22.4544182,2997526,0,1073209,0
09:00:33.410,80,47,55,17,120.4808960,22.4544182,2996268,0,1066749,0
09:00:33.539,80,50,54,18,120.4808960,22.4544449,2998819,0,1128969,0
09:00:33.605,80,50,54,18,120.4808960,22.4544449,2998819,0,1128969,0
09:00:33.733,81,50,52,18,120.4808960,22.4544697,3001158,0,1112279,0
09:00:33.800,81,49,52,18,120.4808960,22.4544697,3003307,0,1107804,0
09:00:33.929,80,50,51,18,120.4808807,22.4544983,2991954,0,1114594,0
09:00:34.010,80,48,51,18,120.4808807,22.4544983,2966127,0,1082517,0
09:00:34.158,80,46,49,17,120.4808807,22.4545212,2979176,0,1045972,0
09:00:34.208,83,48,49,17,120.4808807,22.4545212,3077468,0,1079826,0
09:00:34.307,86,46,49,17,120.4808807,22.4545212,3195597,0,1045755,0
09:00:34.440,87,46,49,18,120.4808807,22.4545593,3245303,0,1039965,0
09:00:34.512,87,46,49,18,120.4808807,22.4545593,3245303,0,1039965,0
09:00:34.622,89,46,49,18,120.4808731,22.4545822,3297831,0,1031223,0
09:00:34.704,91,44,49,18,120.4808731,22.4545822,3390677,0,993670,0
09:00:34.833,91,45,51,18,120.4808578,22.4546070,3395415,0,1006930,0
09:00:34.900,92,46,51,18,120.4808578,22.4546070,3434845,0,1044761,0
09:00:35.039,92,45,53,18,120.4808578,22.4546318,3423909,0,1022846,0
09:00:35.104,92,45,53,18,120.4808578,22.4546318,3423909,0,1022846,0
09:00:35.203,91,46,53,18,120.4808578,22.4546318,3393209,0,1027621,0
09:00:35.344,91,46,55,18,120.4808350,22.4546680,3393209,0,1027621,0
09:00:35.410,92,45,55,18,120.4808350,22.4546680,3407154,0,1013676,0
09:00:35.538,93,46,55,18,120.4808197,22.4546947,3451548,0,1031398,0
09:00:35.604,92,44,55,18,120.4808197,22.4546947,3430496,0,1003924,0
09:00:35.712,92,44,57,18,120.4808044,22.4547195,3411827,0,996512,0
09:00:35.810,92,45,57,18,120.4808044,22.4547195,3431462,0,1015223,0
09:00:35.953,92,45,58,18,120.4807968,22.4547443,3422746,0,1007935,0
09:00:36.002,92,45,58,18,120.4807968,22.4547443,3422746,0,1007935,0
09:00:36.103,96,48,58,18,120.4807968,22.4547443,3550294,0,1071162,0
09:00:36.244,96,48,60,18,120.4807663,22.4547825,3550294,0,1071162,0
09:00:36.310,96,50,60,18,120.4807663,22.4547825,3566194,0,1112213,0
09:00:36.441,97,48,61,18,120.4807434,22.4548073,3617752,0,1081903,0
09:00:36.507,99,47,61,18,120.4807434,22.4548073,3667476,0,1062004,0
09:00:36.618,99,48,64,18,120.4807281,22.4548340,3659170,0,1075875,0
09:00:36.701,100,48,64,18,120.4807281,22.4548340,3724408,0,1086143,0
09:00:36.827,100,48,67,18,120.4807053,22.4548607,3724408,0,1086143,0
09:00:36.910,100,48,67,18,120.4807053,22.4548607,3723233,0,1070205,0
09:00:37.047,100,48,70,18,120.4806747,22.4548874,3713031,0,1080296,0
09:00:37.113,100,47,70,18,120.4806747,22.4548874,3732563,0,1062346,0
09:00:37.212,100,47,70,18,120.4806747,22.4548874,3725776,0,1067831,0
09:00:37.339,100,47,74,18,120.4806366,22.4549332,3732895,0,1061799,0
09:00:37.404,100,48,74,18,120.4806366,22.4549332,3750466,0,1088466,0
09:00:37.533,100,49,77,18,120.4806290,22.4549637,3716833,0,1095616,0
09:00:37.601,99,47,77,18,120.4806290,22.4549637,3672108,0,1047785,0
09:00:37.732,99,47,79,18,120.4805984,22.4549961,3672108,0,1047785,0
09:00:37.800,95,48,79,18,120.4805984,22.4549961,3538706,0,1080636,0
09:00:37.922,85,49,82,18,120.4805756,22.4550266,3168451,0,1097197,0
09:00:38.008,82,49,82,18,120.4805756,22.4550266,3047937,0,1098488,0
09:00:38.107,80,51,82,18,120.4805756,22.4550266,3000167,0,1136913,0
09:00:38.247,80,49,78,18,120.4805374,22.4550762,2991238,0,1100273,0
09:00:38.312,77,50,78,18,120.4805374,22.4550762,2886614,0,1114114,0
09:00:38.442,72,58,77,18,120.4805145,22.4551086,2696135,0,1282738,0
09:00:38.508,72,58,77,18,120.4805145,22.4551086,2696135,0,1282738,0
09:00:38.635,68,61,75,18,120.4804840,22.4551392,2529499,0,1360051,0
09:00:38.700,62,63,75,18,120.4804840,22.4551392,2329285,0,1392798,0
09:00:38.813,62,60,72,18,120.4804611,22.4551697,2326351,0,1330093,0
09:00:38.912,69,62,72,18,120.4804611,22.4551697,2575316,0,1384601,0
09:00:39.043,68,62,69,18,120.4804382,22.4551983,2561425,0,1385705,0
09:00:39.108,69,60,69,18,120.4804382,22.4551983,2576101,0,1342330,0
09:00:39.208,69,61,69,18,120.4804382,22.4551983,2593129,0,1346871,0
09:00:39.303,70,60,65,18,120.4804077,22.4552402,2612864,0,1332891,0
09:00:39.413,75,58,65,18,120.4804077,22.4552402,2812308,0,1294025,0
09:00:39.532,75,58,63,18,120.4803848,22.4552670,2812308,0,1294025,0
09:00:39.615,77,55,63,18,120.4803848,22.4552670,2864489,0,1220615,0
09:00:39.725,78,52,61,18,120.4803696,22.4552937,2895373,0,1162523,0
09:00:39.807,78,50,61,18,120.4803696,22.4552937,2891604,0,1125174,0
09:00:39.918,78,50,60,18,120.4803619,22.4553204,2917537,0,1118609,0
09:00:40.000,77,49,60,18,120.4803619,22.4553204,2887602,0,1102896,0
09:00:40.128,77,47,58,18,120.4803314,22.4553452,2870524,0,1063157,0
09:00:40.203,77,47,58,18,120.4803314,22.4553452,2870524,0,1063157,0
09:00:40.303,79,47,58,18,120.4803314,22.4553452,2936926,0,1068458,0
09:00:40.444,79,47,56,18,120.4803238,22.4553833,2936926,0,1068458,0
09:00:40.510,80,47,56,18,120.4803238,22.4553833,2975518,0,1049728,0
09:00:40.627,81,46,56,18,120.4803085,22.4554100,3023772,0,1046533,0
09:00:40.710,81,46,56,18,120.4803085,22.4554100,3035532,0,1036357,0
09:00:40.852,82,46,55,18,120.4802933,22.4554348,3057273,0,1043222,0
09:00:40.902,82,46,55,18,120.4802933,22.4554348,3057273,0,1043222,0
09:00:41.038,82,45,55,18,120.4802780,22.4554615,3069225,0,1023759,0
09:00:41.104,83,45,55,18,120.4802780,22.4554615,3077705,0,1014803,0
09:00:41.216,83,45,55,18,120.4802704,22.4554882,3093248,0,1011299,0
09:00:41.300,83,43,55,18,120.4802704,22.4554882,3106004,0,981452,0
09:00:41.429,83,43,55,18,120.4802551,22.4555149,3109373,0,979027,0
09:00:41.513,85,44,55,18,120.4802551,22.4555149,3158161,0,987905,0
09:00:41.634,85,44,55,18,120.4802551,22.4555416,3158161,0,987905,0
09:00:41.701,86,45,55,18,120.4802551,22.4555416,3189749,0,1010453,0
09:00:41.802,85,43,55,18,120.4802399,22.4555702,3155727,0,982486,0
09:00:41.904,85,43,55,18,120.4802399,22.4555702,3163559,0,975498,0
09:00:42.070,85,43,55,18,120.4802399,22.4555969,3160387,0,974119,0
09:00:42.103,85,43,55,18,120.4802399,22.4555969,3151707,0,977433,0
09:00:42.202,84,41,55,18,120.4802399,22.4555969,3113242,0,936764,0
09:00:42.308,83,40,55,18,120.4802399,22.4556408,3101058,0,918642,0
09:00:42.407,84,41,55,18,120.4802399,22.4556408,3115846,0,934175,0
09:00:42.533,84,42,56,18,120.4802399,22.4556675,3127848,0,944066,0
09:00:42.615,85,43,56,18,120.4802399,22.4556675,3161523,0,964371,0
09:00:42.735,85,43,56,18,120.4802399,22.4556961,3161523,0,964371,0
09:00:42.801,85,43,56,18,120.4802399,22.4556961,3166852,0,973148,0
09:00:42.909,85,42,56,18,120.4802551,22.4557228,3179387,0,951208,0
09:00:43.008,86,43,56,18,120.4802551,22.4557228,3196949,0,967055,0
09:00:43.145,86,42,57,18,120.4802551,22.4557514,3189140,0,962068,0
09:00:43.210,86,41,57,18,120.4802551,22.4557514,3220013,0,933943,0
09:00:43.308,86,41,57,18,120.4802551,22.4557514,3218250,0,938205,0
09:00:43.426,87,42,58,18,120.4802704,22.4557934,3249571,0,942600,0
09:00:43.507,87,43,58,18,120.4802704,22.4557934,3245393,0,973789,0
09:00:43.613,87,43,58,18,120.4802780,22.4558201,3245393,0,973789,0
09:00:43.712,88,42,58,18,120.4802780,22.4558201,3263947,0,955296,0
09:00:43.818,88,42,59,18,120.4802933,22.4558487,3263947,0,955296,0
09:00:43.901,89,44,59,18,120.4802933,22.4558487,3293860,0,999593,0
09:00:44.055,89,44,60,18,120.4803085,22.4558754,3294340,0,984585,0
09:00:44.104,89,43,60,18,120.4803085,22.4558754,3296481,0,964801,0
09:00:44.203,88,42,60,18,120.4803085,22.4558754,3291725,0,954250,0
09:00:44.344,89,43,61,18,120.4803314,22.4559155,3303884,0,975614,0
09:00:44.410,88,42,61,18,120.4803314,22.4559155,3274001,0,960155,0
09:00:44.532,88,42,62,18,120.4803619,22.4559402,3274001,0,960155,0
09:00:44.616,88,43,62,18,120.4803619,22.4559402,3285717,0,967382,0
09:00:44.720,88,43,63,18,120.4803696,22.4559669,3279495,0,977206,0
09:00:44.801,87,43,63,18,120.4803696,22.4559669,3230661,0,965320,0
09:00:44.916,86,43,63,18,120.4803696,22.4559669,3214976,0,971516,0
09:00:45.052,86,43,63,18,120.4804077,22.4560032,3214976,0,971516,0
09:00:45.103,86,43,63,18,120.4804077,22.4560032,3216568,0,973223,0
09:00:45.232,86,42,63,18,120.4804382,22.4560280,3186359,0,961597,0
09:00:45.300,86,42,63,18,120.4804382,22.4560280,3186359,0,961597,0
09:00:45.415,85,43,63,18,120.4804459,22.4560490,3171396,0,963464,0
09:00:45.513,85,41,63,18,120.4804459,22.4560490,3164019,0,930186,0
09:00:45.635,85,40,63,18,120.4804764,22.4560699,3165750,0,914296,0
09:00:45.701,86,41,63,18,120.4804764,22.4560699,3202586,0,922827,0
09:00:45.832,87,42,64,18,120.4805145,22.4560909,3243146,0,956407,0
09:00:45.900,87,42,64,18,120.4805145,22.4560909,3243146,0,956407,0
09:00:46.052,89,43,65,18,120.4805374,22.4561081,3312693,0,982608,0
09:00:46.102,89,43,65,18,120.4805374,22.4561081,3312693,0,982608,0
09:00:46.200,89,43,65,18,120.4805374,22.4561081,3306215,0,982374,0
09:00:46.307,88,42,66,18,120.4805756,22.4561367,3257574,0,957920,0
09:00:46.405,89,43,66,18,120.4805756,22.4561367,3321570,0,972446,0
09:00:46.514,92,44,67,18,120.4806137,22.4561520,3413976,0,999999,0
09:00:46.610,92,43,67,18,120.4806137,22.4561520,3417873,0,972142,0
09:00:46.704,92,43,68,18,120.4806366,22.4561672,3417873,0,972142,0
09:00:46.803,92,44,68,18,120.4806366,22.4561672,3415706,0,989760,0
09:00:46.941,92,44,70,18,120.4806747,22.4561825,3415706,0,989760,0
09:00:47.000,92,43,70,18,120.4806747,22.4561825,3407350,0,976060,0
09:00:47.134,91,43,71,18,120.4807205,22.4561977,3388650,0,971147,0
09:00:47.200,91,43,71,18,120.4807205,22.4561977,3391164,0,966155,0
09:00:47.300,91,43,71,18,120.4807205,22.4561977,3401947,0,971090,0
09:00:47.445,91,43,73,18,120.4807663,22.4562149,3370862,0,976487,0
09:00:47.510,90,41,73,18,120.4807663,22.4562149,3334094,0,924418,0
09:00:47.604,90,41,74,18,120.4808044,22.4562244,3334094,0,924418,0
09:00:47.703,92,42,74,18,120.4808044,22.4562244,3414503,0,953283,0
09:00:47.844,92,42,75,18,120.4808426,22.4562340,3414503,0,953283,0
09:00:47.910,93,40,75,18,120.4808426,22.4562340,3450039,0,908322,0
09:00:48.010,93,40,75,18,120.4808426,22.4562340,3463380,0,899171,0
09:00:48.114,94,40,77,18,120.4808960,22.4562397,3501081,0,902923,0
09:00:48.213,97,44,77,18,120.4808960,22.4562397,3602520,0,1003359,0
09:00:48.352,98,45,80,18,120.4809570,22.4562492,3643681,0,1020785,0
09:00:48.402,95,39,80,18,120.4809570,22.4562492,3544845,0,897289,0
09:00:48.500,96,38,80,18,120.4809570,22.4562492,3557653,0,873627,0
09:00:48.642,97,41,84,18,120.4810257,22.4562550,3607930,0,924660,0
09:00:48.708,97,41,84,18,120.4810257,22.4562550,3589864,0,939397,0
09:00:48.815,97,41,86,18,120.4810638,22.4562569,3589864,0,939397,0
09:00:48.913,96,45,86,18,120.4810638,22.4562569,3581908,0,1010987,0
09:00:49.047,99,50,88,18,120.4811172,22.4562569,3666814,0,1125351,0
09:00:49.113,96,38,88,18,120.4811172,22.4562569,3570268,0,868514,0
09:00:49.213,98,41,88,18,120.4811172,22.4562569,3648661,0,930041,0
09:00:49.334,96,37,93,18,120.4811935,22.4562531,3570257,0,850654,0
09:00:49.400,100,54,93,18,120.4811935,22.4562531,3735744,0,1201932,0
09:00:49.534,100,54,95,18,120.4812393,22.4562492,3735744,0,1201932,0
09:00:49.601,99,51,95,18,120.4812393,22.4562492,3665369,0,1143204,0
09:00:49.728,97,46,97,18,120.4812927,22.4562473,3593832,0,1026604,0
09:00:49.810,96,45,97,18,120.4812927,22.4562473,3563498,0,1022969,0
09:00:49.938,96,44,99,18,120.4813461,22.4562416,3556192,0,988570,0
09:00:50.004,100,48,99,18,120.4813461,22.4562416,3694827,0,1088369,0
09:00:50.149,98,44,101,18,120.4813919,22.4562340,3653940,0,992919,0
09:00:50.200,98,44,101,18,120.4813919,22.4562340,3653940,0,992919,0
09:00:50.328,98,41,103,18,120.4814606,22.4562263,3643591,0,938889,0
09:00:50.410,97,49,103,18,120.4814606,22.4562263,3595761,0,1092799,0
09:00:50.539,96,47,106,18,120.4815140,22.4562168,3580681,0,1059446,0
09:00:50.605,96,47,106,18,120.4815140,22.4562168,3580681,0,1059446,0
09:00:50.732,98,47,107,18,120.4815598,22.4562073,3644003,0,1065240,0
09:00:50.816,96,45,107,18,120.4815598,22.4562073,3582804,0,1016873,0
09:00:50.929,97,43,109,18,120.4816284,22.4561958,3607889,0,977592,0
09:00:51.012,98,47,109,18,120.4816284,22.4561958,3627483,0,1062685,0
09:00:51.125,96,45,111,18,120.4816742,22.4561825,3559711,0,1016785,0
09:00:51.207,98,47,111,18,120.4816742,22.4561825,3641209,0,1051624,0
09:00:51.307,98,48,111,18,120.4816742,22.4561825,3631019,0,1074763,0
09:00:51.425,98,48,114,18,120.4817657,22.4561596,3631019,0,1074763,0
09:00:51.507,98,47,114,18,120.4817657,22.4561596,3652277,0,1053950,0
09:00:51.616,98,46,116,18,120.4818268,22.4561443,3656354,0,1041818,0
09:00:51.714,98,46,116,18,120.4818268,22.4561443,3626668,0,1026509,0
09:00:51.824,97,47,118,18,120.4818954,22.4561272,3609730,0,1052662,0
09:00:51.907,100,49,118,18,120.4818954,22.4561272,3723276,0,1099617,0
09:00:52.049,100,51,120,18,120.4819565,22.4561081,3744143,0,1142297,0
09:00:52.100,100,51,120,18,120.4819565,22.4561081,3744143,0,1142297,0
09:00:52.200,100,50,120,18,120.4819565,22.4561081,3806986,0,1122069,0
09:00:52.342,100,50,124,18,120.4820480,22.4560814,3806986,0,1122069,0
09:00:52.409,100,48,124,18,120.4820480,22.4560814,3876596,0,1072863,0
09:00:52.544,100,47,128,18,120.4821091,22.4560604,3790186,0,1059465,0
09:00:52.609,100,47,128,18,120.4821091,22.4560604,3920311,0,1057425,0
09:00:52.718,100,47,131,18,120.4821777,22.4560394,3920311,0,1057425,0
09:00:52.801,100,51,131,18,120.4821777,22.4560394,3846506,0,1141266,0
09:00:52.936,100,59,134,18,120.4822540,22.4560184,3842672,0,1306593,0
09:00:53.003,100,52,134,18,120.4822540,22.4560184,3799128,0,1155765,0
09:00:53.138,99,53,137,18,120.4823151,22.4559975,3673619,0,1176341,0
09:00:53.204,93,48,137,18,120.4823151,22.4559975,3453371,0,1078812,0
09:00:53.303,91,49,137,18,120.4823151,22.4559975,3394044,0,1102600,0
09:00:53.468,87,48,139,18,120.4824219,22.4559650,3245776,0,1078867,0
09:00:53.502,87,48,139,18,120.4824219,22.4559650,3245776,0,1078867,0
09:00:53.645,78,48,139,17,120.4824982,22.4559422,2909415,0,1078661,0
09:00:53.710,63,65,139,17,120.4824982,22.4559422,2377723,0,1449938,0
09:00:53.842,48,78,135,17,120.4825592,22.4559193,1812011,0,1707620,0
09:00:53.909,45,83,135,17,120.4825592,22.4559193,1691978,0,1830888,0
09:00:54.039,44,84,129,18,120.4826355,22.4558983,1676465,0,1835612,0
09:00:54.107,44,80,129,18,120.4826355,22.4558983,1653292,0,1760079,0
09:00:54.207,44,81,129,18,120.4826355,22.4558983,1664516,0,1777588,0
09:00:54.349,44,82,120,17,120.4827271,22.4558697,1667764,0,1795173,0
09:00:54.400,44,82,120,17,120.4827271,22.4558697,1667764,0,1795173,0
09:00:54.523,43,83,115,18,120.4827881,22.4558506,1649484,0,1821333,0
09:00:54.605,43,84,115,18,120.4827881,22.4558506,1631710,0,1839566,0
09:00:54.765,43,85,111,18,120.4828415,22.4558334,1636907,0,1861754,0
09:00:54.814,43,83,111,18,120.4828415,22.4558334,1649887,0,1820552,0
09:00:54.912,46,80,111,18,120.4828415,22.4558334,1740770,0,1757685,0
09:00:55.056,50,78,104,17,120.4829330,22.4558086,1898724,0,1711505,0
09:00:55.107,54,77,104,17,120.4829330,22.4558086,2050790,0,1684874,0
09:00:55.206,55,76,104,17,120.4829330,22.4558086,2078898,0,1667839,0
09:00:55.328,55,76,97,18,120.4830093,22.4557838,2078898,0,1667839,0
09:00:55.410,55,75,97,18,120.4830093,22.4557838,2080954,0,1649833,0
09:00:55.542,55,75,93,18,120.4830475,22.4557705,2082839,0,1653902,0
09:00:55.609,57,74,93,18,120.4830475,22.4557705,2146633,0,1625324,0
09:00:55.742,58,72,88,18,120.4831009,22.4557533,2162851,0,1578981,0
09:00:55.809,59,71,88,18,120.4831009,22.4557533,2219351,0,1571672,0
09:00:55.929,59,71,85,18,120.4831390,22.4557400,2219351,0,1571672,0
09:00:56.013,61,70,85,18,120.4831390,22.4557400,2300005,0,1547453,0
09:00:56.113,70,60,85,18,120.4831390,22.4557400,2622198,0,1340560,0
09:00:56.254,70,60,80,18,120.4832001,22.4557190,2622198,0,1340560,0
09:00:56.304,73,56,80,18,120.4832001,22.4557190,2724193,0,1257370,0
09:00:56.432,74,53,79,18,120.4832535,22.4557037,2776553,0,1185645,0
09:00:56.514,75,51,79,18,120.4832535,22.4557037,2803709,0,1146680,0
09:00:56.607,75,51,77,18,120.4832916,22.4556904,2803709,0,1146680,0
09:00:56.707,74,46,77,18,120.4832916,22.4556904,2749341,0,1036252,0
09:00:56.803,74,46,75,18,120.4833145,22.4556751,2749341,0,1036252,0
09:00:56.901,74,46,75,18,120.4833145,22.4556751,2754897,0,1045065,0
09:00:57.048,75,47,73,18,120.4833527,22.4556580,2812983,0,1067535,0
09:00:57.114,75,46,73,18,120.4833527,22.4556580,2795454,0,1030168,0
09:00:57.242,76,43,71,18,120.4833908,22.4556408,2835521,0,972149,0
09:00:57.310,80,45,71,18,120.4833908,22.4556408,2968468,0,1014966,0
09:00:57.437,80,45,70,18,120.4834290,22.4556217,2968468,0,1014966,0
09:00:57.504,82,44,70,18,120.4834290,22.4556217,3050507,0,1005033,0
09:00:57.632,84,43,70,18,120.4834595,22.4556026,3119849,0,962967,0
09:00:57.714,88,42,70,18,120.4834595,22.4556026,3263738,0,958816,0
09:00:57.819,90,44,71,18,120.4834824,22.4555817,3342501,0,1003017,0
09:00:57.901,89,42,71,18,120.4834824,22.4555817,3316390,0,959867,0
09:00:58.050,89,42,72,18,120.4835205,22.4555588,3311168,0,956804,0
09:00:58.100,89,42,72,18,120.4835205,22.4555588,3311168,0,956804,0
09:00:58.200,89,44,72,18,120.4835205,22.4555588,3306514,0,985028,0
09:00:58.354,88,44,74,18,120.4835587,22.4555225,3266243,0,991627,0
09:00:58.404,88,44,74,18,120.4835587,22.4555225,3266243,0,991627,0
09:00:58.503,84,44,74,18,120.4835587,22.4555225,3126382,0,1003660,0
09:00:58.644,84,44,74,18,120.4835968,22.4554825,3126382,0,1003660,0
09:00:58.710,83,43,74,18,120.4835968,22.4554825,3095559,0,979280,0
09:00:58.830,84,44,73,18,120.4836349,22.4554539,3135535,0,1003933,0
09:00:58.913,83,44,73,18,120.4836349,22.4554539,3097185,0,1000726,0
09:00:59.045,81,44,73,18,120.4836578,22.4554253,3036587,0,993555,0
09:00:59.110,80,41,73,18,120.4836578,22.4554253,2981531,0,937374,0
09:00:59.209,80,42,73,18,120.4836578,22.4554253,2990461,0,942542,0
09:00:59.334,80,42,72,18,120.4836884,22.4553814,2990461,0,942542,0
09:00:59.401,79,43,72,18,120.4836884,22.4553814,2940538,0,982018,0
09:00:59.539,79,41,72,18,120.4837112,22.4553509,2950684,0,934160,0
09:00:59.604,81,45,72,18,120.4837112,22.4553509,3017217,0,1006912,0
09:00:59.733,79,42,71,18,120.4837265,22.4553185,2948370,0,944353,0
09:00:59.800,79,42,71,18,120.4837265,22.4553185,2948370,0,944353,0
09:00:59.915,80,40,71,18,120.4837494,22.4552860,2975285,0,916960,0
09:01:00.008,81,43,71,18,120.4837494,22.4552860,3029105,0,971969,0
09:01:00.107,82,43,71,18,120.4837494,22.4552860,3054960,0,971424,0
09:01:00.247,82,43,70,17,120.4837723,22.4552383,3055228,0,963999,0
09:01:00.313,81,41,70,17,120.4837723,22.4552383,3002910,0,938727,0
09:01:00.420,81,41,70,17,120.4837875,22.4552040,3013493,0,927620,0
09:01:00.503,83,43,70,17,120.4837875,22.4552040,3098997,0,970416,0
09:01:00.612,83,43,70,17,120.4838028,22.4551716,3098997,0,970416,0
09:01:00.713,82,41,70,17,120.4838028,22.4551716,3072141,0,926681,0
09:01:00.825,82,41,70,17,120.4838028,22.4551373,3072141,0,926681,0
09:01:00.908,84,43,70,17,120.4838028,22.4551373,3128984,0,977134,0
09:01:01.047,85,43,70,17,120.4838181,22.4551029,3147040,0,981128,0
09:01:01.113,84,43,70,17,120.4838181,22.4551029,3123076,0,964395,0
09:01:01.212,83,42,70,17,120.4838181,22.4551029,3100656,0,945173,0
09:01:01.322,83,40,70,17,120.4838181,22.4550495,3104142,0,906279,0
09:01:01.407,83,40,70,17,120.4838181,22.4550495,3103477,0,914477,0
09:01:01.536,82,41,70,17,120.4838257,22.4550152,3048506,0,941298,0
09:01:01.603,82,41,70,17,120.4838257,22.4550152,3048506,0,941298,0
09:01:01.728,79,44,70,17,120.4838257,22.4549789,2951409,0,990288,0
09:01:01.810,78,43,70,17,120.4838257,22.4549789,2894804,0,981691,0
09:01:01.925,77,45,68,18,120.4838257,22.4549465,2877774,0,1025251,0
09:01:02.008,78,47,68,18,120.4838257,22.4549465,2902450,0,1058361,0
09:01:02.139,77,48,66,18,120.4838257,22.4549122,2861983,0,1075909,0
09:01:02.205,75,42,66,18,120.4838257,22.4549122,2802038,0,953929,0
09:01:02.304,75,42,66,18,120.4838257,22.4549122,2793258,0,946216,0
09:01:02.444,74,43,64,18,120.4838181,22.4548626,2766681,0,963169,0
09:01:02.511,74,43,64,18,120.4838181,22.4548626,2766681,0,963169,0
09:01:02.642,73,41,62,18,120.4838181,22.4548321,2737579,0,940142,0
09:01:02.710,73,41,62,18,120.4838181,22.4548321,2736802,0,924060,0
09:01:02.839,74,41,60,18,120.4838028,22.4548016,2768391,0,927936,0
09:01:02.904,77,41,60,18,120.4838028,22.4548016,2877031,0,924019,0
09:01:03.028,77,41,60,18,120.4837875,22.4547729,2877031,0,924019,0
09:01:03.110,80,45,60,18,120.4837875,22.4547729,2990572,0,1015523,0
09:01:03.218,81,42,60,18,120.4837723,22.4547462,3011306,0,953086,0
09:01:03.301,81,38,60,18,120.4837723,22.4547462,3013970,0,868067,0
09:01:03.450,83,37,60,18,120.4837646,22.4547176,3082653,0,853377,0
09:01:03.500,86,40,60,18,120.4837646,22.4547176,3197631,0,907832,0
09:01:03.626,86,40,61,18,120.4837494,22.4546909,3197631,0,907832,0
09:01:03.710,87,39,61,18,120.4837494,22.4546909,3220610,0,894246,0
09:01:03.803,87,38,62,18,120.4837265,22.4546661,3225395,0,870720,0
09:01:03.915,88,40,62,18,120.4837265,22.4546661,3276685,0,908480,0
09:01:04.044,88,40,64,18,120.4837112,22.4546394,3286063,0,903441,0
09:01:04.110,88,38,64,18,120.4837112,22.4546394,3263357,0,877744,0
09:01:04.210,89,39,64,18,120.4837112,22.4546394,3296488,0,889550,0
09:01:04.314,89,39,66,18,120.4836731,22.4546051,3306312,0,892236,0
09:01:04.413,90,40,66,18,120.4836731,22.4546051,3342693,0,904638,0
09:01:04.542,91,40,67,18,120.4836502,22.4545803,3369863,0,900854,0
09:01:04.608,91,40,67,18,120.4836502,22.4545803,3369863,0,900854,0
09:01:04.736,91,39,69,18,120.4836197,22.4545593,3377601,0,880915,0
09:01:04.810,91,39,69,18,120.4836197,22.4545593,3398067,0,886397,0
09:01:04.919,92,40,70,18,120.4835815,22.4545383,3433645,0,916439,0
09:01:05.000,93,41,70,18,120.4835815,22.4545383,3456660,0,929937,0
09:01:05.148,93,41,72,18,120.4835587,22.4545174,3465586,0,933780,0
09:01:05.214,91,40,72,18,120.4835587,22.4545174,3376912,0,920272,0
09:01:05.313,91,38,72,18,120.4835587,22.4545174,3389120,0,869649,0
09:01:05.442,91,39,75,18,120.4835052,22.4544888,3396659,0,891050,0
09:01:05.508,91,39,75,18,120.4835052,22.4544888,3396659,0,891050,0
09:01:05.632,91,36,77,18,120.4834671,22.4544697,3372138,0,831531,0
09:01:05.714,93,40,77,18,120.4834671,22.4544697,3470932,0,899705,0
09:01:05.834,96,45,78,18,120.4834290,22.4544544,3564153,0,1024222,0
09:01:05.900,93,39,78,18,120.4834290,22.4544544,3472779,0,892436,0
09:01:06.016,95,41,80,18,120.4833908,22.4544392,3527350,0,927711,0
09:01:06.103,97,44,80,18,120.4833908,22.4544392,3600228,0,984703,0
09:01:06.203,96,44,80,18,120.4833908,22.4544392,3552292,0,999080,0
09:01:06.347,94,42,84,18,120.4833298,22.4544182,3504750,0,952592,0
09:01:06.413,98,46,84,18,120.4833298,22.4544182,3653780,0,1042029,0
09:01:06.544,98,46,86,18,120.4832916,22.4544048,3653780,0,1042029,0
09:01:06.610,96,46,86,18,120.4832916,22.4544048,3576963,0,1038877,0
09:01:06.739,96,43,88,18,120.4832382,22.4543934,3570082,0,981970,0
09:01:06.807,95,45,88,18,120.4832382,22.4543934,3529499,0,1021891,0
09:01:06.931,89,47,89,18,120.4831848,22.4543819,3307987,0,1056920,0
09:01:07.013,79,44,89,18,120.4831848,22.4543819,2933096,0,1003120,0
09:01:07.112,77,46,90,18,120.4831467,22.4543724,2887716,0,1032674,0
09:01:07.210,77,46,90,18,120.4831467,22.4543724,2877089,0,1030446,0
09:01:07.308,77,51,90,18,120.4831467,22.4543724,2885579,0,1140683,0
09:01:07.452,80,46,88,18,120.4830704,22.4543591,2980272,0,1041944,0
09:01:07.502,80,46,88,18,120.4830704,22.4543591,2980272,0,1041944,0
09:01:07.606,84,46,87,18,120.4830246,22.4543552,3138411,0,1037456,0
09:01:07.700,84,50,87,18,120.4830246,22.4543552,3132821,0,1127819,0
09:01:07.845,84,44,86,18,120.4829788,22.4543495,3123498,0,1002704,0
09:01:07.910,84,44,86,18,120.4829788,22.4543495,3123498,0,1002704,0
09:01:08.024,84,43,86,17,120.4829330,22.4543476,3115089,0,970215,0
09:01:08.107,83,43,86,17,120.4829330,22.4543476,3084677,0,979932,0
09:01:08.206,83,40,86,17,120.4829330,22.4543476,3079605,0,916078,0
09:01:08.388,85,41,86,17,120.4828644,22.4543438,3152928,0,922561,0
09:01:08.405,85,41,86,17,120.4828644,22.4543438,3152928,0,922561,0
09:01:08.541,88,43,88,17,120.4828186,22.4543457,3290305,0,963696,0
09:01:08.607,87,42,88,17,120.4828186,22.4543457,3242999,0,949060,0
09:01:08.707,87,38,88,17,120.4828186,22.4543457,3243666,0,862299,0
09:01:08.848,91,42,89,17,120.4827423,22.4543514,3368601,0,957677,0
09:01:08.914,91,42,89,17,120.4827423,22.4543514,3368601,0,957677,0
09:01:09.012,91,43,89,17,120.4827423,22.4543514,3376276,0,980550,0
09:01:09.110,87,40,89,17,120.4827423,22.4543514,3240649,0,907401,0
09:01:09.208,87,37,89,17,120.4827423,22.4543514,3253543,0,845345,0
09:01:09.356,90,42,91,18,120.4826202,22.4543705,3331335,0,946194,0
09:01:09.407,90,42,91,18,120.4826202,22.4543705,3331335,0,946194,0
09:01:09.524,88,42,93,18,120.4825745,22.4543800,3263303,0,942797,0
09:01:09.607,84,45,93,18,120.4825745,22.4543800,3118362,0,1005855,0
09:01:09.712,84,45,93,18,120.4825211,22.4543896,3118362,0,1005855,0
09:01:09.810,79,41,93,18,120.4825211,22.4543896,2960800,0,938293,0
09:01:09.912,79,41,92,18,120.4824677,22.4544029,2960800,0,938293,0
09:01:10.012,79,42,92,18,120.4824677,22.4544029,2945415,0,959641,0
09:01:10.113,76,38,91,17,120.4824295,22.4544182,2819070,0,865671,0
09:01:10.212,81,41,91,17,120.4824295,22.4544182,3020171,0,927193,0
09:01:10.320,81,41,90,17,120.4823837,22.4544334,3020171,0,927193,0
09:01:10.403,84,44,90,17,120.4823837,22.4544334,3137798,0,993990,0
09:01:10.512,84,45,89,17,120.4823456,22.4544506,3132648,0,1006536,0
09:01:10.612,84,45,89,17,120.4823456,22.4544506,3140059,0,1025090,0
09:01:10.770,83,45,89,16,120.4822922,22.4544716,3105896,0,1019595,0
09:01:10.811,83,45,89,16,120.4822922,22.4544716,3105896,0,1019595,0
09:01:10.908,81,45,89,16,120.4822922,22.4544716,3012537,0,1013366,0
09:01:11.007,85,44,89,16,120.4822922,22.4544716,3151312,0,1005083,0
09:01:11.174,85,44,88,18,120.4822159,22.4545174,3151312,0,1005083,0
09:01:11.208,80,40,88,18,120.4822159,22.4545174,2982466,0,905355,0
09:01:11.323,70,31,87,18,120.4821777,22.4545403,2634348,0,719240,0
09:01:11.403,79,44,87,18,120.4821777,22.4545403,2936432,0,996380,0
09:01:11.533,79,44,86,18,120.4821396,22.4545650,2936432,0,996380,0
09:01:11.617,79,51,86,18,120.4821396,22.4545650,2933076,0,1134224,0
09:01:11.728,74,46,84,18,120.4821014,22.4545898,2755023,0,1036842,0
09:01:11.810,71,52,84,18,120.4821014,22.4545898,2643781,0,1160143,0
09:01:11.913,64,61,82,18,120.4820633,22.4546165,2386540,0,1360252,0
09:01:12.013,56,67,82,18,120.4820633,22.4546165,2092291,0,1486070,0
09:01:12.134,53,71,80,17,120.4820328,22.4546432,2014856,0,1556950,0
09:01:12.200,58,73,80,17,120.4820328,22.4546432,2168559,0,1604376,0
09:01:12.343,58,73,75,18,120.4819946,22.4546680,2168559,0,1604376,0
09:01:12.408,60,70,75,18,120.4819946,22.4546680,2250474,0,1548130,0
09:01:12.503,62,66,72,18,120.4819717,22.4546928,2319636,0,1468939,0
09:01:12.600,62,68,72,18,120.4819717,22.4546928,2308590,0,1511699,0
09:01:12.701,61,67,69,18,120.4819489,22.4547176,2289046,0,1488898,0
09:01:12.817,61,66,69,18,120.4819489,22.4547176,2303604,0,1469620,0
09:01:12.928,62,65,66,18,120.4819183,22.4547405,2332149,0,1444022,0
09:01:13.010,65,68,66,18,120.4819183,22.4547405,2418237,0,1496579,0
09:01:13.144,64,67,63,18,120.4818954,22.4547634,2390247,0,1472844,0
09:01:13.207,64,67,63,18,120.4818954,22.4547634,2390247,0,1472844,0
09:01:13.304,63,64,63,18,120.4818954,22.4547634,2346073,0,1409347,0
09:01:13.441,63,63,60,18,120.4818573,22.4547958,2346113,0,1394715,0
09:01:13.507,64,64,60,18,120.4818573,22.4547958,2388922,0,1411992,0
09:01:13.614,65,64,57,18,120.4818268,22.4548168,2419855,0,1418445,0
09:01:13.713,66,65,57,18,120.4818268,22.4548168,2466793,0,1435475,0
09:01:13.823,66,65,55,18,120.4818039,22.4548359,2466793,0,1435475,0
09:01:13.904,67,64,55,18,120.4818039,22.4548359,2513129,0,1416781,0
09:01:14.051,69,61,52,18,120.4817886,22.4548550,2578489,0,1350745,0
09:01:14.101,69,61,52,18,120.4817886,22.4548550,2578489,0,1350745,0
09:01:14.201,70,59,52,18,120.4817886,22.4548550,2605138,0,1303310,0
09:01:14.342,71,58,49,18,120.4817505,22.4548798,2653824,0,1290678,0
09:01:14.408,73,58,49,18,120.4817505,22.4548798,2719094,0,1292690,0
09:01:14.528,73,58,48,18,120.4817429,22.4548969,2730988,0,1298473,0
09:01:14.610,72,57,48,18,120.4817429,22.4548969,2672831,0,1271640,0
09:01:14.708,71,54,48,18,120.4817429,22.4548969,2651576,0,1210174,0
09:01:14.807,72,51,48,18,120.4817429,22.4548969,2678017,0,1144056,0
09:01:14.919,73,50,44,18,120.4817047,22.4549255,2729904,0,1114297,0
09:01:15.003,75,50,44,18,120.4817047,22.4549255,2787604,0,1115506,0
09:01:15.144,75,49,43,18,120.4816742,22.4549370,2795675,0,1104205,0
09:01:15.210,75,49,43,18,120.4816742,22.4549370,2795675,0,1104205,0
09:01:15.374,75,48,42,18,120.4816666,22.4549484,2794299,0,1077841,0
09:01:15.408,75,46,42,18,120.4816666,22.4549484,2786292,0,1038648,0
09:01:15.507,74,45,42,18,120.4816666,22.4549484,2778930,0,1015148,0
09:01:15.607,74,45,42,18,120.4816666,22.4549484,2777737,0,1017874,0
09:01:15.741,74,43,39,18,120.4816284,22.4549656,2754117,0,982488,0
09:01:15.807,74,43,39,18,120.4816284,22.4549656,2754117,0,982488,0
09:01:15.920,72,43,38,18,120.4815979,22.4549732,2708352,0,963743,0
09:01:16.003,74,42,38,18,120.4815979,22.4549732,2759805,0,944531,0
09:01:16.133,73,39,36,18,120.4815903,22.4549770,2717218,0,891531,0
09:01:16.217,78,39,36,18,120.4815903,22.4549770,2904111,0,883149,0
09:01:16.330,78,39,36,18,120.4815598,22.4549789,2904111,0,883149,0
09:01:16.413,86,40,36,18,120.4815598,22.4549789,3190016,0,916140,0
09:01:16.512,88,45,36,18,120.4815521,22.4549789,3262142,0,1010142,0
09:01:16.610,85,41,36,18,120.4815521,22.4549789,3172492,0,925791,0
09:01:16.708,85,41,36,18,120.4815521,22.4549789,3177503,0,935746,0
09:01:16.899,85,41,38,18,120.4815140,22.4549751,3177503,0,935746,0
09:01:16.916,82,39,38,18,120.4815140,22.4549751,3062227,0,897855,0
09:01:17.032,82,39,38,18,120.4814987,22.4549694,3062227,0,897855,0
09:01:17.116,81,38,38,18,120.4814987,22.4549694,3023938,0,869319,0
09:01:17.216,80,36,38,18,120.4814987,22.4549694,2994531,0,821617,0
09:01:17.341,80,36,39,18,120.4814606,22.4549580,2994531,0,821617,0
09:01:17.407,84,38,39,18,120.4814606,22.4549580,3118968,0,870215,0
09:01:17.507,85,39,40,18,120.4814453,22.4549465,3159979,0,889688,0
09:01:17.607,84,39,40,18,120.4814453,22.4549465,3122069,0,878622,0
09:01:17.753,83,37,40,18,120.4814301,22.4549351,3083677,0,853694,0
09:01:17.803,83,37,40,18,120.4814301,22.4549351,3083677,0,853694,0
09:01:17.933,84,37,41,18,120.4814072,22.4549217,3139688,0,850896,0
09:01:18.016,85,40,41,18,120.4814072,22.4549217,3160772,0,907769,0
09:01:18.133,85,39,42,18,120.4813919,22.4549065,3177720,0,891127,0
09:01:18.200,85,35,42,18,120.4813919,22.4549065,3161849,0,799550,0
09:01:18.314,90,35,43,18,120.4813843,22.4548874,3344384,0,813401,0
09:01:18.413,97,43,43,18,120.4813843,22.4548874,3602952,0,981599,0
09:01:18.543,95,42,46,18,120.4813690,22.4548664,3526316,0,962083,0
09:01:18.610,95,42,46,18,120.4813690,22.4548664,3526316,0,962083,0
09:01:18.738,94,37,48,18,120.4813538,22.4548473,3484896,0,849549,0
09:01:18.804,95,40,48,18,120.4813538,22.4548473,3524040,0,911321,0
09:01:18.933,95,39,51,18,120.4813538,22.4548225,3514540,0,888585,0
09:01:19.017,95,38,51,18,120.4813538,22.4548225,3521387,0,873376,0
09:01:19.147,95,38,54,18,120.4813461,22.4547977,3526093,0,863286,0
09:01:19.213,96,41,54,18,120.4813461,22.4547977,3549845,0,922494,0
09:01:19.313,97,38,54,18,120.4813461,22.4547977,3594462,0,869001,0
09:01:19.413,97,40,58,18,120.4813309,22.4547558,3591885,0,904195,0
09:01:19.503,100,42,58,18,120.4813309,22.4547558,3694585,0,942881,0
09:01:19.629,100,42,61,18,120.4813309,22.4547253,3694585,0,942881,0
09:01:19.713,100,40,61,18,120.4813309,22.4547253,3742909,0,901580,0
09:01:19.822,100,41,65,18,120.4813309,22.4546928,3789651,0,930186,0
09:01:19.904,100,44,65,18,120.4813309,22.4546928,3869873,0,988160,0
09:01:20.042,100,45,69,18,120.4813309,22.4546585,3862261,0,1005617,0
09:01:20.101,100,45,69,18,120.4813309,22.4546585,3862261,0,1005617,0
09:01:20.247,100,50,74,18,120.4813309,22.4546223,3904223,0,1113643,0
09:01:20.313,100,50,74,18,120.4813309,22.4546223,3908613,0,1111969,0
09:01:20.441,100,50,78,18,120.4813309,22.4545841,3894819,0,1113384,0
09:01:20.507,100,49,78,18,120.4813309,22.4545841,3858058,0,1109120,0
09:01:20.634,100,49,82,18,120.4813309,22.4545422,3858058,0,1109120,0
09:01:20.701,100,47,82,18,120.4813309,22.4545422,3857542,0,1065485,0
09:01:20.828,100,46,87,18,120.4813309,22.4544983,3865946,0,1032137,0
09:01:20.910,100,48,87,18,120.4813309,22.4544983,3937073,0,1084223,0
09:01:21.025,100,48,91,18,120.4813309,22.4544544,3934533,0,1080903,0
09:01:21.107,100,50,91,18,120.4813309,22.4544544,3957818,0,1113675,0
09:01:21.206,100,50,91,18,120.4813309,22.4544544,4023617,0,1129531,0
09:01:21.305,100,51,99,18,120.4813309,22.4543819,3922525,0,1141173,0
09:01:21.403,100,47,99,18,120.4813309,22.4543819,3945507,0,1063069,0
09:01:21.569,100,47,104,18,120.4813309,22.4543304,3888169,0,1066387,0
09:01:21.603,100,47,104,18,120.4813309,22.4543304,3888169,0,1066387,0
09:01:21.717,100,51,109,18,120.4813309,22.4542770,3983770,0,1144835,0
09:01:21.817,100,49,109,18,120.4813309,22.4542770,3971994,0,1099631,0
09:01:21.943,100,50,114,18,120.4813461,22.4542217,3962494,0,1116688,0
09:01:22.010,100,47,114,18,120.4813461,22.4542217,3866325,0,1057423,0
09:01:22.110,100,51,118,18,120.4813461,22.4541626,3901114,0,1143314,0
09:01:22.208,100,54,118,18,120.4813461,22.4541626,3896710,0,1197338,0
09:01:22.307,100,50,118,18,120.4813461,22.4541626,3878431,0,1125314,0
09:01:22.485,100,45,125,18,120.4813461,22.4540710,3875377,0,1017053,0
09:01:22.502,100,45,125,18,120.4813461,22.4540710,3875377,0,1017053,0
09:01:22.630,100,50,128,18,120.4813461,22.4540062,3710485,0,1128458,0
09:01:22.703,77,49,128,18,120.4813461,22.4540062,2884939,0,1096810,0
09:01:22.815,77,49,130,18,120.4813461,22.4539433,2884939,0,1096810,0
09:01:22.913,77,48,130,18,120.4813461,22.4539433,2860114,0,1084346,0
09:01:23.054,77,48,127,18,120.4813461,22.4538765,2860114,0,1084346,0
09:01:23.104,77,50,127,18,120.4813461,22.4538765,2871715,0,1126762,0
09:01:23.211,78,50,125,18,120.4813538,22.4538136,2893105,0,1113727,0
09:01:23.309,77,49,125,18,120.4813538,22.4538136,2874843,0,1094098,0
09:01:23.418,78,50,122,18,120.4813538,22.4537525,2900503,0,1121113,0
09:01:23.500,74,52,122,18,120.4813538,22.4537525,2777696,0,1153852,0
09:01:23.628,74,52,120,18,120.4813538,22.4536915,2777696,0,1153852,0
09:01:23.710,67,58,120,18,120.4813538,22.4536915,2490949,0,1294297,0
09:01:23.815,56,70,118,18,120.4813538,22.4536324,2107327,0,1536921,0
09:01:23.913,48,77,118,18,120.4813538,22.4536324,1818204,0,1695867,0
09:01:24.012,46,81,118,18,120.4813538,22.4536324,1746606,0,1789119,0
09:01:24.110,43,82,118,18,120.4813538,22.4536324,1627230,0,1802679,0
09:01:24.208,42,80,118,18,120.4813538,22.4536324,1601723,0,1759764,0
09:01:24.334,47,80,104,18,120.4813690,22.4534931,1762949,0,1764571,0
09:01:24.400,47,80,104,18,120.4813690,22.4534931,1762949,0,1764571,0
09:01:24.534,49,80,99,18,120.4813690,22.4534416,1855796,0,1748173,0
09:01:24.601,48,79,99,18,120.4813690,22.4534416,1800820,0,1735525,0
09:01:24.765,48,78,95,18,120.4813690,22.4533920,1819599,0,1722538,0
09:01:24.814,48,78,95,18,120.4813690,22.4533920,1819599,0,1722538,0
09:01:24.938,53,76,90,18,120.4813690,22.4533463,2005484,0,1675114,0
09:01:25.004,56,72,90,18,120.4813690,22.4533463,2095704,0,1596349,0
09:01:25.131,59,69,87,18,120.4813690,22.4533005,2200708,0,1533832,0
09:01:25.213,61,68,87,18,120.4813690,22.4533005,2288712,0,1493024,0
09:01:25.313,63,65,87,18,120.4813690,22.4533005,2356170,0,1443574,0
09:01:25.434,65,64,81,18,120.4813843,22.4532375,2447842,0,1422733,0
09:01:25.501,69,60,81,18,120.4813843,22.4532375,2565860,0,1341780,0
09:01:25.628,69,60,79,18,120.4813843,22.4531975,2565860,0,1341780,0
09:01:25.710,71,59,79,18,120.4813843,22.4531975,2636547,0,1313424,0
09:01:25.817,72,57,77,18,120.4813843,22.4531593,2706609,0,1273804,0
09:01:25.900,71,55,77,18,120.4813843,22.4531593,2650283,0,1231093,0
09:01:26.012,69,52,75,18,120.4813843,22.4531193,2598458,0,1166671,0
09:01:26.113,74,56,75,18,120.4813843,22.4531193,2764892,0,1258905,0
09:01:26.213,72,57,75,18,120.4813843,22.4531193,2680744,0,1277459,0
09:01:26.336,69,57,71,18,120.4813843,22.4530659,2596919,0,1271503,0
09:01:26.401,68,57,71,18,120.4813843,22.4530659,2533594,0,1266875,0
09:01:26.528,68,57,70,18,120.4813919,22.4530296,2533594,0,1266875,0
09:01:26.610,67,56,70,18,120.4813919,22.4530296,2495308,0,1255006,0
09:01:26.742,67,57,67,18,120.4813919,22.4529953,2502860,0,1263800,0
09:01:26.808,67,57,67,18,120.4813919,22.4529953,2524421,0,1273941,0
09:01:26.937,71,56,64,18,120.4814072,22.4529629,2638772,0,1254354,0
09:01:27.003,74,54,64,18,120.4814072,22.4529629,2749627,0,1199659,0
09:01:27.137,74,52,62,18,120.4814072,22.4529324,2753069,0,1166719,0
09:01:27.203,74,52,62,18,120.4814072,22.4529324,2753069,0,1166719,0
09:01:27.301,71,45,62,18,120.4814072,22.4529324,2655769,0,1020474,0
09:01:27.440,71,45,60,18,120.4814224,22.4528885,2655769,0,1020474,0
09:01:27.507,73,44,60,18,120.4814224,22.4528885,2723017,0,988885,0
09:01:27.634,71,42,59,18,120.4814301,22.4528599,2640736,0,955310,0
09:01:27.716,75,39,59,18,120.4814301,22.4528599,2782646,0,896648,0
09:01:27.830,79,41,57,18,120.4814453,22.4528313,2939720,0,926160,0
09:01:27.912,80,38,57,18,120.4814453,22.4528313,2983997,0,875103,0
09:01:28.044,81,36,57,18,120.4814606,22.4528065,3005548,0,822030,0
09:01:28.110,81,36,57,18,120.4814606,22.4528065,3005548,0,822030,0
09:01:28.210,84,38,57,18,120.4814606,22.4528065,3135146,0,867990,0
09:01:28.358,84,38,59,18,120.4814835,22.4527702,3135146,0,867990,0
09:01:28.408,86,39,59,18,120.4814835,22.4527702,3195005,0,884709,0
09:01:28.540,89,42,60,18,120.4814987,22.4527454,3300276,0,956570,0
09:01:28.613,88,44,60,18,120.4814987,22.4527454,3288846,0,1003572,0
09:01:28.713,87,42,60,18,120.4814987,22.4527454,3250192,0,958372,0
09:01:28.837,87,41,61,18,120.4815369,22.4527111,3228255,0,923403,0
09:01:28.903,85,40,61,18,120.4815369,22.4527111,3171247,0,911438,0
09:01:29.002,85,38,61,18,120.4815369,22.4527111,3159254,0,876968,0
09:01:29.161,84,38,62,18,120.4815750,22.4526787,3131282,0,871971,0
09:01:29.210,84,38,62,18,120.4815750,22.4526787,3131282,0,871971,0
09:01:29.339,82,36,62,18,120.4815979,22.4526596,3072594,0,831980,0
09:01:29.405,87,40,62,18,120.4815979,22.4526596,3223106,0,900231,0
09:01:29.521,85,40,63,18,120.4816284,22.4526424,3182714,0,914930,0
09:01:29.603,83,37,63,18,120.4816284,22.4526424,3097308,0,843434,0
09:01:29.730,83,37,64,18,120.4816666,22.4526253,3097308,0,843434,0
09:01:29.813,85,37,64,18,120.4816666,22.4526253,3150227,0,839386,0
09:01:29.943,83,38,65,18,120.4816895,22.4526119,3104615,0,862807,0
09:01:30.009,84,36,65,18,120.4816895,22.4526119,3137356,0,828376,0
09:01:30.158,86,37,66,18,120.4817276,22.4525986,3198864,0,852038,0
09:01:30.208,86,37,66,18,120.4817276,22.4525986,3191703,0,855840,0
09:01:30.306,84,32,66,18,120.4817276,22.4525986,3123394,0,749666,0
09:01:30.428,84,32,68,18,120.4817810,22.4525833,3123394,0,749666,0
09:01:30.510,90,36,68,18,120.4817810,22.4525833,3350558,0,820721,0
09:01:30.640,92,38,69,18,120.4818039,22.4525738,3420209,0,866405,0
09:01:30.707,91,37,69,18,120.4818039,22.4525738,3379854,0,845639,0
09:01:30.834,92,36,71,18,120.4818420,22.4525700,3429273,0,817844,0
09:01:30.917,96,38,71,18,120.4818420,22.4525700,3550271,0,873258,0
09:01:31.045,97,39,74,18,120.4818954,22.4525642,3596340,0,891351,0
09:01:31.110,97,39,74,18,120.4818954,22.4525642,3596340,0,891351,0
09:01:31.203,97,39,77,18,120.4819336,22.4525623,3617873,0,888676,0
09:01:31.303,100,42,77,18,120.4819336,22.4525623,3722173,0,943117,0
09:01:31.432,100,43,80,18,120.4819717,22.4525623,3725618,0,975719,0
09:01:31.517,100,41,80,18,120.4819717,22.4525623,3731062,0,937995,0
09:01:31.624,100,44,83,18,120.4820251,22.4525623,3823565,0,986670,0
09:01:31.707,100,52,83,18,120.4820251,22.4525623,3830263,0,1158501,0
09:01:31.834,100,52,87,18,120.4820633,22.4525623,3830263,0,1158501,0
09:01:31.900,100,47,87,18,120.4820633,22.4525623,3870202,0,1054357,0
09:01:32.036,100,48,91,18,120.4821091,22.4525661,3906144,0,1081180,0
09:01:32.101,100,48,91,18,120.4821091,22.4525661,3883649,0,1079664,0
09:01:32.217,100,49,91,18,120.4821091,22.4525661,3893799,0,1104090,0
09:01:32.344,100,49,97,18,120.4821854,22.4525719,3893799,0,1104090,0
09:01:32.410,100,47,97,18,120.4821854,22.4525719,3856592,0,1053347,0
09:01:32.527,100,50,101,18,120.4822388,22.4525738,3738513,0,1125802,0
09:01:32.609,81,48,101,18,120.4822388,22.4525738,3024523,0,1070959,0
09:01:32.709,77,47,101,18,120.4822388,22.4525738,2889882,0,1064376,0
09:01:32.865,79,50,102,18,120.4823303,22.4525814,2937159,0,1125861,0
09:01:32.913,79,50,102,18,120.4823303,22.4525814,2937159,0,1125861,0
09:01:33.025,76,49,100,18,120.4823837,22.4525833,2849886,0,1102329,0
09:01:33.107,77,50,100,18,120.4823837,22.4525833,2877265,0,1118920,0
09:01:33.236,80,52,98,18,120.4824295,22.4525852,2973965,0,1155240,0
09:01:33.303,79,52,98,18,120.4824295,22.4525852,2963830,0,1165635,0
09:01:33.405,79,52,96,18,120.4824829,22.4525890,2963830,0,1165635,0
09:01:33.504,75,49,96,18,120.4824829,22.4525890,2805670,0,1106334,0
09:01:33.633,75,49,94,18,120.4825363,22.4525928,2805670,0,1106334,0
09:01:33.716,70,54,94,18,120.4825363,22.4525928,2618624,0,1196770,0
09:01:33.830,64,59,92,18,120.4825821,22.4525928,2396934,0,1305678,0
09:01:33.912,61,64,92,18,120.4825821,22.4525928,2306887,0,1418461,0
09:01:34.029,60,66,88,18,120.4826355,22.4525948,2254266,0,1470142,0
09:01:34.113,57,68,88,18,120.4826355,22.4525948,2134846,0,1508334,0
09:01:34.211,55,70,88,18,120.4826355,22.4525948,2072664,0,1547466,0
09:01:34.373,55,71,83,18,120.4827042,22.4525986,2072602,0,1573911,0
09:01:34.407,55,71,83,18,120.4827042,22.4525986,2072602,0,1573911,0
09:01:34.544,58,72,79,18,120.4827499,22.4526024,2182006,0,1585633,0
09:01:34.613,58,70,79,18,120.4827499,22.4526024,2173940,0,1555877,0
09:01:34.743,58,70,76,18,120.4827881,22.4526024,2173940,0,1555877,0
09:01:34.810,59,71,76,18,120.4827881,22.4526024,2204621,0,1558045,0
09:01:34.924,60,71,72,18,120.4828262,22.4526024,2263550,0,1557848,0
09:01:35.007,62,67,72,18,120.4828262,22.4526024,2323035,0,1484520,0
09:01:35.147,64,64,69,18,120.4828644,22.4526024,2385979,0,1423187,0
09:01:35.213,66,62,69,18,120.4828644,22.4526024,2486617,0,1381646,0
09:01:35.313,68,62,69,18,120.4828644,22.4526024,2550155,0,1373421,0
09:01:35.437,70,62,66,18,120.4829178,22.4526024,2604174,0,1375361,0
09:01:35.502,70,62,66,18,120.4829178,22.4526024,2604174,0,1375361,0
09:01:35.616,70,60,66,18,120.4829178,22.4526024,2608448,0,1324214,0
09:01:35.717,69,59,66,18,120.4829178,22.4526024,2595988,0,1309277,0
09:01:35.855,70,59,61,18,120.4829941,22.4526005,2619376,0,1322655,0
09:01:35.904,70,59,61,18,120.4829941,22.4526005,2619376,0,1322655,0
09:01:36.003,70,61,61,18,120.4829941,22.4526005,2624681,0,1354919,0
09:01:36.101,68,61,59,18,120.4830246,22.4525967,2562693,0,1349062,0
09:01:36.216,66,61,59,18,120.4830246,22.4525967,2480615,0,1345084,0
09:01:36.343,65,61,56,18,120.4830704,22.4525909,2425086,0,1354393,0
09:01:36.410,62,61,56,18,120.4830704,22.4525909,2330089,0,1345405,0
09:01:36.539,62,61,53,18,120.4831009,22.4525852,2330089,0,1345405,0
09:01:36.605,62,60,53,18,120.4831009,22.4525852,2310995,0,1342808,0
09:01:36.716,61,61,51,18,120.4831238,22.4525814,2296415,0,1350560,0
09:01:36.817,60,60,51,18,120.4831238,22.4525814,2250726,0,1341179,0
09:01:36.930,60,59,48,18,120.4831467,22.4525719,2259388,0,1312459,0
09:01:37.013,63,54,48,18,120.4831467,22.4525719,2353505,0,1213319,0
09:01:37.128,66,52,46,18,120.4831772,22.4525642,2454305,0,1172134,0
09:01:37.209,70,52,46,18,120.4831772,22.4525642,2604606,0,1170681,0
09:01:37.308,68,51,46,18,120.4831772,22.4525642,2561637,0,1151041,0
09:01:37.403,68,51,43,18,120.4832153,22.4525509,2561637,0,1151041,0
09:01:37.509,67,50,43,18,120.4832153,22.4525509,2519239,0,1118910,0
09:01:37.624,68,48,41,18,120.4832230,22.4525394,2548563,0,1070955,0
09:01:37.706,68,46,41,18,120.4832230,22.4525394,2547102,0,1031507,0
09:01:37.833,69,44,39,18,120.4832535,22.4525261,2566777,0,990432,0
09:01:37.916,69,43,39,18,120.4832535,22.4525261,2591495,0,975833,0
09:01:38.032,70,43,38,18,120.4832611,22.4525127,2609729,0,980252,0
09:01:38.113,71,44,38,18,120.4832611,22.4525127,2653892,0,986464,0
09:01:38.209,71,43,38,18,120.4832611,22.4525127,2641224,0,973482,0
09:01:38.324,70,42,37,18,120.4832764,22.4524899,2629286,0,961520,0
09:01:38.407,71,42,37,18,120.4832764,22.4524899,2646007,0,944365,0
09:01:38.534,71,42,35,18,120.4832916,22.4524746,2646007,0,944365,0
09:01:38.601,71,43,35,18,120.4832916,22.4524746,2654627,0,963246,0
09:01:38.733,71,43,34,18,120.4832993,22.4524593,2648746,0,976238,0
09:01:38.816,71,41,34,18,120.4832993,22.4524593,2650524,0,922883,0
09:01:38.916,73,40,34,18,120.4832993,22.4524593,2736023,0,906217,0
09:01:39.077,74,40,33,18,120.4832993,22.4524345,2779567,0,902234,0
09:01:39.109,76,40,33,18,120.4832993,22.4524345,2854108,0,912629,0
09:01:39.238,76,40,33,18,120.4832993,22.4524174,2854108,0,912629,0
09:01:39.303,80,41,33,18,120.4832993,22.4524174,2971774,0,922494,0
09:01:39.410,82,41,34,18,120.4832993,22.4524002,3064069,0,923789,0
09:01:39.513,84,41,34,18,120.4832993,22.4524002,3114962,0,936295,0
09:01:39.608,83,41,35,18,120.4832993,22.4523830,3109439,0,939487,0
09:01:39.706,85,41,35,18,120.4832993,22.4523830,3147156,0,930782,0
09:01:39.828,85,41,36,18,120.4832916,22.4523659,3147156,0,930782,0
09:01:39.910,83,41,36,18,120.4832916,22.4523659,3109719,0,924849,0
09:01:40.013,82,39,37,18,120.4832916,22.4523487,3066066,0,881392,0
09:01:40.113,83,37,37,18,120.4832916,22.4523487,3080827,0,853144,0
09:01:40.245,84,38,38,18,120.4832764,22.4523335,3113908,0,861626,0
09:01:40.309,85,38,38,18,120.4832764,22.4523335,3170097,0,876450,0
09:01:40.418,85,38,40,18,120.4832611,22.4523163,3170097,0,876450,0
09:01:40.507,86,39,40,18,120.4832611,22.4523163,3194519,0,889030,0
09:01:40.609,87,39,41,18,120.4832382,22.4523029,3229692,0,888137,0
09:01:40.709,88,36,41,18,120.4832382,22.4523029,3260113,0,828474,0
09:01:40.840,88,36,43,18,120.4832230,22.4522896,3260113,0,828474,0
09:01:40.905,90,38,43,18,120.4832230,22.4522896,3352522,0,875982,0
09:01:41.032,91,39,45,18,120.4832001,22.4522762,3385145,0,894871,0
09:01:41.113,92,39,45,18,120.4832001,22.4522762,3419118,0,882254,0
09:01:41.223,92,39,47,18,120.4831848,22.4522648,3419118,0,882254,0
09:01:41.307,93,40,47,18,120.4831848,22.4522648,3442464,0,902222,0
09:01:41.434,94,41,50,18,120.4831619,22.4522552,3493593,0,934203,0
09:01:41.517,94,40,50,18,120.4831619,22.4522552,3499772,0,908164,0
09:01:41.628,95,40,52,18,120.4831390,22.4522476,3543999,0,910667,0
09:01:41.710,96,41,52,18,120.4831390,22.4522476,3573825,0,930724,0
09:01:41.802,96,41,55,18,120.4831085,22.4522400,3573825,0,930724,0
09:01:41.917,98,43,55,18,120.4831085,22.4522400,3643890,0,967665,0
09:01:42.052,98,42,58,18,120.4830704,22.4522343,3655272,0,958702,0
09:01:42.101,98,42,58,18,120.4830704,22.4522343,3655272,0,958702,0
09:01:42.216,100,43,58,18,120.4830704,22.4522343,3743572,0,981594,0
09:01:42.318,100,43,63,16,120.4830246,22.4522285,3743572,0,981594,0
09:01:42.417,100,46,63,16,120.4830246,22.4522285,3739294,0,1027735,0
09:01:42.529,100,46,67,16,120.4829941,22.4522247,3801558,0,1036608,0
09:01:42.612,100,48,67,16,120.4829941,22.4522247,3824023,0,1084074,0
09:01:42.722,100,49,71,17,120.4829559,22.4522247,3875945,0,1100287,0
09:01:42.803,100,49,71,17,120.4829559,22.4522247,3832892,0,1094785,0
09:01:42.904,100,49,75,18,120.4829178,22.4522228,3856595,0,1106146,0
09:01:43.003,100,52,75,18,120.4829178,22.4522228,3889333,0,1171621,0
09:01:43.136,100,50,80,18,120.4828644,22.4522209,3903690,0,1126423,0
09:01:43.203,100,48,80,18,120.4828644,22.4522209,3855016,0,1089189,0
09:01:43.302,100,49,80,18,120.4828644,22.4522209,3921625,0,1109547,0
09:01:43.417,100,49,86,18,120.4828033,22.4522209,3921625,0,1109547,0
09:01:43.515,100,51,86,18,120.4828033,22.4522209,3871878,0,1135729,0
09:01:43.650,100,51,90,18,120.4827499,22.4522209,3871878,0,1135729,0
09:01:43.715,100,50,90,18,120.4827499,22.4522209,3907183,0,1122643,0
09:01:43.825,100,51,94,18,120.4827042,22.4522228,3900059,0,1133983,0
09:01:43.907,99,51,94,18,120.4827042,22.4522228,3666545,0,1148444,0
09:01:44.055,85,49,99,18,120.4826508,22.4522228,3152155,0,1106283,0
09:01:44.103,85,49,99,18,120.4826508,22.4522228,3152155,0,1106283,0
09:01:44.203,80,52,99,18,120.4826508,22.4522228,2965753,0,1157193,0
09:01:44.343,80,52,98,18,120.4825745,22.4522228,2965753,0,1157193,0
09:01:44.410,79,51,98,18,120.4825745,22.4522228,2938280,0,1151683,0
09:01:44.515,78,51,96,18,120.4825211,22.4522247,2915217,0,1149451,0
09:01:44.613,73,50,96,18,120.4825211,22.4522247,2721085,0,1131092,0
09:01:44.713,73,55,94,18,120.4824677,22.4522247,2720878,0,1228912,0
09:01:44.813,70,57,94,18,120.4824677,22.4522247,2606566,0,1276305,0
09:01:44.945,68,60,92,18,120.4824219,22.4522247,2533344,0,1324071,0
09:01:45.009,68,60,92,18,120.4824219,22.4522247,2533344,0,1324071,0
09:01:45.138,67,63,89,18,120.4823685,22.4522247,2493050,0,1405931,0
09:01:45.203,63,63,89,18,120.4823685,22.4522247,2345172,0,1398976,0
09:01:45.304,59,65,86,18,120.4823151,22.4522266,2217177,0,1434489,0
09:01:45.403,55,71,86,18,120.4823151,22.4522266,2063168,0,1571794,0
09:01:45.553,51,75,83,18,120.4822769,22.4522266,1925071,0,1660804,0
09:01:45.603,51,75,83,18,120.4822769,22.4522266,1925071,0,1660804,0
09:01:45.732,49,77,78,18,120.4822235,22.4522266,1860000,0,1694870,0
09:01:45.813,51,77,78,18,120.4822235,22.4522266,1927634,0,1694388,0
09:01:45.923,53,77,74,18,120.4821854,22.4522266,1992189,0,1692620,0
09:01:46.007,55,73,74,18,120.4821854,22.4522266,2059117,0,1616256,0
09:01:46.135,58,71,70,18,120.4821472,22.4522266,2169046,0,1557429,0
09:01:46.201,58,71,70,18,120.4821472,22.4522266,2169046,0,1557429,0
09:01:46.313,61,68,67,18,120.4821091,22.4522247,2292377,0,1503965,0
09:01:46.413,62,67,67,18,120.4821091,22.4522247,2323190,0,1487839,0
09:01:46.543,63,67,64,18,120.4820709,22.4522247,2364974,0,1482547,0
09:01:46.609,63,65,64,18,120.4820709,22.4522247,2360088,0,1437964,0
09:01:46.724,64,63,61,18,120.4820480,22.4522228,2397672,0,1399724,0
09:01:46.807,64,61,61,18,120.4820480,22.4522228,2411476,0,1355212,0
09:01:46.933,64,61,59,18,120.4820099,22.4522190,2411476,0,1355212,0
09:01:47.017,66,60,59,18,120.4820099,22.4522190,2462710,0,1325421,0
09:01:47.146,66,58,56,18,120.4819870,22.4522152,2455894,0,1301997,0
09:01:47.213,65,56,56,18,120.4819870,22.4522152,2424732,0,1241328,0
09:01:47.322,65,54,54,18,120.4819489,22.4522114,2444958,0,1207178,0
09:01:47.407,67,54,54,18,120.4819489,22.4522114,2503463,0,1199538,0
09:01:47.535,67,54,52,18,120.4819183,22.4522057,2503463,0,1199538,0
09:01:47.616,67,50,52,18,120.4819183,22.4522057,2506889,0,1127875,0
09:01:47.702,69,47,50,18,120.4818954,22.4521961,2563249,0,1051739,0
09:01:47.803,71,46,50,18,120.4818954,22.4521961,2659054,0,1043131,0
09:01:47.918,71,46,48,18,120.4818726,22.4521866,2666686,0,1031704,0
09:01:48.016,71,43,48,18,120.4818726,22.4521866,2663646,0,975707,0
09:01:48.141,72,43,47,18,120.4818573,22.4521770,2678996,0,970330,0
09:01:48.207,71,44,47,18,120.4818573,22.4521770,2638292,0,991641,0
09:01:48.307,69,43,47,18,120.4818573,22.4521770,2577709,0,979019,0
09:01:48.437,68,41,45,18,120.4818192,22.4521580,2531681,0,939535,0
09:01:48.501,68,41,45,18,120.4818192,22.4521580,2531681,0,939535,0
09:01:48.616,69,40,45,18,120.4818192,22.4521580,2578294,0,913391,0
09:01:48.741,69,40,42,18,120.4817886,22.4521370,2578294,0,913391,0
09:01:48.807,68,39,42,18,120.4817886,22.4521370,2557600,0,892999,0
09:01:48.935,69,39,41,18,120.4817810,22.4521217,2598115,0,890765,0
09:01:49.016,70,40,41,18,120.4817810,22.4521217,2628851,0,918352,0
09:01:49.142,71,40,40,18,120.4817657,22.4521046,2643812,0,919919,0
09:01:49.207,74,39,40,18,120.4817657,22.4521046,2748006,0,878170,0
09:01:49.306,74,36,40,18,120.4817657,22.4521046,2776121,0,822102,0
09:01:49.407,76,36,40,18,120.4817505,22.4520760,2829778,0,833601,0
09:01:49.513,78,36,40,18,120.4817505,22.4520760,2925891,0,826969,0
09:01:49.630,78,36,40,18,120.4817429,22.4520569,2925891,0,826969,0
09:01:49.713,81,38,40,18,120.4817429,22.4520569,3014767,0,863948,0
09:01:49.823,81,37,41,18,120.4817429,22.4520359,3017695,0,850453,0
09:01:49.906,81,37,41,18,120.4817429,22.4520359,3025032,0,842617,0
09:01:50.011,81,38,42,18,120.4817429,22.4520149,3033188,0,871201,0
09:01:50.110,81,37,42,18,120.4817429,22.4520149,3028510,0,845441,0
09:01:50.241,80,36,43,18,120.4817429,22.4519939,2977028,0,830929,0
09:01:50.307,80,36,43,18,120.4817429,22.4519939,2977028,0,830929,0
09:01:50.418,79,34,43,18,120.4817429,22.4519711,2950488,0,776964,0
09:01:50.516,82,36,43,18,120.4817429,22.4519711,3041336,0,820682,0
09:01:50.615,82,36,45,18,120.4817505,22.4519501,3057261,0,825263,0
09:01:50.713,84,36,45,18,120.4817505,22.4519501,3131110,0,827671,0
09:01:50.843,82,35,46,18,120.4817657,22.4519272,3069109,0,802730,0
09:01:50.910,84,33,46,18,120.4817657,22.4519272,3119079,0,757852,0
09:01:51.052,86,33,47,18,120.4817810,22.4519081,3186091,0,767579,0
09:01:51.101,86,33,47,18,120.4817810,22.4519081,3186091,0,767579,0
09:01:51.216,90,35,47,18,120.4817810,22.4519081,3340647,0,809968,0
09:01:51.322,90,35,50,18,120.4818039,22.4518776,3340647,0,809968,0
09:01:51.403,90,36,50,18,120.4818039,22.4518776,3363803,0,819004,0
09:01:51.531,91,35,52,18,120.4818192,22.4518585,3389016,0,795787,0
09:01:51.613,94,38,52,18,120.4818192,22.4518585,3483974,0,865919,0
09:01:51.713,94,39,54,18,120.4818420,22.4518394,3493824,0,881263,0
09:01:51.813,95,41,54,18,120.4818420,22.4518394,3532732,0,929479,0
09:01:51.951,97,43,57,18,120.4818726,22.4518223,3617034,0,966714,0
09:01:52.016,97,43,57,18,120.4818726,22.4518223,3617034,0,966714,0
09:01:52.132,98,45,59,18,120.4818954,22.4518051,3626985,0,1025267,0
09:01:52.217,99,49,59,18,120.4818954,22.4518051,3686587,0,1094795,0
09:01:52.316,100,50,59,18,120.4818954,22.4518051,3705595,0,1131811,0
09:01:52.435,100,52,62,18,120.4819336,22.4517784,3728280,0,1153617,0
09:01:52.509,98,52,62,18,120.4819336,22.4517784,3652557,0,1167391,0
09:01:52.609,93,51,64,18,120.4819565,22.4517593,3469257,0,1136080,0
09:01:52.709,85,49,64,18,120.4819565,22.4517593,3159320,0,1102847,0
09:01:52.842,81,49,67,18,120.4819870,22.4517403,3024286,0,1092998,0
09:01:52.907,81,49,67,18,120.4819870,22.4517403,3024286,0,1092998,0
09:01:53.056,80,49,65,18,120.4820099,22.4517193,2996477,0,1093918,0
09:01:53.107,80,49,65,18,120.4820099,22.4517193,2979802,0,1098949,0
09:01:53.205,78,48,65,18,120.4820099,22.4517193,2922832,0,1074458,0
09:01:53.344,78,47,62,18,120.4820480,22.4516888,2896198,0,1051791,0
09:01:53.409,76,45,62,18,120.4820480,22.4516888,2845481,0,1014769,0
09:01:53.537,78,42,61,18,120.4820709,22.4516697,2916729,0,945287,0
09:01:53.603,78,42,61,18,120.4820709,22.4516697,2916729,0,945287,0
09:01:53.728,79,40,61,18,120.4821014,22.4516468,2941345,0,903284,0
09:01:53.809,79,36,61,18,120.4821014,22.4516468,2962352,0,828462,0
09:01:53.905,83,37,61,18,120.4821243,22.4516220,3098867,0,840801,0
09:01:54.003,88,39,61,18,120.4821243,22.4516220,3271718,0,892590,0
09:01:54.104,87,38,63,18,120.4821396,22.4515953,3254512,0,875895,0
09:01:54.203,89,38,63,18,120.4821396,22.4515953,3316767,0,863394,0
09:01:54.334,91,38,64,18,120.4821625,22.4515686,3375762,0,867120,0
09:01:54.416,93,39,64,18,120.4821625,22.4515686,3455495,0,880205,0
09:01:54.514,93,39,67,18,120.4821777,22.4515400,3455495,0,880205,0
09:01:54.611,94,39,67,18,120.4821777,22.4515400,3483881,0,880440,0
09:01:54.711,94,38,69,17,120.4821854,22.4515076,3476730,0,871915,0
09:01:54.813,94,37,69,17,120.4821854,22.4515076,3511782,0,840545,0
09:01:54.927,95,38,72,17,120.4822006,22.4514732,3548089,0,869759,0
09:01:55.010,95,39,72,17,120.4822006,22.4514732,3539848,0,887028,0
09:01:55.118,95,39,75,17,120.4822159,22.4514389,3539848,0,887028,0
09:01:55.217,100,42,75,17,120.4822159,22.4514389,3716274,0,946018,0
09:01:55.308,100,42,78,17,120.4822235,22.4514008,3716274,0,946018,0
09:01:55.407,99,40,78,17,120.4822235,22.4514008,3693686,0,916974,0
09:01:55.538,99,41,81,17,120.4822235,22.4513607,3665901,0,920423,0
09:01:55.604,100,48,81,17,120.4822235,22.4513607,3736787,0,1082396,0
09:01:55.712,100,48,85,17,120.4822388,22.4513187,3736787,0,1082396,0
09:01:55.812,98,41,85,17,120.4822388,22.4513187,3622367,0,923735,0
09:01:55.923,98,41,88,16,120.4822388,22.4512749,3622367,0,923735,0
09:01:56.007,96,40,88,16,120.4822388,22.4512749,3555580,0,903395,0
09:01:56.133,100,44,91,17,120.4822540,22.4512291,3828830,0,986532,0
09:01:56.216,100,56,91,17,120.4822540,22.4512291,3785893,0,1247838,0
09:01:56.303,100,56,94,18,120.4822540,22.4511833,3785893,0,1247838,0
09:01:56.416,99,42,94,18,120.4822540,22.4511833,3676661,0,957256,0
09:01:56.505,99,42,94,18,120.4822540,22.4511356,3676661,0,957256,0
09:01:56.603,100,48,94,18,120.4822540,22.4511356,3773936,0,1087029,0
09:01:56.733,100,49,95,18,120.4822540,22.4510880,3803980,0,1094471,0
09:01:56.816,100,48,95,18,120.4822540,22.4510880,3719196,0,1084729,0
09:01:56.904,100,51,99,18,120.4822540,22.4510365,3750198,0,1138046,0
09:01:57.003,100,51,99,18,120.4822540,22.4510365,3774555,0,1133289,0
09:01:57.151,98,48,104,18,120.4822540,22.4509830,3637443,0,1089687,0
09:01:57.203,85,50,104,18,120.4822540,22.4509830,3162013,0,1116818,0
09:01:57.304,85,50,107,18,120.4822540,22.4509296,3162013,0,1116818,0
09:01:57.403,78,49,107,18,120.4822540,22.4509296,2905351,0,1095120,0
09:01:57.533,78,49,107,18,120.4822540,22.4508743,2905351,0,1095120,0
09:01:57.616,78,50,107,18,120.4822540,22.4508743,2927608,0,1115177,0
09:01:57.729,79,50,105,18,120.4822540,22.4508228,2934048,0,1125979,0
09:01:57.813,73,52,105,18,120.4822540,22.4508228,2732398,0,1171903,0
09:01:57.925,73,52,102,18,120.4822540,22.4507713,2732398,0,1171903,0
09:01:58.006,68,53,102,18,120.4822540,22.4507713,2547295,0,1177467,0
09:01:58.139,67,54,99,18,120.4822388,22.4507198,2519946,0,1215942,0
09:01:58.207,66,57,99,18,120.4822388,22.4507198,2481293,0,1261941,0
09:01:58.306,64,54,99,18,120.4822388,22.4507198,2411157,0,1216772,0
09:01:58.438,70,60,95,18,120.4822388,22.4506474,2616555,0,1337104,0
09:01:58.503,67,60,95,18,120.4822388,22.4506474,2510280,0,1340734,0
09:01:58.617,68,61,92,18,120.4822388,22.4505997,2541489,0,1359307,0
09:01:58.716,67,61,92,18,120.4822388,22.4505997,2521534,0,1356243,0
09:01:58.803,67,61,89,18,120.4822388,22.4505558,2521534,0,1356243,0
09:01:58.901,64,58,89,18,120.4822388,22.4505558,2416939,0,1291413,0
09:01:59.035,64,58,86,18,120.4822388,22.4505100,2416939,0,1291413,0
09:01:59.107,64,57,86,18,120.4822388,22.4505100,2386999,0,1263798,0
09:01:59.240,62,53,83,18,120.4822540,22.4504681,2341808,0,1182082,0
09:01:59.307,67,53,83,18,120.4822540,22.4504681,2503524,0,1189524,0
09:01:59.409,67,53,80,18,120.4822540,22.4504280,2503524,0,1189524,0
09:01:59.516,71,49,80,18,120.4822540,22.4504280,2645813,0,1108049,0
09:01:59.653,71,49,78,18,120.4822693,22.4503880,2645813,0,1108049,0
09:01:59.703,72,46,78,18,120.4822693,22.4503880,2698027,0,1046526,0
09:01:59.830,73,45,76,18,120.4822693,22.4503498,2727130,0,1022778,0
09:01:59.913,72,46,76,18,120.4822693,22.4503498,2702430,0,1039879,0
09:02:00.044,73,45,74,18,120.4822769,22.4503136,2727651,0,1005936,0
09:02:00.110,73,45,74,18,120.4822769,22.4503136,2727651,0,1005936,0
09:02:00.209,77,42,74,18,120.4822769,22.4503136,2871287,0,941999,0
09:02:00.318,77,42,72,18,120.4822922,22.4502602,2871287,0,941999,0
09:02:00.416,77,42,72,18,120.4822922,22.4502602,2874200,0,952235,0
09:02:00.528,77,40,72,18,120.4823151,22.4502277,2857823,0,906689,0
09:02:00.610,75,41,72,18,120.4823151,22.4502277,2798153,0,924138,0
09:02:00.718,75,39,71,18,120.4823303,22.4501934,2798098,0,895179,0
09:02:00.816,77,40,71,18,120.4823303,22.4501934,2865533,0,915720,0
09:02:00.928,77,40,70,18,120.4823456,22.4501629,2865533,0,915720,0
09:02:01.009,76,39,70,18,120.4823456,22.4501629,2850050,0,894671,0
09:02:01.141,78,39,69,18,120.4823685,22.4501324,2895975,0,886899,0
09:02:01.207,80,38,69,18,120.4823685,22.4501324,2968165,0,876924,0
09:02:01.306,81,38,69,18,120.4823685,22.4501324,3006859,0,876084,0
09:02:01.445,82,38,70,18,120.4824066,22.4500904,3054976,0,875487,0
09:02:01.509,82,36,70,18,120.4824066,22.4500904,3047089,0,832220,0
09:02:01.609,82,36,70,18,120.4824295,22.4500656,3065743,0,834294,0
09:02:01.709,82,35,70,18,120.4824295,22.4500656,3043272,0,807398,0
09:02:01.843,82,35,71,18,120.4824600,22.4500408,3043272,0,807398,0
09:02:01.909,82,33,71,18,120.4824600,22.4500408,3038329,0,755610,0
09:02:02.036,83,32,72,18,120.4824829,22.4500179,3107965,0,740552,0
09:02:02.101,87,34,72,18,120.4824829,22.4500179,3240853,0,788888,0
09:02:02.216,91,37,72,18,120.4824829,22.4500179,3375893,0,841483,0
09:02:02.374,91,37,75,18,120.4825363,22.4499855,3375893,0,841483,0
09:02:02.407,92,37,75,18,120.4825363,22.4499855,3417039,0,846096,0
09:02:02.537,92,37,77,18,120.4825745,22.4499664,3417039,0,846096,0
09:02:02.603,94,37,77,18,120.4825745,22.4499664,3484915,0,847529,0
09:02:02.730,95,38,79,18,120.4826126,22.4499493,3535436,0,876053,0
09:02:02.813,96,38,79,18,120.4826126,22.4499493,3573059,0,877037,0
09:02:02.905,96,38,82,18,120.4826508,22.4499321,3566695,0,861662,0
09:02:03.003,98,41,82,18,120.4826508,22.4499321,3625302,0,922913,0
09:02:03.150,99,45,84,18,120.4826889,22.4499168,3677186,0,1018177,0
09:02:03.216,98,37,84,18,120.4826889,22.4499168,3655997,0,844524,0
09:02:03.332,98,37,88,18,120.4827423,22.4499016,3655997,0,844524,0
09:02:03.416,99,41,88,18,120.4827423,22.4499016,3668695,0,937669,0
09:02:03.503,100,46,91,18,120.4827805,22.4498882,3846834,0,1035608,0
09:02:03.603,100,47,91,18,120.4827805,22.4498882,3845595,0,1060616,0
09:02:03.768,100,45,95,18,120.4828262,22.4498749,3802500,0,1024847,0
09:02:03.801,100,45,95,18,120.4828262,22.4498749,3802500,0,1024847,0
09:02:03.916,99,46,98,18,120.4828796,22.4498634,3693855,0,1031179,0
09:02:04.017,100,45,98,18,120.4828796,22.4498634,3708723,0,1014860,0
09:02:04.113,98,41,101,18,120.4829330,22.4498520,3635812,0,937510,0
09:02:04.209,100,44,101,18,120.4829330,22.4498520,3694932,0,998917,0
09:02:04.309,99,44,101,18,120.4829330,22.4498520,3665875,0,1000627,0
09:02:04.464,99,44,105,18,120.4830246,22.4498405,3665875,0,1000627,0
09:02:04.501,98,43,105,18,120.4830246,22.4498405,3651324,0,972497,0
09:02:04.631,99,46,108,18,120.4830704,22.4498329,3661242,0,1036176,0
09:02:04.713,95,40,108,18,120.4830704,22.4498329,3536685,0,912162,0
09:02:04.823,95,40,111,18,120.4831390,22.4498234,3536685,0,912162,0
09:02:04.907,91,42,111,18,120.4831390,22.4498234,3368053,0,943182,0
09:02:05.038,84,48,112,18,120.4832001,22.4498196,3137590,0,1080167,0
09:02:05.103,77,47,112,18,120.4832001,22.4498196,2867671,0,1060884,0
09:02:05.203,76,46,112,18,120.4832001,22.4498196,2852758,0,1045883,0
09:02:05.347,77,48,109,18,120.4832764,22.4498119,2877623,0,1084152,0
09:02:05.413,74,47,109,18,120.4832764,22.4498119,2763172,0,1064888,0
09:02:05.525,74,47,106,18,120.4833374,22.4498119,2763172,0,1064888,0
09:02:05.607,68,54,106,18,120.4833374,22.4498119,2528356,0,1204959,0
09:02:05.717,62,65,104,18,120.4833908,22.4498100,2327239,0,1441607,0
09:02:05.816,54,67,104,18,120.4833908,22.4498100,2027064,0,1480285,0
09:02:05.901,50,68,100,18,120.4834595,22.4498081,1873028,0,1509336,0
09:02:06.009,50,72,100,18,120.4834595,22.4498081,1901754,0,1598911,0
09:02:06.107,49,75,100,18,120.4834595,22.4498081,1840639,0,1657933,0
09:02:06.218,48,75,93,18,120.4835358,22.4498100,1828906,0,1650808,0
09:02:06.300,51,76,93,18,120.4835358,22.4498100,1926312,0,1677574,0
09:02:06.404,51,76,89,18,120.4835815,22.4498119,1926312,0,1677574,0
09:02:06.503,53,74,89,18,120.4835815,22.4498119,1997788,0,1635287,0
09:02:06.656,53,74,85,18,120.4836197,22.4498119,1997788,0,1635287,0
09:02:06.706,54,73,85,18,120.4836197,22.4498119,2015956,0,1602230,0
09:02:06.806,55,72,81,18,120.4836731,22.4498158,2087180,0,1585075,0
09:02:06.907,57,72,81,18,120.4836731,22.4498158,2158509,0,1593812,0
09:02:07.072,58,72,77,18,120.4837112,22.4498196,2186492,0,1596296,0
09:02:07.107,58,72,77,18,120.4837112,22.4498196,2186492,0,1596296,0
09:02:07.207,57,69,77,18,120.4837112,22.4498196,2144168,0,1530757,0
09:02:07.315,57,69,72,18,120.4837723,22.4498272,2144168,0,1530757,0
09:02:07.413,57,70,72,18,120.4837723,22.4498272,2144561,0,1538551,0
09:02:07.523,54,66,68,18,120.4838181,22.4498329,2044842,0,1470992,0
09:02:07.607,56,63,68,18,120.4838181,22.4498329,2095533,0,1407901,0
09:02:07.734,57,63,65,18,120.4838409,22.4498405,2127462,0,1390482,0
09:02:07.800,59,59,65,18,120.4838409,22.4498405,2224523,0,1320890,0
09:02:07.929,59,59,62,18,120.4838791,22.4498482,2224523,0,1320890,0
09:02:08.011,62,51,62,18,120.4838791,22.4498482,2339166,0,1134944,0
09:02:08.153,65,40,59,18,120.4839020,22.4498577,2426380,0,913392,0
09:02:08.203,72,42,59,18,120.4839020,22.4498577,2681591,0,949818,0
09:02:08.303,76,44,59,18,120.4839401,22.4498692,2818770,0,986875,0
09:02:08.403,76,41,59,18,120.4839401,22.4498692,2840873,0,940599,0
09:02:08.534,75,40,57,18,120.4839706,22.4498825,2812365,0,920059,0
09:02:08.616,76,41,57,18,120.4839706,22.4498825,2853250,0,924012,0
09:02:08.741,76,41,56,18,120.4839935,22.4498959,2853250,0,924012,0
09:02:08.807,78,40,56,18,120.4839935,22.4498959,2910233,0,914864,0
09:02:08.910,79,40,56,18,120.4840164,22.4499111,2960922,0,900770,0
09:02:09.009,80,40,56,18,120.4840164,22.4499111,2994571,0,917480,0
09:02:09.193,80,40,56,18,120.4840469,22.4499302,2976307,0,904608,0
09:02:09.210,79,38,56,18,120.4840469,22.4499302,2947372,0,873340,0
09:02:09.309,79,38,56,18,120.4840469,22.4499302,2948189,0,864991,0
09:02:09.418,79,38,57,18,120.4840698,22.4499607,2948189,0,864991,0
09:02:09.507,79,38,57,18,120.4840698,22.4499607,2960924,0,858679,0
09:02:09.635,79,38,57,18,120.4840927,22.4499817,2950828,0,871657,0
09:02:09.716,81,38,57,18,120.4840927,22.4499817,3010429,0,871644,0
09:02:09.816,83,41,57,18,120.4840927,22.4499817,3097714,0,920912,0
09:02:09.952,83,41,58,18,120.4841232,22.4500179,3097714,0,920912,0
09:02:10.003,83,40,58,18,120.4841232,22.4500179,3084302,0,903602,0
09:02:10.152,82,40,58,18,120.4841309,22.4500427,3060788,0,907965,0
09:02:10.203,81,39,58,18,120.4841309,22.4500427,3035255,0,894848,0
09:02:10.309,82,39,58,18,120.4841309,22.4500427,3041543,0,889854,0
09:02:10.432,82,39,57,18,120.4841614,22.4500828,3041543,0,889854,0
09:02:10.516,81,39,57,18,120.4841614,22.4500828,3002426,0,885601,0
09:02:10.624,81,39,57,18,120.4841690,22.4501095,3007977,0,881547,0
09:02:10.707,79,40,57,18,120.4841690,22.4501095,2961432,0,912539,0
09:02:10.819,78,37,58,18,120.4841690,22.4501400,2921824,0,843652,0
09:02:10.903,80,38,58,18,120.4841690,22.4501400,2970235,0,876126,0
09:02:11.002,79,38,58,18,120.4841843,22.4501686,2950238,0,871146,0
09:02:11.111,78,39,58,18,120.4841843,22.4501686,2925131,0,895133,0
09:02:11.209,77,38,58,18,120.4841843,22.4501686,2873965,0,858535,0
09:02:11.377,77,38,58,18,120.4841843,22.4502106,2866234,0,865063,0
09:02:11.411,77,38,58,18,120.4841843,22.4502106,2866234,0,865063,0
09:02:11.513,77,36,57,18,120.4841843,22.4502411,2877116,0,828422,0
09:02:11.612,78,37,57,18,120.4841843,22.4502411,2893509,0,847724,0
09:02:11.764,78,38,57,18,120.4841843,22.4502697,2900209,0,868622,0
09:02:11.813,72,35,57,18,120.4841843,22.4502697,2686588,0,800231,0
09:02:11.943,78,36,57,18,120.4841690,22.4502983,2920030,0,824392,0
09:02:12.003,78,36,57,18,120.4841690,22.4502983,2920030,0,824392,0
09:02:12.103,70,35,57,18,120.4841690,22.4502983,2627971,0,811373,0
09:02:12.241,70,35,55,18,120.4841614,22.4503384,2627971,0,811373,0
09:02:12.307,71,35,55,18,120.4841614,22.4503384,2669158,0,799398,0
09:02:12.433,74,38,54,18,120.4841461,22.4503651,2761934,0,870842,0
09:02:12.516,76,37,54,18,120.4841461,22.4503651,2820536,0,854519,0
09:02:12.611,77,36,53,18,120.4841309,22.4503880,2883489,0,823234,0
09:02:12.709,78,37,53,18,120.4841309,22.4503880,2899543,0,847682,0
09:02:12.819,78,37,54,18,120.4841232,22.4504108,2899543,0,847682,0
09:02:12.902,78,37,54,18,120.4841232,22.4504108,2892475,0,836096,0
09:02:13.013,78,37,54,18,120.4841080,22.4504337,2926829,0,844039,0
09:02:13.111,79,39,54,18,120.4841080,22.4504337,2948842,0,886634,0
09:02:13.209,77,37,54,18,120.4841080,22.4504337,2877208,0,847066,0
09:02:13.368,77,37,54,18,120.4840698,22.4504642,2877208,0,847066,0
09:02:13.401,78,36,54,18,120.4840698,22.4504642,2925962,0,832849,0
09:02:13.530,80,39,54,18,120.4840546,22.4504814,2968329,0,885701,0
09:02:13.612,79,39,54,18,120.4840546,22.4504814,2962894,0,882965,0
09:02:13.713,79,38,54,18,120.4840317,22.4504967,2961162,0,858234,0
09:02:13.812,79,38,54,18,120.4840317,22.4504967,2954743,0,864626,0
09:02:13.902,79,38,54,18,120.4840088,22.4505119,2954743,0,864626,0
09:02:14.011,80,39,54,18,120.4840088,22.4505119,2991304,0,891307,0
09:02:14.130,80,39,54,18,120.4839783,22.4505234,2980549,0,896574,0
09:02:14.213,79,38,54,18,120.4839783,22.4505234,2943822,0,858908,0
09:02:14.312,80,38,54,18,120.4839783,22.4505234,2978472,0,872497,0
09:02:14.435,80,38,54,18,120.4839325,22.4505367,2974621,0,876469,0
09:02:14.506,81,38,54,18,120.4839325,22.4505367,3017926,0,868974,0
09:02:14.616,81,38,53,18,120.4839020,22.4505463,3017926,0,868974,0
09:02:14.716,82,38,53,18,120.4839020,22.4505463,3049648,0,857175,0
09:02:14.816,83,37,54,18,120.4838791,22.4505501,3107101,0,853807,0
09:02:14.916,83,37,54,18,120.4838791,22.4505501,3103425,0,850444,0
09:02:15.016,84,36,54,18,120.4838791,22.4505501,3122249,0,821944,0
09:02:15.112,84,37,55,18,120.4838562,22.4505539,3123027,0,845168,0
09:02:15.211,83,34,55,18,120.4838562,22.4505539,3080445,0,792862,0
09:02:15.355,83,35,57,18,120.4838028,22.4505520,3098925,0,798086,0
09:02:15.403,83,35,57,18,120.4838028,22.4505520,3098925,0,798086,0
09:02:15.503,84,36,57,18,120.4838028,22.4505520,3138353,0,828358,0
09:02:15.643,84,36,58,18,120.4837494,22.4505463,3138353,0,828358,0
09:02:15.707,84,36,58,18,120.4837494,22.4505463,3137958,0,833059,0
09:02:15.807,84,34,59,18,120.4837265,22.4505386,3116732,0,779767,0
09:02:15.907,86,35,59,18,120.4837265,22.4505386,3191129,0,795954,0
09:02:16.086,89,36,61,18,120.4836960,22.4505272,3321766,0,817604,0
09:02:16.103,89,36,61,18,120.4836960,22.4505272,3321766,0,817604,0
09:02:16.203,91,39,61,18,120.4836960,22.4505272,3371999,0,884607,0
09:02:16.344,91,33,64,18,120.4836502,22.4505081,3386567,0,770926,0
09:02:16.416,96,41,64,18,120.4836502,22.4505081,3581250,0,922968,0
09:02:16.503,96,41,66,18,120.4836197,22.4504929,3581250,0,922968,0
09:02:16.603,96,40,66,18,120.4836197,22.4504929,3554350,0,905013,0
09:02:16.770,97,40,69,18,120.4835815,22.4504757,3595427,0,906661,0
09:02:16.803,97,41,69,18,120.4835815,22.4504757,3593822,0,927842,0
09:02:16.944,90,42,72,18,120.4835587,22.4504547,3347067,0,945280,0
09:02:17.009,90,42,72,18,120.4835587,22.4504547,3347067,0,945280,0
09:02:17.152,83,48,74,18,120.4835205,22.4504318,3076039,0,1073503,0
09:02:17.203,83,48,74,18,120.4835205,22.4504318,3076039,0,1073503,0
09:02:17.303,82,48,74,18,120.4835205,22.4504318,3039287,0,1089437,0
09:02:17.444,82,50,71,18,120.4834824,22.4503975,3054496,0,1123584,0
09:02:17.509,82,52,71,18,120.4834824,22.4503975,3057452,0,1154232,0
09:02:17.613,79,53,70,18,120.4834442,22.4503765,2961871,0,1193570,0
09:02:17.712,77,54,70,18,120.4834442,22.4503765,2890993,0,1198802,0
09:02:17.824,77,55,67,18,120.4834213,22.4503536,2872677,0,1217666,0
09:02:17.907,76,54,67,18,120.4834213,22.4503536,2820418,0,1196089,0
09:02:18.007,76,53,67,18,120.4834213,22.4503536,2836192,0,1175898,0
09:02:18.122,76,53,66,18,120.4833908,22.4503326,2836192,0,1175898,0
09:02:18.207,76,51,66,18,120.4833908,22.4503326,2847584,0,1141087,0
09:02:18.337,76,49,63,18,120.4833527,22.4503040,2853979,0,1109954,0
09:02:18.401,76,46,63,18,120.4833527,22.4503040,2831852,0,1037031,0
09:02:18.501,75,44,62,18,120.4833145,22.4502850,2810734,0,996004,0
09:02:18.616,75,48,62,18,120.4833145,22.4502850,2807380,0,1078280,0
09:02:18.764,74,44,60,18,120.4832916,22.4502697,2777592,0,984231,0
09:02:18.813,74,44,60,18,120.4832916,22.4502697,2777592,0,984231,0
09:02:18.913,75,42,59,18,120.4832611,22.4502544,2797108,0,955086,0
09:02:19.012,76,42,59,18,120.4832611,22.4502544,2836066,0,948088,0
09:02:19.199,76,41,58,18,120.4832382,22.4502430,2837811,0,929580,0
09:02:19.217,76,41,58,18,120.4832382,22.4502430,2837811,0,929580,0
09:02:19.316,78,39,58,18,120.4832382,22.4502430,2897372,0,893423,0
09:02:19.443,78,40,57,18,120.4831848,22.4502296,2921463,0,900425,0
09:02:19.513,79,39,57,18,120.4831848,22.4502296,2961047,0,880905,0
09:02:19.612,80,39,57,18,120.4831848,22.4502296,2971268,0,894152,0
09:02:19.710,79,39,57,18,120.4831848,22.4502296,2940070,0,885448,0
09:02:19.843,79,38,57,18,120.4831390,22.4502182,2944315,0,871702,0
09:02:19.909,79,38,57,18,120.4831390,22.4502182,2944315,0,871702,0
09:02:20.038,79,38,57,17,120.4831009,22.4502144,2935783,0,875889,0
09:02:20.103,78,38,57,17,120.4831009,22.4502144,2919925,0,864248,0
09:02:20.202,79,39,57,17,120.4831009,22.4502144,2963218,0,879549,0
09:02:20.342,80,39,57,18,120.4830627,22.4502163,2966617,0,881140,0
09:02:20.409,78,37,57,18,120.4830627,22.4502163,2919408,0,848878,0
09:02:20.511,78,36,57,18,120.4830246,22.4502201,2913236,0,823331,0
09:02:20.609,79,36,57,18,120.4830246,22.4502201,2952908,0,820146,0
09:02:20.778,80,37,57,18,120.4829941,22.4502258,2998106,0,854157,0
09:02:20.811,80,37,57,18,120.4829941,22.4502258,2998106,0,854157,0
09:02:20.950,79,35,58,18,120.4829559,22.4502335,2948684,0,795796,0
09:02:21.015,79,34,58,18,120.4829559,22.4502335,2954687,0,784739,0
09:02:21.114,79,34,58,18,120.4829559,22.4502335,2933841,0,785263,0
09:02:21.215,79,34,58,18,120.4829178,22.4502487,2931879,0,784451,0
09:02:21.312,79,36,58,18,120.4829178,22.4502487,2939918,0,822693,0
09:02:21.480,78,36,58,18,120.4828949,22.4502640,2909903,0,818988,0
09:02:21.513,78,36,58,18,120.4828949,22.4502640,2909903,0,818988,0
09:02:21.643,78,35,58,18,120.4828644,22.4502811,2908669,0,800859,0
09:02:21.709,78,39,58,18,120.4828644,22.4502811,2921239,0,880349,0
09:02:21.827,78,37,58,18,120.4828415,22.4502983,2910625,0,844610,0
09:02:21.909,77,34,58,18,120.4828415,22.4502983,2874120,0,787207,0
09:02:22.009,77,34,58,18,120.4828415,22.4502983,2866876,0,774866,0
09:02:22.158,77,35,58,18,120.4828033,22.4503307,2863588,0,797491,0
09:02:22.207,76,34,58,18,120.4828033,22.4503307,2848695,0,776367,0
09:02:22.305,76,32,58,18,120.4828033,22.4503307,2843664,0,744904,0
09:02:22.411,77,33,57,18,120.4827805,22.4503651,2859612,0,756447,0
09:02:22.510,78,35,57,18,120.4827805,22.4503651,2911526,0,804922,0
09:02:22.641,80,38,58,18,120.4827652,22.4503899,2964651,0,863137,0
09:02:22.707,80,38,58,18,120.4827652,22.4503899,2976593,0,857442,0
09:02:22.878,80,38,58,18,120.4827499,22.4504166,2976593,0,857442,0
09:02:22.911,80,38,58,18,120.4827499,22.4504166,2970013,0,865606,0
09:02:23.042,82,39,58,18,120.4827423,22.4504452,3054091,0,889901,0
09:02:23.109,81,38,58,18,120.4827423,22.4504452,3024945,0,869828,0
09:02:23.209,82,38,58,18,120.4827423,22.4504452,3047118,0,858736,0
09:02:23.354,80,38,58,18,120.4827271,22.4504871,2980339,0,868132,0
09:02:23.403,80,38,58,18,120.4827271,22.4504871,2980339,0,868132,0
09:02:23.552,76,38,58,18,120.4827118,22.4505157,2823415,0,856713,0
09:02:23.601,74,40,58,18,120.4827118,22.4505157,2765822,0,919933,0
09:02:23.727,70,37,57,18,120.4827118,22.4505444,2603699,0,838940,0
09:02:23.809,70,36,57,18,120.4827118,22.4505444,2602947,0,817890,0
09:02:23.969,69,35,55,18,120.4827118,22.4505730,2599281,0,810217,0
09:02:24.002,69,35,55,18,120.4827118,22.4505730,2599281,0,810217,0
09:02:24.102,73,37,55,18,120.4827118,22.4505730,2738078,0,852192,0
09:02:24.205,77,38,54,18,120.4827118,22.4506130,2881768,0,861347,0
09:02:24.312,78,37,54,18,120.4827118,22.4506130,2904986,0,841067,0
09:02:24.443,79,33,54,18,120.4827271,22.4506397,2942070,0,760925,0
09:02:24.513,83,37,54,18,120.4827271,22.4506397,3104801,0,837961,0
09:02:24.642,83,37,55,18,120.4827423,22.4506664,3104801,0,837961,0
09:02:24.709,82,34,55,18,120.4827423,22.4506664,3038309,0,787953,0
09:02:24.823,81,31,55,18,120.4827423,22.4506912,3032435,0,723761,0
09:02:24.906,82,35,55,18,120.4827423,22.4506912,3061792,0,797461,0
09:02:25.051,81,33,57,18,120.4827652,22.4507160,3035349,0,759458,0
09:02:25.101,81,33,57,18,120.4827652,22.4507160,3035349,0,759458,0
09:02:25.247,86,35,57,18,120.4827805,22.4507408,3215475,0,810755,0
09:02:25.312,86,35,57,18,120.4827805,22.4507408,3215475,0,810755,0
09:02:25.412,86,34,57,18,120.4827805,22.4507408,3207441,0,778210,0
09:02:25.557,87,35,60,18,120.4828033,22.4507751,3220764,0,793505,0
09:02:25.607,87,35,60,18,120.4828033,22.4507751,3220764,0,793505,0
09:02:25.706,88,34,60,18,120.4828033,22.4507751,3285355,0,782560,0
09:02:25.851,92,36,63,18,120.4828415,22.4508095,3409128,0,833907,0
09:02:25.902,93,37,63,18,120.4828415,22.4508095,3451127,0,848932,0
09:02:26.062,94,35,65,18,120.4828644,22.4508286,3480663,0,795257,0
09:02:26.111,95,39,65,18,120.4828644,22.4508286,3540406,0,878001,0
09:02:26.210,91,39,65,18,120.4828644,22.4508286,3397480,0,879461,0
09:02:26.319,91,39,69,18,120.4829178,22.4508572,3397480,0,879461,0
09:02:26.402,90,39,69,18,120.4829178,22.4508572,3365293,0,895063,0
09:02:26.537,89,39,70,18,120.4829407,22.4508743,3311474,0,880424,0
09:02:26.602,88,35,70,18,120.4829407,22.4508743,3278654,0,810086,0
09:02:26.743,90,36,71,18,120.4829788,22.4508915,3362863,0,822463,0
09:02:26.807,92,37,71,18,120.4829788,22.4508915,3419196,0,853272,0
09:02:26.906,93,36,71,18,120.4829788,22.4508915,3472937,0,829989,0
09:02:27.048,95,38,75,18,120.4830322,22.4509144,3545775,0,860694,0
09:02:27.113,97,39,75,18,120.4830322,22.4509144,3608282,0,897626,0
09:02:27.212,97,39,75,18,120.4830322,22.4509144,3591493,0,889585,0
09:02:27.355,99,40,79,18,120.4831009,22.4509315,3671878,0,919537,0
09:02:27.406,98,43,79,18,120.4831009,22.4509315,3653105,0,964166,0
09:02:27.506,98,43,79,18,120.4831009,22.4509315,3627796,0,978587,0
09:02:27.651,98,42,84,18,120.4831619,22.4509468,3646751,0,946389,0
09:02:27.701,98,42,84,18,120.4831619,22.4509468,3646751,0,946389,0
09:02:27.831,99,41,87,18,120.4832001,22.4509544,3667235,0,930973,0
09:02:27.913,100,49,87,18,120.4832001,22.4509544,3757695,0,1097688,0
09:02:28.012,100,49,87,18,120.4832001,22.4509544,3751169,0,1099080,0
09:02:28.184,100,46,91,18,120.4832764,22.4509659,3759671,0,1035270,0
09:02:28.201,100,46,91,18,120.4832764,22.4509659,3759671,0,1035270,0
09:02:28.300,100,48,91,18,120.4832764,22.4509659,3785535,0,1082483,0
09:02:28.438,100,48,96,18,120.4833527,22.4509735,3770267,0,1081169,0
09:02:28.505,100,48,96,18,120.4833527,22.4509735,3745631,0,1077283,0
09:02:28.645,100,48,100,18,120.4834061,22.4509792,3726787,0,1080425,0
09:02:28.710,100,48,100,18,120.4834061,22.4509792,3726787,0,1080425,0
09:02:28.809,89,50,100,18,120.4834061,22.4509792,3300480,0,1112019,0
09:02:28.922,89,50,105,18,120.4834976,22.4509850,3300480,0,1112019,0
09:02:29.003,82,50,105,18,120.4834976,22.4509850,3045044,0,1124731,0
09:02:29.153,80,51,102,18,120.4835434,22.4509888,2970755,0,1133087,0
09:02:29.203,78,50,102,18,120.4835434,22.4509888,2905171,0,1119595,0
09:02:29.302,74,50,102,18,120.4835434,22.4509888,2759720,0,1126137,0
09:02:29.447,67,55,100,18,120.4836197,22.4509945,2510098,0,1227804,0
09:02:29.501,67,55,100,18,120.4836197,22.4509945,2510098,0,1227804,0
09:02:29.619,63,58,97,18,120.4836884,22.4509945,2350145,0,1296892,0
09:02:29.701,63,59,97,18,120.4836884,22.4509945,2373177,0,1302136,0
09:02:29.815,64,62,97,18,120.4836884,22.4509945,2402503,0,1376648,0
09:02:29.966,63,63,92,18,120.4837646,22.4509983,2377574,0,1387934,0
09:02:30.016,63,63,92,18,120.4837646,22.4509983,2377574,0,1387934,0
09:02:30.115,62,66,92,18,120.4837646,22.4509983,2336007,0,1452828,0
09:02:30.241,62,66,87,18,120.4838257,22.4509983,2336007,0,1452828,0
09:02:30.307,60,65,87,18,120.4838257,22.4509983,2240937,0,1433893,0
09:02:30.441,59,63,84,18,120.4838791,22.4509964,2224058,0,1392131,0
09:02:30.506,64,61,84,18,120.4838791,22.4509964,2399327,0,1364193,0
09:02:30.606,66,59,84,18,120.4838791,22.4509964,2485560,0,1313560,0
09:02:30.747,66,56,79,18,120.4839401,22.4509945,2476966,0,1244220,0
09:02:30.813,69,53,79,18,120.4839401,22.4509945,2599146,0,1180031,0
09:02:30.941,69,53,77,18,120.4839783,22.4509907,2599146,0,1180031,0
09:02:31.007,71,51,77,18,120.4839783,22.4509907,2666685,0,1143883,0
09:02:31.137,72,48,75,18,120.4840317,22.4509850,2680831,0,1085317,0
09:02:31.206,73,48,75,18,120.4840317,22.4509850,2710742,0,1071918,0
09:02:31.303,72,46,75,18,120.4840317,22.4509850,2677862,0,1038081,0
09:02:31.457,73,45,72,18,120.4840851,22.4509754,2741446,0,1017298,0
09:02:31.506,78,48,72,18,120.4840851,22.4509754,2893306,0,1078182,0
09:02:31.620,78,48,71,18,120.4841232,22.4509659,2893306,0,1078182,0
09:02:31.702,78,49,71,18,120.4841232,22.4509659,2911169,0,1090740,0
09:02:31.849,81,42,70,18,120.4841614,22.4509563,3017252,0,948835,0
09:02:31.916,84,41,70,18,120.4841614,22.4509563,3126887,0,937335,0
09:02:32.075,84,39,71,18,120.4841995,22.4509449,3142931,0,895917,0
09:02:32.107,82,36,71,18,120.4841995,22.4509449,3071999,0,820318,0
09:02:32.206,85,35,71,18,120.4841995,22.4509449,3153882,0,793389,0
09:02:32.339,85,37,72,18,120.4842529,22.4509220,3175479,0,855664,0
09:02:32.406,80,32,72,18,120.4842529,22.4509220,2971404,0,733549,0
09:02:32.535,80,32,73,18,120.4842911,22.4509029,2971404,0,733549,0
09:02:32.616,87,38,73,18,120.4842911,22.4509029,3237436,0,876650,0
09:02:32.701,90,49,75,18,120.4843140,22.4508839,3363173,0,1110145,0
09:02:32.801,86,39,75,18,120.4843140,22.4508839,3208968,0,893465,0
09:02:32.967,84,30,75,18,120.4843521,22.4508610,3125061,0,705908,0
09:02:33.001,86,35,75,18,120.4843521,22.4508610,3192668,0,811341,0
09:02:33.157,87,40,76,18,120.4843750,22.4508343,3250155,0,917505,0
09:02:33.206,87,40,76,18,120.4843750,22.4508343,3250155,0,917505,0
09:02:33.306,74,38,76,18,120.4843750,22.4508343,2765642,0,865023,0
09:02:33.448,73,38,76,18,120.4844284,22.4507961,2715903,0,869213,0
09:02:33.516,74,41,76,18,120.4844284,22.4507961,2747694,0,921686,0
09:02:33.633,76,41,74,18,120.4844513,22.4507675,2853133,0,920414,0
09:02:33.716,82,41,74,18,120.4844513,22.4507675,3055805,0,938712,0
09:02:33.816,84,42,74,18,120.4844513,22.4507675,3129315,0,954603,0
09:02:33.918,84,42,74,18,120.4844894,22.4507256,3129315,0,954603,0
09:02:34.012,85,41,74,18,120.4844894,22.4507256,3179597,0,933803,0
09:02:34.133,83,38,75,18,120.4845200,22.4506950,3085092,0,863771,0
09:02:34.216,89,48,75,18,120.4845200,22.4506950,3325724,0,1088822,0
09:02:34.306,93,48,75,18,120.4845200,22.4506950,3444338,0,1074993,0
09:02:34.409,86,37,77,18,120.4845428,22.4506454,3190379,0,840106,0
09:02:34.516,88,34,77,18,120.4845428,22.4506454,3287342,0,773346,0
09:02:34.667,94,46,78,18,120.4845734,22.4506111,3499554,0,1035105,0
09:02:34.716,94,46,78,18,120.4845734,22.4506111,3499554,0,1035105,0
09:02:34.847,87,40,80,18,120.4845810,22.4505749,3245129,0,906476,0
09:02:34.913,86,38,80,18,120.4845810,22.4505749,3184164,0,871418,0
09:02:35.027,87,41,80,18,120.4845963,22.4505367,3223575,0,938335,0
09:02:35.108,87,42,80,18,120.4845963,22.4505367,3251682,0,942904,0
09:02:35.208,87,42,80,18,120.4845963,22.4505367,3244719,0,961783,0
09:02:35.377,88,44,81,18,120.4846191,22.4504795,3261926,0,993286,0
09:02:35.411,87,42,81,18,120.4846191,22.4504795,3247849,0,957926,0
09:02:35.512,87,42,81,18,120.4846191,22.4504795,3243283,0,961711,0
09:02:35.655,85,40,82,18,120.4846497,22.4504204,3173600,0,907087,0
09:02:35.703,85,40,82,18,120.4846497,22.4504204,3173600,0,907087,0
09:02:35.802,81,43,82,18,120.4846497,22.4504204,3019375,0,975739,0
09:02:35.963,80,44,82,18,120.4846573,22.4503593,2986966,0,997018,0
09:02:36.013,80,44,82,18,120.4846573,22.4503593,2986966,0,997018,0
09:02:36.112,81,46,82,18,120.4846573,22.4503593,3006081,0,1033315,0
09:02:36.258,79,45,81,17,120.4846573,22.4502983,2940210,0,1020771,0
09:02:36.307,76,43,81,17,120.4846573,22.4502983,2833868,0,969393,0
09:02:36.406,74,41,81,17,120.4846573,22.4502983,2770125,0,941077,0
09:02:36.510,74,42,79,17,120.4846725,22.4502392,2781843,0,956173,0
09:02:36.609,74,43,79,17,120.4846725,22.4502392,2767253,0,967837,0
09:02:36.783,73,42,77,18,120.4846725,22.4501991,2740635,0,961487,0
09:02:36.800,73,42,77,18,120.4846725,22.4501991,2740635,0,961487,0
09:02:36.951,72,42,75,18,120.4846725,22.4501610,2704981,0,948865,0
09:02:37.001,74,41,75,18,120.4846725,22.4501610,2748466,0,936201,0
09:02:37.116,76,41,75,18,120.4846725,22.4501610,2834780,0,935428,0
09:02:37.249,76,43,73,18,120.4846573,22.4501057,2826704,0,970750,0
09:02:37.316,77,39,73,18,120.4846573,22.4501057,2859948,0,892481,0
09:02:37.407,77,40,73,18,120.4846573,22.4500713,2869402,0,917383,0
09:02:37.506,76,41,73,18,120.4846573,22.4500713,2854818,0,924624,0
09:02:37.670,75,38,72,18,120.4846497,22.4500332,2806245,0,869862,0
09:02:37.702,77,38,72,18,120.4846497,22.4500332,2855113,0,857123,0
09:02:37.802,81,40,72,18,120.4846497,22.4500332,3003338,0,907191,0
09:02:37.972,80,41,71,18,120.4846344,22.4499817,2998147,0,924923,0
09:02:38.006,80,41,71,18,120.4846344,22.4499817,2998147,0,924923,0
09:02:38.106,79,38,71,18,120.4846344,22.4499817,2941493,0,870277,0
09:02:38.260,79,38,70,18,120.4846115,22.4499321,2939985,0,875139,0
09:02:38.309,81,39,70,18,120.4846115,22.4499321,3002491,0,898869,0
09:02:38.425,80,38,71,18,120.4845963,22.4499016,2979431,0,862004,0
09:02:38.506,79,36,71,18,120.4845963,22.4499016,2935226,0,819231,0
09:02:38.641,79,37,71,18,120.4845734,22.4498711,2953208,0,841811,0
09:02:38.706,79,37,71,18,120.4845734,22.4498711,2953208,0,841811,0
09:02:38.806,77,31,71,18,120.4845734,22.4498711,2877470,0,723331,0
09:02:38.946,77,31,71,18,120.4845428,22.4498272,2877470,0,723331,0
09:02:39.012,90,38,71,18,120.4845428,22.4498272,3329941,0,861979,0
09:02:39.173,89,42,72,18,120.4845200,22.4497986,3296882,0,950589,0
09:02:39.206,77,35,72,18,120.4845200,22.4497986,2874545,0,806837,0
09:02:39.303,71,33,72,18,120.4845200,22.4497986,2667775,0,763207,0
09:02:39.433,76,40,72,18,120.4844818,22.4497604,2845030,0,902442,0
09:02:39.507,80,41,72,18,120.4844818,22.4497604,2982855,0,931648,0
09:02:39.639,81,38,72,18,120.4844437,22.4497375,3032639,0,866429,0
09:02:39.704,81,38,72,18,120.4844437,22.4497375,3032639,0,866429,0
09:02:39.803,80,37,72,18,120.4844437,22.4497375,2990015,0,847715,0
09:02:39.961,82,35,72,18,120.4844055,22.4497051,3065862,0,804306,0
09:02:40.011,82,35,72,18,120.4844055,22.4497051,3065862,0,804306,0
09:02:40.109,86,37,72,18,120.4844055,22.4497051,3206856,0,845696,0
09:02:40.236,86,36,74,18,120.4843521,22.4496765,3184813,0,834252,0
09:02:40.309,86,34,74,18,120.4843521,22.4496765,3214215,0,788258,0
09:02:40.409,89,35,74,18,120.4843521,22.4496765,3327421,0,798700,0
09:02:40.544,91,36,76,18,120.4842911,22.4496536,3392771,0,821199,0
09:02:40.611,95,39,76,18,120.4842911,22.4496536,3544912,0,896572,0
09:02:40.741,97,42,79,18,120.4842529,22.4496384,3592851,0,957029,0
09:02:40.807,97,42,79,18,120.4842529,22.4496384,3592851,0,957029,0
09:02:40.935,98,43,81,18,120.4842148,22.4496250,3626895,0,973977,0
09:02:41.016,97,45,81,18,120.4842148,22.4496250,3598086,0,1018727,0
09:02:41.147,98,45,84,18,120.4841690,22.4496136,3626612,0,1020731,0
09:02:41.212,96,43,84,18,120.4841690,22.4496136,3574040,0,975578,0
09:02:41.313,95,41,84,18,120.4841690,22.4496136,3534197,0,924246,0
09:02:41.434,97,43,88,18,120.4840927,22.4495983,3620459,0,972238,0
09:02:41.516,97,41,88,18,120.4840927,22.4495983,3612204,0,937451,0
09:02:41.632,97,41,91,18,120.4840469,22.4495888,3612204,0,937451,0
09:02:41.714,97,42,91,18,120.4840469,22.4495888,3610171,0,949446,0
09:02:41.821,98,42,94,18,120.4840088,22.4495831,3623798,0,946151,0
09:02:41.903,98,43,94,18,120.4840088,22.4495831,3641210,0,978741,0
09:02:42.051,98,43,97,18,120.4839401,22.4495754,3639854,0,976615,0
09:02:42.101,97,41,97,18,120.4839401,22.4495754,3611574,0,929304,0
09:02:42.215,100,43,97,18,120.4839401,22.4495754,3708245,0,983302,0
09:02:42.341,100,44,102,18,120.4838638,22.4495716,3700405,0,984444,0
09:02:42.406,98,40,102,18,120.4838638,22.4495716,3632212,0,911753,0
09:02:42.535,98,40,105,18,120.4838181,22.4495678,3632212,0,911753,0
09:02:42.616,96,50,105,18,120.4838181,22.4495678,3560977,0,1123915,0
09:02:42.703,97,50,107,18,120.4837494,22.4495678,3593027,0,1121630,0
09:02:42.812,95,43,107,18,120.4837494,22.4495678,3514393,0,981444,0
09:02:42.942,98,44,109,18,120.4836960,22.4495678,3622646,0,988641,0
09:02:43.007,100,45,109,18,120.4836960,22.4495678,3755649,0,1024361,0
09:02:43.116,100,46,112,18,120.4836349,22.4495697,3758614,0,1029889,0
09:02:43.209,100,46,112,18,120.4836349,22.4495697,3758614,0,1029889,0
09:02:43.309,100,50,112,18,120.4836349,22.4495697,3878711,0,1118201,0
09:02:43.452,100,50,117,18,120.4835434,22.4495735,3878711,0,1118201,0
09:02:43.502,100,48,117,18,120.4835434,22.4495735,3824795,0,1085741,0
09:02:43.651,100,49,121,18,120.4834824,22.4495773,3841130,0,1093148,0
09:02:43.702,100,50,121,18,120.4834824,22.4495773,3887588,0,1120127,0
09:02:43.833,100,50,125,18,120.4834061,22.4495831,3887588,0,1120127,0
09:02:43.914,100,50,125,18,120.4834061,22.4495831,3854136,0,1116673,0
09:02:44.045,100,49,129,18,120.4833374,22.4495869,3931315,0,1094544,0
09:02:44.109,100,49,129,18,120.4833374,22.4495869,3857610,0,1108965,0
09:02:44.207,100,53,129,18,120.4833374,22.4495869,3893385,0,1190976,0
09:02:44.338,100,47,135,18,120.4832382,22.4495964,3819514,0,1061366,0
09:02:44.403,100,50,135,18,120.4832382,22.4495964,3884320,0,1127030,0
09:02:44.519,100,50,139,18,120.4831619,22.4496040,3828431,0,1122321,0
09:02:44.602,100,52,139,18,120.4831619,22.4496040,3815961,0,1163565,0
09:02:44.752,98,49,143,18,120.4830856,22.4496117,3629051,0,1098247,0
09:02:44.802,98,49,143,18,120.4830856,22.4496117,3629051,0,1098247,0
09:02:44.936,85,50,145,18,120.4830093,22.4496193,3163744,0,1129440,0
09:02:45.002,80,50,145,18,120.4830093,22.4496193,2972430,0,1126760,0
09:02:45.151,80,51,144,18,120.4829330,22.4496269,2998705,0,1150642,0
09:02:45.201,79,49,144,18,120.4829330,22.4496269,2958692,0,1107720,0
09:02:45.316,82,53,144,18,120.4829330,22.4496269,3037756,0,1189287,0
09:02:45.468,79,50,141,18,120.4828186,22.4496384,2931168,0,1112009,0
09:02:45.501,79,50,141,18,120.4828186,22.4496384,2931168,0,1112009,0
09:02:45.614,69,60,141,18,120.4828186,22.4496384,2598650,0,1323469,0
09:02:45.739,64,62,137,18,120.4827042,22.4496479,2388056,0,1380197,0
09:02:45.806,64,62,137,18,120.4827042,22.4496479,2388056,0,1380197,0
09:02:45.940,60,68,133,18,120.4826202,22.4496536,2270536,0,1494208,0
09:02:46.006,55,68,133,18,120.4826202,22.4496536,2060451,0,1495313,0
09:02:46.106,51,72,133,18,120.4826202,22.4496536,1929983,0,1591517,0
09:02:46.273,51,78,127,18,120.4825211,22.4496632,1923276,0,1710501,0
09:02:46.307,48,78,127,18,120.4825211,22.4496632,1809179,0,1723448,0
09:02:46.429,48,80,122,18,120.4824600,22.4496670,1832034,0,1753783,0
09:02:46.511,48,78,122,18,120.4824600,22.4496670,1812363,0,1705205,0
09:02:46.611,48,77,122,18,120.4824600,22.4496670,1828015,0,1703307,0
09:02:46.753,49,76,116,18,120.4823532,22.4496727,1843281,0,1678915,0
09:02:46.803,49,76,116,18,120.4823532,22.4496727,1843281,0,1678915,0
09:02:46.932,51,77,110,18,120.4823074,22.4496746,1941253,0,1686849,0
09:02:47.014,55,80,110,18,120.4823074,22.4496746,2057765,0,1751770,0
09:02:47.130,51,77,107,18,120.4822388,22.4496765,1927928,0,1702447,0
09:02:47.211,52,73,107,18,120.4822388,22.4496765,1948159,0,1601007,0
09:02:47.309,53,73,107,18,120.4822388,22.4496765,2006512,0,1617790,0
09:02:47.451,52,73,101,18,120.4821472,22.4496784,1965858,0,1610337,0
09:02:47.502,52,73,101,18,120.4821472,22.4496784,1965858,0,1610337,0
09:02:47.631,53,74,96,17,120.4821014,22.4496784,1996717,0,1641115,0
09:02:47.716,55,74,96,17,120.4821014,22.4496784,2057463,0,1629053,0
09:02:47.827,58,72,93,17,120.4820480,22.4496784,2172497,0,1589945,0
09:02:47.909,63,71,93,17,120.4820480,22.4496784,2349536,0,1577639,0
09:02:48.037,63,69,89,17,120.4820099,22.4496784,2357978,0,1518090,0
09:02:48.103,63,69,89,17,120.4820099,22.4496784,2357978,0,1518090,0
09:02:48.211,64,62,87,16,120.4819565,22.4496784,2409146,0,1374210,0
09:02:48.310,69,58,87,16,120.4819565,22.4496784,2584208,0,1295643,0
09:02:48.402,71,55,84,16,120.4819107,22.4496784,2639043,0,1234152,0
09:02:48.516,73,53,84,16,120.4819107,22.4496784,2723242,0,1179763,0
09:02:48.630,75,53,81,16,120.4818726,22.4496765,2793519,0,1178592,0
09:02:48.711,77,55,81,16,120.4818726,22.4496765,2884199,0,1231842,0
09:02:48.843,77,54,79,16,120.4818268,22.4496746,2857259,0,1213899,0
09:02:48.909,77,54,79,16,120.4818268,22.4496746,2857259,0,1213899,0
09:02:49.042,75,54,77,15,120.4817810,22.4496727,2782405,0,1215312,0
09:02:49.107,74,57,77,15,120.4817810,22.4496727,2774916,0,1269660,0
09:02:49.207,73,61,77,15,120.4817810,22.4496727,2727284,0,1365280,0
09:02:49.335,68,63,74,17,120.4817276,22.4496727,2557787,0,1393203,0
09:02:49.403,63,63,74,17,120.4817276,22.4496727,2374331,0,1397728,0
09:02:49.579,58,62,72,17,120.4816895,22.4496708,2166060,0,1374510,0
09:02:49.612,56,62,72,17,120.4816895,22.4496708,2109481,0,1367190,0
09:02:49.711,55,61,72,17,120.4816895,22.4496708,2081616,0,1364157,0
09:02:49.824,55,61,68,17,120.4816284,22.4496708,2081616,0,1364157,0
09:02:49.907,54,61,68,17,120.4816284,22.4496708,2020221,0,1354441,0
09:02:50.035,51,57,66,17,120.4815979,22.4496746,1915366,0,1274341,0
09:02:50.100,60,58,66,17,120.4815979,22.4496746,2259053,0,1293431,0
09:02:50.229,68,57,61,17,120.4815598,22.4496803,2553543,0,1261464,0
09:02:50.312,71,51,61,17,120.4815598,22.4496803,2637548,0,1136019,0
09:02:50.423,71,51,57,17,120.4815369,22.4496861,2637548,0,1136019,0
09:02:50.506,70,43,57,17,120.4815369,22.4496861,2629993,0,977015,0
09:02:50.635,72,45,55,17,120.4815140,22.4496956,2690931,0,1006857,0
09:02:50.702,70,42,55,17,120.4815140,22.4496956,2630448,0,956961,0
09:02:50.835,71,39,55,17,120.4814835,22.4497070,2664634,0,891778,0
09:02:50.915,75,37,55,17,120.4814835,22.4497070,2813453,0,848237,0
09:02:51.027,75,37,54,16,120.4814606,22.4497185,2813453,0,848237,0
09:02:51.109,79,38,54,16,120.4814606,22.4497185,2956222,0,866338,0
09:02:51.223,80,40,53,17,120.4814301,22.4497337,2983344,0,899793,0
09:02:51.306,78,35,53,17,120.4814301,22.4497337,2904254,0,805425,0
09:02:51.434,78,31,53,16,120.4814072,22.4497490,2916083,0,728578,0
09:02:51.516,81,35,53,16,120.4814072,22.4497490,3037293,0,803794,0
09:02:51.627,82,35,55,16,120.4813843,22.4497681,3038809,0,803451,0
09:02:51.712,84,34,55,16,120.4813843,22.4497681,3134410,0,791972,0
09:02:51.845,86,36,57,15,120.4813690,22.4497890,3193006,0,828874,0
09:02:51.909,86,36,57,15,120.4813690,22.4497890,3193006,0,828874,0
09:02:52.007,88,34,57,15,120.4813690,22.4497890,3292456,0,778194,0
09:02:52.152,88,34,59,16,120.4813309,22.4498234,3292456,0,778194,0
09:02:52.209,92,36,59,16,120.4813309,22.4498234,3412413,0,818969,0
09:02:52.342,94,37,62,16,120.4813156,22.4498520,3490498,0,852541,0
09:02:52.407,94,37,62,16,120.4813156,22.4498520,3507789,0,837484,0
09:02:52.539,96,37,65,16,120.4813080,22.4498806,3579691,0,838818,0
09:02:52.606,96,37,65,16,120.4813080,22.4498806,3579691,0,838818,0
09:02:52.706,99,39,65,16,120.4813080,22.4498806,3665474,0,892817,0
09:02:52.851,99,39,71,17,120.4812775,22.4499283,3665474,0,892817,0
09:02:52.901,98,39,71,17,120.4812775,22.4499283,3656881,0,886328,0
09:02:53.048,99,39,73,17,120.4812698,22.4499607,3688310,0,891852,0
09:02:53.113,100,41,73,17,120.4812698,22.4499607,3722336,0,922717,0
09:02:53.212,100,44,73,17,120.4812698,22.4499607,3783662,0,1004291,0
09:02:53.353,100,45,80,17,120.4812546,22.4500179,3797104,0,1025100,0
09:02:53.403,100,41,80,17,120.4812546,22.4500179,3718491,0,936483,0
09:02:53.527,100,41,84,17,120.4812393,22.4500580,3718491,0,936483,0
09:02:53.609,100,43,84,17,120.4812393,22.4500580,3817835,0,977869,0
09:02:53.719,100,47,88,17,120.4812393,22.4500999,3871494,0,1060800,0
09:02:53.802,100,47,88,17,120.4812393,22.4500999,3785729,0,1058303,0
09:02:53.932,99,45,92,17,120.4812317,22.4501457,3684825,0,1012685,0
09:02:54.016,100,49,92,17,120.4812317,22.4501457,3839363,0,1092419,0
09:02:54.144,100,52,96,17,120.4812317,22.4501915,3895364,0,1156488,0
09:02:54.209,100,52,96,17,120.4812317,22.4501915,3895364,0,1156488,0
09:02:54.322,100,46,100,17,120.4812164,22.4502411,3842747,0,1031666,0
09:02:54.406,100,48,100,17,120.4812164,22.4502411,3829265,0,1075155,0
09:02:54.542,100,49,104,17,120.4812164,22.4502945,3817168,0,1102917,0
09:02:54.609,100,41,104,17,120.4812164,22.4502945,3749495,0,938776,0
09:02:54.740,97,46,107,17,120.4812164,22.4503479,3604455,0,1031731,0
09:02:54.806,97,46,107,17,120.4812164,22.4503479,3604455,0,1031731,0
09:02:54.915,100,51,110,17,120.4812012,22.4504013,3773896,0,1137706,0
09:02:55.015,100,43,110,17,120.4812012,22.4504013,3775744,0,965022,0
09:02:55.116,100,45,110,17,120.4812012,22.4504013,3839218,0,1005174,0
09:02:55.203,100,45,113,17,120.4812012,22.4504585,3839218,0,1005174,0
09:02:55.302,100,48,113,17,120.4812012,22.4504585,3901808,0,1082505,0
09:02:55.433,100,46,120,17,120.4812012,22.4505463,3857852,0,1040949,0
09:02:55.500,100,46,120,17,120.4812012,22.4505463,3943908,0,1037827,0
09:02:55.615,100,50,120,17,120.4812012,22.4505463,3917723,0,1121276,0
09:02:55.773,100,52,127,17,120.4812012,22.4506397,3983701,0,1160658,0
09:02:55.807,100,52,127,17,120.4812012,22.4506397,3983701,0,1160658,0
09:02:55.958,100,54,132,17,120.4812164,22.4507065,3978521,0,1204262,0
09:02:56.007,100,54,132,17,120.4812164,22.4507065,3978521,0,1204262,0
09:02:56.106,100,52,132,17,120.4812164,22.4507065,3933221,0,1167804,0
09:02:56.233,100,54,139,17,120.4812164,22.4508076,3974583,0,1204648,0
09:02:56.316,100,52,139,17,120.4812164,22.4508076,4018496,0,1165933,0
09:02:56.431,100,52,143,17,120.4812164,22.4508781,3938135,0,1160206,0
09:02:56.516,100,50,143,17,120.4812164,22.4508781,3915269,0,1129249,0
09:02:56.631,100,50,147,17,120.4812164,22.4509525,3915269,0,1129249,0
09:02:56.717,100,50,147,17,120.4812164,22.4509525,3925435,0,1124190,0
09:02:56.847,100,54,152,17,120.4812317,22.4510269,3995054,0,1216776,0
09:02:56.913,100,52,152,17,120.4812317,22.4510269,4005553,0,1174628,0
09:02:57.072,100,49,156,17,120.4812317,22.4511051,3860789,0,1096476,0
09:02:57.106,100,50,156,17,120.4812317,22.4511051,3949895,0,1113109,0
09:02:57.206,100,51,156,17,120.4812317,22.4511051,3883942,0,1143832,0
09:02:57.323,100,51,163,17,120.4812317,22.4512253,3862994,0,1137409,0
09:02:57.406,100,49,163,17,120.4812317,22.4512253,3884341,0,1106791,0
09:02:57.506,100,51,163,17,120.4812317,22.4512253,3855735,0,1146354,0
09:02:57.630,100,51,168,16,120.4812317,22.4513512,3855735,0,1146354,0
09:02:57.712,100,47,168,16,120.4812317,22.4513512,3718969,0,1065893,0
09:02:57.842,100,53,172,17,120.4812317,22.4514370,3799542,0,1176805,0
09:02:57.909,100,51,172,17,120.4812317,22.4514370,3930837,0,1145261,0
09:02:58.048,100,54,174,17,120.4812393,22.4515228,3864970,0,1196118,0
09:02:58.114,100,48,174,17,120.4812393,22.4515228,3823981,0,1076351,0
09:02:58.213,100,48,174,17,120.4812393,22.4515228,3844628,0,1070622,0
09:02:58.337,100,49,179,17,120.4812393,22.4516563,3874236,0,1091921,0
09:02:58.403,100,49,179,17,120.4812393,22.4516563,3874236,0,1091921,0
09:02:58.531,100,47,182,17,120.4812393,22.4517479,3895596,0,1067067,0
09:02:58.615,100,48,182,17,120.4812393,22.4517479,3866860,0,1077454,0
09:02:58.725,100,47,185,17,120.4812393,22.4518375,3754277,0,1057826,0
09:02:58.806,100,50,185,17,120.4812393,22.4518375,3920665,0,1130236,0
09:02:58.936,100,51,188,17,120.4812393,22.4519329,3922925,0,1150631,0
09:02:59.002,100,51,188,17,120.4812393,22.4519329,3922925,0,1150631,0
09:02:59.142,100,51,191,17,120.4812393,22.4520283,3898772,0,1140875,0
09:02:59.206,100,51,191,17,120.4812393,22.4520283,3898772,0,1140875,0
09:02:59.306,100,52,191,17,120.4812393,22.4520283,3906157,0,1161586,0
09:02:59.449,100,52,196,17,120.4812393,22.4521751,3934000,0,1168174,0
09:02:59.506,100,51,196,17,120.4812393,22.4521751,3873959,0,1139631,0
09:02:59.635,100,48,199,17,120.4812393,22.4522743,3796551,0,1084444,0
09:02:59.700,100,48,199,17,120.4812393,22.4522743,3796551,0,1084444,0
09:02:59.813,100,49,203,17,120.4812393,22.4523754,3762943,0,1101897,0
09:02:59.912,90,49,203,17,120.4812393,22.4523754,3344588,0,1091120,0
09:03:00.041,81,50,204,17,120.4812317,22.4524765,3030224,0,1117442,0
09:03:00.107,82,53,204,17,120.4812317,22.4524765,3044599,0,1185637,0
09:03:00.206,80,51,204,17,120.4812317,22.4524765,2997447,0,1141567,0
09:03:00.361,78,47,198,17,120.4812317,22.4526291,2926713,0,1062934,0
09:03:00.412,80,48,198,17,120.4812317,22.4526291,2990518,0,1076649,0
09:03:00.527,86,52,195,17,120.4812317,22.4527283,3211852,0,1158059,0
09:03:00.609,93,46,195,17,120.4812317,22.4527283,3465096,0,1042843,0
09:03:00.753,93,46,193,17,120.4812317,22.4528255,3465096,0,1042843,0
09:03:00.803,92,47,193,17,120.4812317,22.4528255,3403519,0,1048011,0
09:03:00.934,85,48,193,17,120.4812317,22.4529228,3152723,0,1077472,0
09:03:01.017,72,54,193,17,120.4812317,22.4529228,2677687,0,1207411,0
09:03:01.147,53,61,190,17,120.4812317,22.4530201,2013711,0,1349949,0
09:03:01.213,52,81,190,17,120.4812317,22.4530201,1960837,0,1779481,0
09:03:01.310,47,79,190,17,120.4812317,22.4530201,1792169,0,1746231,0
09:03:01.444,48,78,182,17,120.4812164,22.4531593,1822952,0,1723032,0
09:03:01.509,48,78,182,17,120.4812164,22.4531593,1822952,0,1723032,0
09:03:01.639,52,72,178,17,120.4812164,22.4532490,1950354,0,1579136,0
09:03:01.706,49,75,178,17,120.4812164,22.4532490,1869342,0,1648231,0
09:03:01.802,46,80,172,17,120.4812164,22.4533367,1734699,0,1763587,0
09:03:01.902,45,84,172,17,120.4812164,22.4533367,1693698,0,1832813,0
09:03:02.046,43,81,166,17,120.4812164,22.4534206,1643878,0,1782778,0
09:03:02.111,43,82,166,17,120.4812164,22.4534206,1648853,0,1804667,0
09:03:02.211,43,81,166,17,120.4812164,22.4534206,1646908,0,1770992,0
09:03:02.311,45,81,158,17,120.4812164,22.4535427,1697123,0,1777628,0
09:03:02.409,47,80,158,17,120.4812164,22.4535427,1761099,0,1753389,0
09:03:02.573,46,78,152,17,120.4812012,22.4536209,1735665,0,1715243,0
09:03:02.606,46,78,152,17,120.4812012,22.4536209,1735665,0,1715243,0
09:03:02.706,49,79,152,17,120.4812012,22.4536209,1838087,0,1734462,0
09:03:02.806,49,79,152,17,120.4812012,22.4536209,1837147,0,1739834,0
09:03:02.920,49,79,142,17,120.4812012,22.4537678,1847973,0,1731764,0
09:03:03.002,49,78,142,17,120.4812012,22.4537678,1846029,0,1721464,0
09:03:03.181,50,79,137,17,120.4812012,22.4538364,1873093,0,1727660,0
09:03:03.216,50,77,137,17,120.4812012,22.4538364,1895348,0,1701022,0
09:03:03.316,55,74,137,17,120.4812012,22.4538364,2082740,0,1630088,0
09:03:03.442,55,74,129,17,120.4811935,22.4539375,2082740,0,1630088,0
09:03:03.507,59,71,129,17,120.4811935,22.4539375,2215793,0,1573878,0
09:03:03.606,59,68,129,17,120.4811935,22.4539375,2228834,0,1513080,0
09:03:03.706,62,68,129,17,120.4811935,22.4539375,2318232,0,1502244,0
09:03:03.848,62,68,122,17,120.4811935,22.4540634,2318232,0,1502244,0
09:03:03.916,62,63,122,17,120.4811935,22.4540634,2331532,0,1400738,0
09:03:04.003,65,61,118,17,120.4811935,22.4541225,2418641,0,1352954,0
09:03:04.102,69,56,118,17,120.4811935,22.4541225,2577362,0,1247024,0
09:03:04.233,71,52,115,17,120.4811783,22.4541817,2658599,0,1163637,0
09:03:04.316,73,48,115,17,120.4811783,22.4541817,2737879,0,1085380,0
09:03:04.429,73,48,113,17,120.4811783,22.4542389,2737879,0,1085380,0
09:03:04.502,74,48,113,17,120.4811783,22.4542389,2748587,0,1079705,0
09:03:04.615,76,46,111,17,120.4811630,22.4542942,2824348,0,1046768,0
09:03:04.712,73,45,111,17,120.4811630,22.4542942,2742752,0,1008151,0
09:03:04.842,72,41,108,17,120.4811630,22.4543495,2674661,0,922414,0
09:03:04.909,72,40,108,17,120.4811630,22.4543495,2689157,0,911141,0
09:03:05.042,74,43,107,17,120.4811554,22.4544010,2758888,0,976696,0
09:03:05.109,73,42,107,17,120.4811554,22.4544010,2727264,0,945291,0
09:03:05.209,74,43,107,17,120.4811554,22.4544010,2774326,0,964667,0
09:03:05.367,74,42,103,17,120.4811249,22.4544792,2776993,0,961819,0
09:03:05.400,74,42,103,17,120.4811249,22.4544792,2776993,0,961819,0
09:03:05.547,77,40,101,17,120.4811172,22.4545288,2857934,0,909447,0
09:03:05.613,77,41,101,17,120.4811172,22.4545288,2874761,0,931598,0
09:03:05.711,80,41,101,17,120.4811172,22.4545288,2999612,0,927231,0
09:03:05.819,82,42,100,17,120.4810867,22.4546013,3064617,0,941696,0
09:03:05.903,81,39,100,17,120.4810867,22.4546013,3013705,0,880270,0
09:03:06.002,81,36,100,17,120.4810867,22.4546013,3020651,0,831623,0
09:03:06.111,81,36,100,17,120.4810638,22.4546490,3020651,0,831623,0
09:03:06.212,79,31,100,17,120.4810638,22.4546490,2958409,0,726534,0
09:03:06.343,79,31,100,17,120.4810333,22.4547176,2958409,0,726534,0
09:03:06.409,80,35,100,17,120.4810333,22.4547176,2981859,0,797102,0
09:03:06.533,79,30,101,17,120.4810104,22.4547615,2956654,0,706252,0
09:03:06.615,87,38,101,17,120.4810104,22.4547615,3247923,0,864140,0
09:03:06.709,87,41,101,17,120.4809723,22.4548073,3255298,0,939554,0
09:03:06.807,86,34,101,17,120.4809723,22.4548073,3210946,0,782924,0
09:03:06.931,86,34,101,17,120.4809494,22.4548473,3210946,0,782924,0
09:03:07.012,90,38,101,17,120.4809494,22.4548473,3361350,0,869848,0
09:03:07.144,87,37,103,17,120.4809189,22.4548912,3251579,0,838585,0
09:03:07.209,90,38,103,17,120.4809189,22.4548912,3346825,0,876041,0
09:03:07.309,90,40,103,17,120.4809189,22.4548912,3360236,0,911155,0
09:03:07.431,91,41,104,17,120.4808731,22.4549522,3381178,0,932242,0
09:03:07.513,84,45,104,17,120.4808731,22.4549522,3117284,0,1014599,0
09:03:07.641,79,46,105,17,120.4808350,22.4549942,2939572,0,1030348,0
09:03:07.707,77,43,105,17,120.4808350,22.4549942,2887218,0,980143,0
09:03:07.831,77,43,102,17,120.4807968,22.4550323,2887218,0,980143,0
09:03:07.915,86,55,102,17,120.4807968,22.4550323,3202617,0,1235732,0
09:03:08.049,88,57,102,17,120.4807587,22.4550705,3259772,0,1277011,0
09:03:08.116,82,51,102,17,120.4807587,22.4550705,3041977,0,1133079,0
09:03:08.217,79,48,102,17,120.4807587,22.4550705,2954971,0,1089684,0
09:03:08.344,78,50,98,17,120.4807053,22.4551258,2926304,0,1123692,0
09:03:08.409,78,50,98,17,120.4807053,22.4551258,2926304,0,1123692,0
09:03:08.513,80,54,97,17,120.4806671,22.4551640,2998789,0,1201794,0
09:03:08.612,81,52,97,17,120.4806671,22.4551640,3006879,0,1159223,0
09:03:08.746,81,51,94,17,120.4806290,22.4552002,3017867,0,1143840,0
09:03:08.812,78,51,94,17,120.4806290,22.4552002,2921235,0,1143125,0
09:03:08.913,70,54,93,17,120.4805984,22.4552345,2623823,0,1202453,0
09:03:09.012,64,53,93,17,120.4805984,22.4552345,2393546,0,1184786,0
09:03:09.159,66,53,90,18,120.4805603,22.4552708,2488802,0,1179210,0
09:03:09.209,66,53,90,18,120.4805603,22.4552708,2488802,0,1179210,0
09:03:09.308,68,49,90,18,120.4805603,22.4552708,2536401,0,1101869,0
09:03:09.453,68,45,86,18,120.4805222,22.4553223,2562272,0,1025866,0
09:03:09.509,71,42,86,18,120.4805222,22.4553223,2638094,0,957018,0
09:03:09.621,72,42,85,18,120.4804993,22.4553585,2674961,0,944130,0
09:03:09.711,71,41,85,18,120.4804993,22.4553585,2671183,0,924878,0
09:03:09.809,72,39,85,18,120.4804993,22.4553585,2677892,0,897911,0
09:03:09.974,72,40,82,18,120.4804611,22.4554119,2707139,0,910407,0
09:03:10.007,72,40,82,18,120.4804611,22.4554119,2707139,0,910407,0
09:03:10.154,72,40,80,18,120.4804382,22.4554501,2704746,0,901006,0
09:03:10.203,72,39,80,18,120.4804382,22.4554501,2693363,0,892304,0
09:03:10.301,71,37,80,18,120.4804382,22.4554501,2656448,0,840281,0
09:03:10.435,73,39,78,18,120.4804077,22.4555035,2723235,0,881654,0
09:03:10.502,74,37,78,18,120.4804077,22.4555035,2763046,0,846779,0
09:03:10.604,75,37,77,18,120.4804001,22.4555416,2799835,0,854177,0
09:03:10.702,72,34,77,18,120.4804001,22.4555416,2697922,0,774009,0
09:03:10.857,73,33,76,18,120.4803848,22.4555779,2729568,0,750928,0
09:03:10.908,73,33,76,18,120.4803848,22.4555779,2729568,0,750928,0
09:03:11.056,75,35,76,18,120.4803848,22.4556141,2789625,0,801764,0
09:03:11.106,75,33,76,18,120.4803848,22.4556141,2814775,0,764015,0
09:03:11.206,77,35,76,18,120.4803848,22.4556141,2857878,0,793322,0
09:03:11.347,77,35,75,18,120.4803696,22.4556713,2884667,0,811982,0
09:03:11.412,77,35,75,18,120.4803696,22.4556713,2884923,0,803450,0
09:03:11.544,77,34,75,18,120.4803696,22.4557095,2868347,0,786465,0
09:03:11.609,77,34,75,18,120.4803696,22.4557095,2868347,0,786465,0
09:03:11.731,78,34,75,18,120.4803696,22.4557476,2898093,0,787545,0
09:03:11.813,78,35,75,18,120.4803696,22.4557476,2893232,0,800041,0
09:03:11.917,78,35,74,18,120.4803848,22.4557838,2921725,0,805673,0
09:03:12.016,77,35,74,18,120.4803848,22.4557838,2883816,0,802475,0
09:03:12.164,77,34,74,18,120.4803848,22.4558201,2857316,0,779858,0
09:03:12.213,77,34,74,18,120.4803848,22.4558201,2868164,0,788307,0
09:03:12.311,78,36,74,18,120.4803848,22.4558201,2915363,0,821475,0
09:03:12.421,77,35,73,18,120.4804001,22.4558735,2865723,0,811442,0
09:03:12.502,76,31,73,18,120.4804001,22.4558735,2819514,0,715133,0
09:03:12.609,76,31,72,17,120.4804077,22.4559097,2819514,0,715133,0
09:03:12.707,78,31,72,17,120.4804077,22.4559097,2912247,0,722148,0
09:03:12.838,78,31,73,17,120.4804382,22.4559422,2912247,0,722148,0
09:03:12.906,79,32,73,17,120.4804382,22.4559422,2947360,0,740669,0
09:03:13.040,82,34,74,17,120.4804459,22.4559746,3052535,0,776168,0
09:03:13.106,84,38,74,17,120.4804459,22.4559746,3140565,0,865877,0
09:03:13.206,85,39,74,17,120.4804459,22.4559746,3152283,0,884028,0
09:03:13.349,83,37,75,17,120.4804840,22.4560223,3081462,0,853760,0
09:03:13.416,83,39,75,17,120.4804840,22.4560223,3084086,0,888639,0
09:03:13.529,83,39,75,17,120.4805145,22.4560509,3084086,0,888639,0
09:03:13.612,83,41,75,17,120.4805145,22.4560509,3079759,0,929585,0
09:03:13.713,80,39,75,18,120.4805374,22.4560795,2972299,0,883537,0
09:03:13.812,79,37,75,18,120.4805374,22.4560795,2959322,0,852346,0
09:03:13.927,79,37,75,18,120.4805603,22.4561081,2952111,0,848734,0
09:03:14.008,79,36,75,18,120.4805603,22.4561081,2951286,0,832549,0
09:03:14.171,77,35,74,18,120.4805908,22.4561329,2874475,0,810571,0
09:03:14.203,77,35,74,18,120.4805908,22.4561329,2874475,0,810571,0
09:03:14.302,81,35,74,18,120.4805908,22.4561329,3003817,0,803048,0
09:03:14.409,81,35,74,18,120.4806366,22.4561672,3003817,0,803048,0
09:03:14.516,81,33,74,18,120.4806366,22.4561672,3002327,0,753859,0
09:03:14.601,81,32,75,17,120.4806747,22.4561882,3007921,0,730829,0
09:03:14.700,81,32,75,17,120.4806747,22.4561882,3010022,0,746306,0
09:03:14.831,81,31,75,17,120.4807205,22.4562073,3021992,0,728798,0
09:03:14.906,83,32,75,17,120.4807205,22.4562073,3076154,0,745497,0
09:03:15.036,84,33,76,17,120.4807587,22.4562225,3144078,0,770080,0
09:03:15.102,84,33,76,17,120.4807587,22.4562225,3144078,0,770080,0
09:03:15.202,87,33,76,17,120.4807587,22.4562225,3248182,0,762069,0
09:03:15.346,87,33,78,18,120.4808044,22.4562416,3248182,0,762069,0
09:03:15.412,91,34,78,18,120.4808044,22.4562416,3401023,0,774960,0
09:03:15.516,95,38,80,18,120.4808426,22.4562511,3518181,0,875376,0
09:03:15.616,94,36,80,18,120.4808426,22.4562511,3488931,0,815539,0
09:03:15.771,94,34,82,18,120.4808960,22.4562607,3501535,0,790892,0
09:03:15.812,94,34,82,18,120.4808960,22.4562607,3501535,0,790892,0
09:03:15.946,94,35,85,18,120.4809341,22.4562664,3511761,0,813430,0
09:03:16.012,99,40,85,18,120.4809341,22.4562664,3666443,0,903634,0
09:03:16.112,97,44,85,18,120.4809341,22.4562664,3586622,0,990196,0
09:03:16.256,94,40,90,18,120.4810104,22.4562740,3488613,0,912275,0
09:03:16.306,93,41,90,18,120.4810104,22.4562740,3473995,0,921921,0
09:03:16.434,93,40,91,18,120.4810638,22.4562759,3456174,0,908283,0
09:03:16.500,93,40,91,18,120.4810638,22.4562759,3456174,0,908283,0
09:03:16.627,91,32,93,18,120.4811172,22.4562759,3401002,0,732240,0
09:03:16.709,94,40,93,18,120.4811172,22.4562759,3501416,0,914793,0
09:03:16.812,91,37,96,18,120.4811630,22.4562740,3395157,0,851216,0
09:03:16.912,94,41,96,18,120.4811630,22.4562740,3505742,0,923740,0
09:03:17.063,92,34,98,18,120.4812164,22.4562683,3415483,0,778901,0
09:03:17.112,98,46,98,18,120.4812164,22.4562683,3645864,0,1045456,0
09:03:17.206,98,46,101,18,120.4812698,22.4562645,3645864,0,1045456,0
09:03:17.306,96,45,101,18,120.4812698,22.4562645,3561635,0,1010553,0
09:03:17.419,96,45,101,18,120.4813156,22.4562569,3561635,0,1010553,0
09:03:17.502,94,43,101,18,120.4813156,22.4562569,3507645,0,974600,0
09:03:17.671,97,46,103,18,120.4813690,22.4562473,3600237,0,1045175,0
09:03:17.706,99,47,103,18,120.4813690,22.4562473,3662975,0,1054359,0
09:03:17.836,99,47,106,18,120.4814301,22.4562378,3662975,0,1054359,0
09:03:17.903,99,46,106,18,120.4814301,22.4562378,3677393,0,1041284,0
09:03:18.032,99,47,109,18,120.4814835,22.4562263,3687762,0,1066931,0
09:03:18.116,100,49,109,18,120.4814835,22.4562263,3727276,0,1094163,0
09:03:18.216,100,49,109,18,120.4814835,22.4562263,3749340,0,1105279,0
09:03:18.366,100,49,113,18,120.4815750,22.4562073,3749340,0,1105279,0
09:03:18.416,100,49,113,18,120.4815750,22.4562073,3771006,0,1096492,0
09:03:18.520,100,49,116,18,120.4816360,22.4561920,3868578,0,1107506,0
09:03:18.602,100,53,116,18,120.4816360,22.4561920,3987153,0,1187644,0
09:03:18.733,100,53,120,18,120.4817047,22.4561768,3987153,0,1187644,0
09:03:18.816,100,51,120,18,120.4817047,22.4561768,3952443,0,1147013,0
09:03:18.972,100,50,125,18,120.4817657,22.4561596,3930650,0,1117050,0
09:03:19.006,100,51,125,18,120.4817657,22.4561596,3861121,0,1132529,0
09:03:19.156,100,50,129,18,120.4818268,22.4561424,3921207,0,1122744,0
09:03:19.206,100,50,129,18,120.4818268,22.4561424,3921207,0,1122744,0
09:03:19.306,100,51,129,18,120.4818268,22.4561424,3847809,0,1133635,0
09:03:19.408,100,51,135,18,120.4819336,22.4561138,3847809,0,1133635,0
09:03:19.516,100,49,135,18,120.4819336,22.4561138,3970073,0,1099718,0
09:03:19.655,100,49,140,18,120.4820099,22.4560947,3970073,0,1099718,0
09:03:19.704,100,50,140,18,120.4820099,22.4560947,3933400,0,1130033,0
09:03:19.854,100,50,144,18,120.4820709,22.4560738,3848213,0,1118780,0
09:03:19.903,100,50,144,18,120.4820709,22.4560738,3848213,0,1118780,0
09:03:20.061,80,49,148,18,120.4821472,22.4560528,2984714,0,1096096,0
09:03:20.112,80,49,148,18,120.4821472,22.4560528,2984714,0,1096096,0
09:03:20.212,79,49,148,18,120.4821472,22.4560528,2933398,0,1095371,0
09:03:20.313,78,48,145,18,120.4822693,22.4560223,2906265,0,1075575,0
09:03:20.412,79,50,145,18,120.4822693,22.4560223,2962112,0,1115103,0
09:03:20.564,80,52,142,18,120.4823456,22.4560013,2997713,0,1160461,0
09:03:20.613,73,56,142,18,120.4823456,22.4560013,2716437,0,1258144,0
09:03:20.724,73,56,140,18,120.4824219,22.4559803,2716437,0,1258144,0
09:03:20.805,64,62,140,18,120.4824219,22.4559803,2403326,0,1372800,0
09:03:20.906,54,65,136,18,120.4824829,22.4559593,2045477,0,1445490,0
09:03:21.004,53,73,136,18,120.4824829,22.4559593,1990790,0,1609504,0
09:03:21.183,48,80,132,18,120.4825592,22.4559402,1809870,0,1748935,0
09:03:21.201,48,80,132,18,120.4825592,22.4559402,1809870,0,1748935,0
09:03:21.316,47,79,132,18,120.4825592,22.4559402,1793774,0,1736558,0
09:03:21.431,47,79,124,18,120.4826508,22.4559116,1788976,0,1727470,0
09:03:21.513,48,77,124,18,120.4826508,22.4559116,1809493,0,1693735,0
09:03:21.607,48,77,119,18,120.4827118,22.4558945,1809493,0,1693735,0
09:03:21.706,51,77,119,18,120.4827118,22.4558945,1916031,0,1691499,0
09:03:21.878,51,77,115,18,120.4827805,22.4558773,1916031,0,1691499,0
09:03:21.912,52,77,115,18,120.4827805,22.4558773,1952121,0,1688545,0
09:03:22.023,53,77,111,18,120.4828415,22.4558601,1983105,0,1687641,0
09:03:22.106,54,77,111,18,120.4828415,22.4558601,2030760,0,1693374,0
09:03:22.206,54,76,111,18,120.4828415,22.4558601,2029708,0,1678210,0
09:03:22.372,55,75,104,18,120.4829178,22.4558353,2052817,0,1651366,0
09:03:22.406,55,75,104,18,120.4829178,22.4558353,2052817,0,1651366,0
09:03:22.553,60,72,100,18,120.4829712,22.4558201,2256338,0,1589155,0
09:03:22.603,63,67,100,18,120.4829712,22.4558201,2364062,0,1486928,0
09:03:22.718,67,62,97,18,120.4830246,22.4558029,2498064,0,1370288,0
09:03:22.802,73,56,97,18,120.4830246,22.4558029,2711513,0,1248957,0
09:03:22.906,73,56,94,18,120.4830704,22.4557896,2711513,0,1248957,0
09:03:23.006,76,51,94,18,120.4830704,22.4557896,2822311,0,1151769,0
09:03:23.106,76,51,94,18,120.4830704,22.4557896,2854165,0,1150081,0
09:03:23.215,76,51,92,18,120.4831238,22.4557724,2854165,0,1150081,0
09:03:23.314,78,51,92,18,120.4831238,22.4557724,2902832,0,1134860,0
09:03:23.421,78,51,89,18,120.4831848,22.4557495,2917984,0,1143806,0
09:03:23.503,79,48,89,18,120.4831848,22.4557495,2952990,0,1088096,0
09:03:23.601,80,48,89,18,120.4831848,22.4557495,2971901,0,1073542,0
09:03:23.783,80,48,88,18,120.4832535,22.4557228,2993732,0,1086555,0
09:03:23.800,80,48,88,18,120.4832535,22.4557228,2993732,0,1086555,0
09:03:23.967,82,44,86,18,120.4832916,22.4557037,3051541,0,997080,0
09:03:24.000,82,44,86,18,120.4832916,22.4557037,3051541,0,997080,0
09:03:24.114,87,42,86,18,120.4832916,22.4557037,3237080,0,950894,0
09:03:24.216,87,42,86,18,120.4833527,22.4556751,3237080,0,950894,0
09:03:24.316,89,42,86,18,120.4833527,22.4556751,3319423,0,958695,0
09:03:24.473,89,42,88,18,120.4834061,22.4556522,3319423,0,958695,0
09:03:24.514,86,40,88,18,120.4834061,22.4556522,3194253,0,911466,0
09:03:24.644,81,39,89,18,120.4834442,22.4556293,3014150,0,881525,0
09:03:24.709,82,38,89,18,120.4834442,22.4556293,3073376,0,874740,0
09:03:24.807,84,39,89,18,120.4834442,22.4556293,3114434,0,879001,0
09:03:24.952,83,38,88,18,120.4834976,22.4555912,3099932,0,875428,0
09:03:25.002,83,38,88,18,120.4834976,22.4555912,3099932,0,875428,0
09:03:25.116,84,38,89,18,120.4835358,22.4555607,3125170,0,868519,0
09:03:25.216,83,40,89,18,120.4835358,22.4555607,3075394,0,904380,0
09:03:25.314,75,37,89,18,120.4835358,22.4555607,2785507,0,837854,0
09:03:25.494,75,37,89,18,120.4835815,22.4555168,2785507,0,837854,0
09:03:25.511,72,37,89,18,120.4835815,22.4555168,2700573,0,854311,0
09:03:25.631,73,37,87,18,120.4836197,22.4554844,2742184,0,841165,0
09:03:25.713,78,39,87,18,120.4836197,22.4554844,2903456,0,885240,0
09:03:25.812,78,38,87,18,120.4836197,22.4554844,2926956,0,874648,0
09:03:25.916,77,37,86,18,120.4836578,22.4554348,2876641,0,848322,0
09:03:26.016,77,37,86,18,120.4836578,22.4554348,2876641,0,848322,0
09:03:26.116,79,39,86,18,120.4836578,22.4554348,2931653,0,881013,0
09:03:26.241,79,39,85,18,120.4837112,22.4553833,2931653,0,881013,0
09:03:26.307,79,37,85,18,120.4837112,22.4553833,2956897,0,850705,0
09:03:26.409,81,40,84,18,120.4837265,22.4553471,3022761,0,918067,0
09:03:26.508,74,36,84,18,120.4837265,22.4553471,2777939,0,832577,0
09:03:26.613,72,35,84,18,120.4837494,22.4553108,2675037,0,805673,0
09:03:26.709,72,38,84,18,120.4837494,22.4553108,2693412,0,873180,0
09:03:26.809,72,39,84,18,120.4837494,22.4553108,2680670,0,896171,0
09:03:26.973,71,38,81,18,120.4837723,22.4552536,2636129,0,872277,0
09:03:27.007,71,38,81,18,120.4837723,22.4552536,2636129,0,872277,0
09:03:27.119,68,35,79,18,120.4838028,22.4552155,2548855,0,810394,0
09:03:27.201,71,38,79,18,120.4838028,22.4552155,2661014,0,864477,0
09:03:27.315,74,35,79,18,120.4838028,22.4552155,2771212,0,812257,0
09:03:27.442,74,35,76,17,120.4838181,22.4551620,2771212,0,812257,0
09:03:27.509,78,37,76,17,120.4838181,22.4551620,2909324,0,851804,0
09:03:27.647,79,37,76,17,120.4838257,22.4551239,2934526,0,851002,0
09:03:27.712,79,37,76,17,120.4838257,22.4551239,2934526,0,851002,0
09:03:27.812,79,37,76,17,120.4838257,22.4550838,2952649,0,842092,0
09:03:27.911,80,36,76,17,120.4838257,22.4550838,2974602,0,817731,0
09:03:28.060,80,36,76,17,120.4838409,22.4550476,2999737,0,824092,0
09:03:28.109,82,36,76,17,120.4838409,22.4550476,3055709,0,833495,0
09:03:28.207,84,38,76,17,120.4838409,22.4550476,3110634,0,872207,0
09:03:28.301,82,38,77,17,120.4838409,22.4549885,3039048,0,856870,0
09:03:28.416,78,36,77,17,120.4838409,22.4549885,2910313,0,819840,0
09:03:28.527,77,35,77,17,120.4838409,22.4549503,2871809,0,811268,0
09:03:28.608,77,35,77,17,120.4838409,22.4549503,2860932,0,812427,0
09:03:28.743,77,35,76,17,120.4838257,22.4549122,2860932,0,812427,0
09:03:28.808,74,34,76,17,120.4838257,22.4549122,2751725,0,789379,0
09:03:28.923,70,35,76,17,120.4838257,22.4548740,2630394,0,795522,0
09:03:29.007,70,36,76,17,120.4838257,22.4548740,2610506,0,828390,0
09:03:29.127,70,36,74,17,120.4838181,22.4548378,2625481,0,833674,0
09:03:29.209,74,36,74,17,120.4838181,22.4548378,2750187,0,827787,0
09:03:29.309,77,36,74,17,120.4838181,22.4548378,2862532,0,829567,0
09:03:29.464,79,36,72,17,120.4838028,22.4547863,2942662,0,833113,0
09:03:29.502,79,36,72,17,120.4838028,22.4547863,2942662,0,833113,0
09:03:29.646,77,31,72,18,120.4837723,22.4547520,2876273,0,729245,0
09:03:29.712,78,31,72,18,120.4837723,22.4547520,2923932,0,717140,0
09:03:29.812,81,32,72,18,120.4837723,22.4547520,3004708,0,743950,0
09:03:29.950,81,32,73,18,120.4837494,22.4547043,3014593,0,738489,0
09:03:30.016,79,31,73,18,120.4837494,22.4547043,2950218,0,719490,0
09:03:30.115,82,34,73,18,120.4837494,22.4547043,3063318,0,772667,0
09:03:30.241,81,33,74,18,120.4837112,22.4546585,3011793,0,753494,0
09:03:30.307,80,31,74,18,120.4837112,22.4546585,2999871,0,726665,0
09:03:30.436,82,33,75,18,120.4836884,22.4546280,3063066,0,755652,0
09:03:30.502,82,33,75,18,120.4836884,22.4546280,3063066,0,755652,0
09:03:30.604,82,34,76,18,120.4836578,22.4546013,3067463,0,775204,0
09:03:30.702,81,32,76,18,120.4836578,22.4546013,3033766,0,749102,0
09:03:30.857,82,32,77,18,120.4836349,22.4545746,3059527,0,743471,0
09:03:30.907,86,34,77,18,120.4836349,22.4545746,3187787,0,772913,0
09:03:31.037,89,35,78,18,120.4835968,22.4545498,3309711,0,803285,0
09:03:31.103,89,35,78,18,120.4835968,22.4545498,3309711,0,803285,0
09:03:31.201,92,36,78,18,120.4835968,22.4545498,3405695,0,821758,0
09:03:31.313,92,36,81,18,120.4835434,22.4545174,3405695,0,821758,0
09:03:31.412,91,34,81,18,120.4835434,22.4545174,3376065,0,790838,0
09:03:31.543,91,34,83,18,120.4835052,22.4544945,3376065,0,790838,0
09:03:31.609,89,32,83,18,120.4835052,22.4544945,3329220,0,737992,0
09:03:31.762,94,34,85,18,120.4834671,22.4544754,3509262,0,790247,0
09:03:31.812,94,40,85,18,120.4834671,22.4544754,3483382,0,913817,0
09:03:31.907,94,40,87,18,120.4834290,22.4544582,3483382,0,913817,0
09:03:32.006,95,41,87,18,120.4834290,22.4544582,3545557,0,923459,0
09:03:32.106,96,43,87,18,120.4834290,22.4544582,3580859,0,969142,0
09:03:32.286,96,43,91,18,120.4833527,22.4544315,3564394,0,963186,0
09:03:32.303,96,43,91,18,120.4833527,22.4544315,3564394,0,963186,0
09:03:32.433,97,43,93,18,120.4832993,22.4544182,3610403,0,975677,0
09:03:32.516,93,42,93,18,120.4832993,22.4544182,3455720,0,947354,0
09:03:32.601,93,42,95,18,120.4832611,22.4544029,3455720,0,947354,0
09:03:32.716,91,41,95,18,120.4832611,22.4544029,3366626,0,931029,0
09:03:32.863,91,41,97,18,120.4832153,22.4543915,3366626,0,931029,0
09:03:32.913,86,42,97,18,120.4832153,22.4543915,3202196,0,949386,0
09:03:33.011,82,41,97,18,120.4831619,22.4543800,3042581,0,930554,0
09:03:33.109,80,40,97,18,120.4831619,22.4543800,2984448,0,918511,0
09:03:33.207,79,40,97,18,120.4831619,22.4543800,2944868,0,907752,0
09:03:33.346,82,40,96,18,120.4830856,22.4543686,3067419,0,908838,0
09:03:33.412,88,40,96,18,120.4830856,22.4543686,3260493,0,904216,0
09:03:33.512,91,39,96,18,120.4830856,22.4543686,3374498,0,892074,0
09:03:33.717,92,40,97,18,120.4829941,22.4543591,3417234,0,901216,0
09:03:33.816,89,40,97,18,120.4829941,22.4543591,3328303,0,908143,0
09:03:33.914,82,39,97,18,120.4829941,22.4543591,3053439,0,889488,0
09:03:34.063,80,37,100,18,120.4828949,22.4543533,2986088,0,843444,0
09:03:34.113,80,37,100,18,120.4828949,22.4543533,2986088,0,843444,0
09:03:34.212,81,39,100,18,120.4828949,22.4543533,3027018,0,890418,0
09:03:34.368,81,39,99,18,120.4828186,22.4543552,3027018,0,890418,0
09:03:34.402,81,35,99,18,120.4828186,22.4543552,3019802,0,811026,0
09:03:34.553,84,33,98,18,120.4827652,22.4543591,3119233,0,755626,0
09:03:34.603,84,33,98,18,120.4827652,22.4543591,3119233,0,755626,0
09:03:34.715,92,40,98,18,120.4827042,22.4543648,3418782,0,916876,0
09:03:34.814,85,33,98,18,120.4827042,22.4543648,3167207,0,770119,0
09:03:34.916,83,30,100,18,120.4826508,22.4543724,3075315,0,688063,0
09:03:35.014,84,33,100,18,120.4826508,22.4543724,3124168,0,764814,0
09:03:35.193,84,34,102,18,120.4825974,22.4543819,3144867,0,787018,0
09:03:35.211,84,36,102,18,120.4825974,22.4543819,3122916,0,825925,0
09:03:35.309,80,37,102,18,120.4825974,22.4543819,3000395,0,845544,0
09:03:35.409,75,35,103,17,120.4825211,22.4543991,2814384,0,813504,0
09:03:35.507,73,35,103,17,120.4825211,22.4543991,2734091,0,802150,0
09:03:35.636,73,35,100,18,120.4824677,22.4544125,2734091,0,802150,0
09:03:35.702,68,32,100,18,120.4824677,22.4544125,2554037,0,730676,0
09:03:35.810,75,30,97,17,120.4824219,22.4544296,2796883,0,689236,0
09:03:35.909,86,36,97,17,120.4824219,22.4544296,3189022,0,816107,0
09:03:36.009,87,37,95,17,120.4823685,22.4544487,3246092,0,840461,0
09:03:36.107,89,38,95,17,120.4823685,22.4544487,3323704,0,872251,0
09:03:36.202,89,39,97,17,120.4823151,22.4544716,3318464,0,891087,0
09:03:36.302,85,37,97,17,120.4823151,22.4544716,3157998,0,840169,0
09:03:36.456,80,34,98,18,120.4822769,22.4544983,2981466,0,791799,0
09:03:36.506,80,34,98,18,120.4822769,22.4544983,2981466,0,791799,0
09:03:36.631,76,39,99,18,120.4822235,22.4545250,2834301,0,886194,0
09:03:36.715,67,33,99,18,120.4822235,22.4545250,2500115,0,754173,0
09:03:36.802,71,35,97,18,120.4821854,22.4545517,2659854,0,804307,0
09:03:36.902,77,45,97,18,120.4821854,22.4545517,2863193,0,1013194,0
09:03:37.083,75,45,95,18,120.4821472,22.4545803,2815262,0,1021938,0
09:03:37.100,75,45,95,18,120.4821472,22.4545803,2815262,0,1021938,0
09:03:37.202,69,48,93,18,120.4821091,22.4546089,2581732,0,1088806,0
09:03:37.302,67,54,93,18,120.4821091,22.4546089,2492957,0,1215014,0
09:03:37.454,64,57,91,18,120.4820709,22.4546394,2404567,0,1260377,0
09:03:37.503,63,62,91,18,120.4820709,22.4546394,2350334,0,1367511,0
09:03:37.629,63,62,88,18,120.4820328,22.4546680,2350334,0,1367511,0
09:03:37.712,63,64,88,18,120.4820328,22.4546680,2357339,0,1417220,0
09:03:37.821,63,65,85,18,120.4819946,22.4546967,2347289,0,1440114,0
09:03:37.906,65,65,85,18,120.4819946,22.4546967,2430645,0,1447045,0
09:03:38.016,65,61,81,18,120.4819565,22.4547253,2441242,0,1361502,0
09:03:38.114,66,60,81,18,120.4819565,22.4547253,2480401,0,1334559,0
09:03:38.212,67,61,81,18,120.4819565,22.4547253,2525094,0,1344594,0
09:03:38.326,68,63,77,18,120.4819183,22.4547653,2555855,0,1387479,0
09:03:38.400,64,62,77,18,120.4819183,22.4547653,2389358,0,1376216,0
09:03:38.512,64,62,74,18,120.4818802,22.4547920,2389358,0,1376216,0
09:03:38.612,62,63,74,18,120.4818802,22.4547920,2308254,0,1404763,0
09:03:38.724,62,63,72,18,120.4818573,22.4548168,2308254,0,1404763,0
09:03:38.806,61,66,72,18,120.4818573,22.4548168,2306379,0,1464458,0
09:03:38.937,62,68,69,18,120.4818268,22.4548397,2325021,0,1513779,0
09:03:39.003,61,71,69,18,120.4818268,22.4548397,2306044,0,1557123,0
09:03:39.133,61,71,65,18,120.4818039,22.4548626,2306044,0,1557123,0
09:03:39.216,60,70,65,18,120.4818039,22.4548626,2254561,0,1541851,0
09:03:39.327,60,70,62,18,120.4817810,22.4548836,2246618,0,1545781,0
09:03:39.409,58,71,62,18,120.4817810,22.4548836,2183723,0,1561611,0
09:03:39.516,56,68,59,18,120.4817505,22.4549046,2099056,0,1501838,0
09:03:39.615,54,65,59,18,120.4817505,22.4549046,2043623,0,1432080,0
09:03:39.746,54,62,56,18,120.4817276,22.4549217,2046445,0,1384989,0
09:03:39.812,54,62,56,18,120.4817276,22.4549217,2046445,0,1384989,0
09:03:39.911,58,59,56,18,120.4817276,22.4549217,2169483,0,1306931,0
09:03:40.053,58,59,51,18,120.4816895,22.4549446,2169483,0,1306931,0
09:03:40.103,60,57,51,18,120.4816895,22.4549446,2254077,0,1266140,0
09:03:40.214,61,55,49,18,120.4816666,22.4549561,2292203,0,1227039,0
09:03:40.312,66,50,49,18,120.4816666,22.4549561,2478208,0,1129639,0
09:03:40.401,66,50,47,18,120.4816360,22.4549656,2478208,0,1129639,0
09:03:40.516,72,48,47,18,120.4816360,22.4549656,2700659,0,1069357,0
09:03:40.629,72,48,45,18,120.4816284,22.4549732,2700659,0,1069357,0
09:03:40.711,66,40,45,18,120.4816284,22.4549732,2465061,0,916636,0
09:03:40.837,63,31,44,18,120.4815979,22.4549789,2376721,0,725471,0
09:03:40.903,68,34,44,18,120.4815979,22.4549789,2545441,0,785788,0
09:03:41.031,70,35,42,18,120.4815750,22.4549828,2604192,0,801395,0
09:03:41.114,74,40,42,18,120.4815750,22.4549828,2746626,0,919364,0
09:03:41.242,73,40,41,18,120.4815521,22.4549828,2743705,0,918950,0
09:03:41.309,73,40,41,18,120.4815521,22.4549828,2743705,0,918950,0
09:03:41.439,74,37,40,18,120.4815216,22.4549789,2779306,0,855085,0
09:03:41.504,76,33,40,18,120.4815216,22.4549789,2829667,0,761055,0
09:03:41.628,77,31,40,18,120.4815140,22.4549751,2874412,0,727867,0
09:03:41.711,79,31,40,18,120.4815140,22.4549751,2938934,0,713488,0
09:03:41.809,79,30,40,18,120.4815140,22.4549751,2961853,0,705962,0
09:03:41.933,81,30,42,18,120.4814682,22.4549637,3018803,0,704018,0
09:03:42.016,83,33,42,18,120.4814682,22.4549637,3091965,0,763077,0
09:03:42.113,83,34,42,18,120.4814682,22.4549637,3110026,0,787626,0
09:03:42.236,83,34,44,18,120.4814453,22.4549465,3098189,0,773704,0
09:03:42.302,83,33,44,18,120.4814453,22.4549465,3109266,0,768013,0
09:03:42.432,83,33,46,18,120.4814301,22.4549294,3109266,0,768013,0
09:03:42.515,85,35,46,18,120.4814301,22.4549294,3157588,0,797892,0
09:03:42.627,83,34,47,18,120.4814072,22.4549122,3097536,0,789688,0
09:03:42.708,82,30,47,18,120.4814072,22.4549122,3039729,0,705042,0
09:03:42.838,84,31,48,18,120.4813919,22.4548931,3121255,0,716072,0
09:03:42.904,91,37,48,18,120.4813919,22.4548931,3389475,0,850440,0
09:03:43.031,91,37,49,18,120.4813843,22.4548721,3389475,0,850440,0
09:03:43.112,90,38,49,18,120.4813843,22.4548721,3335496,0,857280,0
09:03:43.222,88,33,52,18,120.4813690,22.4548473,3280326,0,768365,0
09:03:43.304,90,34,52,18,120.4813690,22.4548473,3330445,0,783203,0
09:03:43.432,90,35,54,18,120.4813538,22.4548225,3343064,0,793067,0
09:03:43.516,91,34,54,18,120.4813538,22.4548225,3384337,0,778808,0
09:03:43.632,91,34,56,18,120.4813538,22.4547958,3384337,0,778808,0
09:03:43.716,93,35,56,18,120.4813538,22.4547958,3472187,0,810554,0
09:03:43.847,96,36,59,18,120.4813461,22.4547672,3565993,0,833559,0
09:03:43.913,98,38,59,18,120.4813461,22.4547672,3632435,0,873657,0
09:03:44.012,100,42,59,18,120.4813461,22.4547672,3709640,0,949412,0
09:03:44.162,100,42,64,18,120.4813461,22.4547195,3749850,0,945715,0
09:03:44.212,100,41,64,18,120.4813461,22.4547195,3779639,0,934402,0
09:03:44.312,100,43,64,18,120.4813461,22.4547195,3826634,0,978729,0
09:03:44.423,100,45,70,18,120.4813461,22.4546680,3842511,0,1021711,0
09:03:44.512,100,47,70,18,120.4813461,22.4546680,3858206,0,1063178,0
09:03:44.643,100,50,75,18,120.4813461,22.4546299,3929012,0,1125277,0
09:03:44.709,100,50,75,18,120.4813461,22.4546299,3929012,0,1125277,0
09:03:44.837,100,49,79,18,120.4813461,22.4545918,3896120,0,1099517,0
09:03:44.903,100,49,79,18,120.4813461,22.4545918,3883661,0,1106508,0
09:03:45.036,100,49,84,18,120.4813461,22.4545498,3929490,0,1107973,0
09:03:45.112,100,45,84,18,120.4813461,22.4545498,3852565,0,1012837,0
09:03:45.211,100,46,84,18,120.4813461,22.4545498,3861931,0,1045440,0
09:03:45.343,100,49,90,18,120.4813461,22.4544849,3983920,0,1099341,0
09:03:45.408,100,48,90,18,120.4813461,22.4544849,3942335,0,1069354,0
09:03:45.533,100,48,95,18,120.4813461,22.4544392,3942335,0,1069354,0
09:03:45.616,100,49,95,18,120.4813461,22.4544392,4006702,0,1100084,0
09:03:45.718,100,49,100,18,120.4813538,22.4543896,3928419,0,1110922,0
09:03:45.801,100,46,100,18,120.4813538,22.4543896,3906498,0,1037521,0
09:03:45.938,100,46,106,18,120.4813538,22.4543362,4005424,0,1040639,0
09:03:46.003,100,49,106,18,120.4813538,22.4543362,3979465,0,1093859,0
09:03:46.101,100,47,106,18,120.4813538,22.4543362,3987072,0,1062948,0
09:03:46.243,100,47,114,18,120.4813538,22.4542522,3960383,0,1056219,0
09:03:46.309,100,47,114,18,120.4813538,22.4542522,3960383,0,1056219,0
09:03:46.414,100,49,119,18,120.4813538,22.4541931,3950955,0,1106197,0
09:03:46.509,100,48,119,18,120.4813538,22.4541931,3954477,0,1070804,0
09:03:46.607,100,46,119,18,120.4813538,22.4541931,3958464,0,1032250,0
09:03:46.748,100,50,126,18,120.4813690,22.4541016,3946913,0,1123810,0
09:03:46.816,100,45,126,18,120.4813690,22.4541016,3944788,0,1022750,0
09:03:46.928,100,46,130,18,120.4813690,22.4540367,3918987,0,1036146,0
09:03:47.011,100,48,130,18,120.4813690,22.4540367,3731508,0,1074599,0
09:03:47.142,88,45,134,18,120.4813690,22.4539700,3269587,0,1014474,0
09:03:47.209,88,45,134,18,120.4813690,22.4539700,3269587,0,1014474,0
09:03:47.307,76,48,134,18,120.4813690,22.4539700,2851855,0,1081662,0
09:03:47.447,76,48,133,18,120.4813690,22.4538689,2851855,0,1081662,0
09:03:47.513,77,46,133,18,120.4813690,22.4538689,2855022,0,1039063,0
09:03:47.646,77,48,131,18,120.4813690,22.4538021,2865033,0,1083637,0
09:03:47.712,75,50,131,18,120.4813690,22.4538021,2814434,0,1129921,0
09:03:47.843,72,53,129,18,120.4813843,22.4537373,2675008,0,1194338,0
09:03:47.909,72,53,129,18,120.4813843,22.4537373,2675008,0,1194338,0
09:03:48.008,64,61,129,18,120.4813843,22.4537373,2415066,0,1353772,0
09:03:48.111,64,61,126,18,120.4813843,22.4536743,2415066,0,1353772,0
09:03:48.209,59,64,126,18,120.4813843,22.4536743,2230058,0,1416707,0
09:03:48.333,58,66,121,18,120.4813843,22.4535809,2172200,0,1461070,0
09:03:48.400,55,70,121,18,120.4813843,22.4535809,2067546,0,1555575,0
09:03:48.544,51,71,117,18,120.4813843,22.4535198,1927801,0,1562836,0
09:03:48.609,53,75,117,18,120.4813843,22.4535198,1989965,0,1647256,0
09:03:48.722,53,75,112,18,120.4813843,22.4534645,1989965,0,1647256,0
09:03:48.806,54,75,112,18,120.4813843,22.4534645,2019431,0,1656994,0
09:03:48.933,53,74,108,18,120.4813843,22.4534073,2006878,0,1632237,0
09:03:49.000,54,75,108,18,120.4813843,22.4534073,2045556,0,1644137,0
09:03:49.149,54,75,103,18,120.4813919,22.4533558,2046406,0,1653185,0
09:03:49.215,54,73,103,18,120.4813919,22.4533558,2045674,0,1612993,0
09:03:49.314,56,72,103,18,120.4813919,22.4533558,2117352,0,1584438,0
09:03:49.449,58,70,97,18,120.4813919,22.4532795,2175152,0,1539071,0
09:03:49.506,58,70,97,18,120.4813919,22.4532795,2175152,0,1539071,0
09:03:49.636,61,68,94,18,120.4813919,22.4532318,2274062,0,1497111,0
09:03:49.702,62,66,94,18,120.4813919,22.4532318,2328997,0,1464989,0
09:03:49.833,63,65,91,18,120.4813919,22.4531860,2375735,0,1446839,0
09:03:49.916,63,65,91,18,120.4813919,22.4531860,2378069,0,1440770,0
09:03:50.016,59,58,91,18,120.4813919,22.4531860,2211829,0,1282642,0
09:03:50.131,62,55,86,18,120.4814072,22.4531193,2326141,0,1228889,0
09:03:50.209,67,58,86,18,120.4814072,22.4531193,2494280,0,1287290,0
09:03:50.307,65,55,86,18,120.4814072,22.4531193,2418095,0,1227873,0
09:03:50.438,66,53,81,18,120.4814072,22.4530563,2462089,0,1181227,0
09:03:50.504,66,53,81,18,120.4814072,22.4530563,2462089,0,1181227,0
09:03:50.637,68,49,79,18,120.4814224,22.4530163,2532632,0,1108303,0
09:03:50.703,69,47,79,18,120.4814224,22.4530163,2590399,0,1051402,0
09:03:50.800,70,42,79,18,120.4814224,22.4530163,2618427,0,954481,0
09:03:50.942,74,44,76,18,120.4814301,22.4529591,2758098,0,987133,0
09:03:51.008,74,45,76,18,120.4814301,22.4529591,2780075,0,1021849,0
09:03:51.157,74,44,74,18,120.4814301,22.4529228,2760654,0,995222,0
09:03:51.207,72,41,74,18,120.4814301,22.4529228,2699857,0,927117,0
09:03:51.306,78,42,74,18,120.4814301,22.4529228,2912481,0,952266,0
09:03:51.447,78,42,71,18,120.4814606,22.4528713,2910812,0,959974,0
09:03:51.504,78,42,71,18,120.4814606,22.4528713,2910812,0,959974,0
09:03:51.636,79,40,70,18,120.4814682,22.4528370,2934435,0,920095,0
09:03:51.702,74,39,70,18,120.4814682,22.4528370,2756174,0,882757,0
09:03:51.800,67,36,70,18,120.4814682,22.4528370,2514603,0,834112,0
09:03:51.941,68,35,68,18,120.4814987,22.4527912,2546751,0,813082,0
09:03:52.006,72,37,68,18,120.4814987,22.4527912,2706175,0,841561,0
09:03:52.109,76,35,67,17,120.4815140,22.4527607,2852984,0,801611,0
09:03:52.202,83,37,67,17,120.4815140,22.4527607,3080120,0,855491,0
09:03:52.336,77,35,68,18,120.4815369,22.4527321,2869984,0,809854,0
09:03:52.402,77,35,68,18,120.4815369,22.4527321,2869984,0,809854,0
09:03:52.502,75,34,68,18,120.4815369,22.4527321,2810903,0,780731,0
09:03:52.643,75,34,67,18,120.4815750,22.4526939,2810903,0,780731,0
09:03:52.709,76,33,67,18,120.4815750,22.4526939,2850956,0,763685,0
09:03:52.837,77,33,67,18,120.4815979,22.4526711,2887354,0,756128,0
09:03:52.903,80,33,67,18,120.4815979,22.4526711,2991319,0,753757,0
09:03:53.052,84,36,68,18,120.4816284,22.4526482,3115127,0,818215,0
09:03:53.102,81,34,68,18,120.4816284,22.4526482,3007992,0,774176,0
09:03:53.202,80,31,68,18,120.4816284,22.4526482,2965434,0,725418,0
09:03:53.351,83,32,68,18,120.4816742,22.4526196,3079069,0,735005,0
09:03:53.400,84,34,68,18,120.4816742,22.4526196,3143190,0,777216,0
09:03:53.516,86,33,68,18,120.4816742,22.4526196,3187745,0,771426,0
09:03:53.642,88,34,70,18,120.4817276,22.4525948,3272803,0,781610,0
09:03:53.709,88,34,70,18,120.4817276,22.4525948,3272803,0,781610,0
09:03:53.837,85,32,72,18,120.4817505,22.4525814,3169143,0,745260,0
09:03:53.903,87,31,72,18,120.4817505,22.4525814,3238292,0,712450,0
09:03:54.019,90,34,73,18,120.4817886,22.4525700,3333903,0,777065,0
09:03:54.116,90,34,73,18,120.4817886,22.4525700,3355942,0,780535,0
09:03:54.215,91,32,73,18,120.4817886,22.4525700,3394075,0,745024,0
09:03:54.332,91,32,77,18,120.4818573,22.4525547,3394075,0,745024,0
09:03:54.415,92,34,77,18,120.4818573,22.4525547,3425625,0,772166,0
09:03:54.535,93,34,79,18,120.4818954,22.4525490,3469911,0,776638,0
09:03:54.602,93,33,79,18,120.4818954,22.4525490,3446269,0,768449,0
09:03:54.729,95,36,82,18,120.4819489,22.4525433,3531824,0,817823,0
09:03:54.811,96,37,82,18,120.4819489,22.4525433,3582137,0,835898,0
09:03:54.919,96,37,84,18,120.4819870,22.4525433,3582137,0,835898,0
09:03:55.002,95,35,84,18,120.4819870,22.4525433,3541210,0,810020,0
09:03:55.135,98,39,87,18,120.4820328,22.4525433,3633742,0,882865,0
09:03:55.201,97,41,87,18,120.4820328,22.4525433,3610649,0,925569,0
09:03:55.316,99,41,87,18,120.4820328,22.4525433,3665131,0,924024,0
09:03:55.431,99,41,92,18,120.4821091,22.4525433,3686239,0,929608,0
09:03:55.513,100,45,92,18,120.4821091,22.4525433,3778285,0,1013181,0
09:03:55.658,99,46,95,18,120.4821625,22.4525471,3681400,0,1031038,0
09:03:55.708,99,46,95,18,120.4821625,22.4525471,3681400,0,1031038,0
09:03:55.822,99,45,97,18,120.4822159,22.4525528,3681629,0,1006169,0
09:03:55.905,100,48,97,18,120.4822159,22.4525528,3783662,0,1085493,0
09:03:56.037,100,50,100,18,120.4822693,22.4525585,3709793,0,1125767,0
09:03:56.103,99,47,100,18,120.4822693,22.4525585,3660533,0,1067833,0
09:03:56.202,93,47,100,18,120.4822693,22.4525585,3473296,0,1048588,0
09:03:56.346,86,48,104,18,120.4823456,22.4525681,3192434,0,1086456,0
09:03:56.412,79,48,104,18,120.4823456,22.4525681,2939640,0,1076745,0
09:03:56.552,78,47,101,18,120.4824066,22.4525738,2902160,0,1061761,0
09:03:56.602,78,47,101,18,120.4824066,22.4525738,2902160,0,1061761,0
09:03:56.702,78,48,101,18,120.4824066,22.4525738,2921864,0,1086207,0
09:03:56.846,78,48,99,18,120.4824829,22.4525833,2921864,0,1086207,0
09:03:56.912,78,50,99,18,120.4824829,22.4525833,2911059,0,1124027,0
09:03:57.062,75,50,97,18,120.4825363,22.4525871,2802088,0,1115400,0
09:03:57.112,71,52,97,18,120.4825363,22.4525871,2661333,0,1159910,0
09:03:57.212,66,55,97,18,120.4825363,22.4525871,2486404,0,1232372,0
09:03:57.356,64,58,94,18,120.4826126,22.4525928,2387076,0,1284731,0
09:03:57.406,62,62,94,18,120.4826126,22.4525928,2319925,0,1375022,0
09:03:57.528,62,62,90,18,120.4826660,22.4525967,2319925,0,1375022,0
09:03:57.612,60,63,90,18,120.4826660,22.4525967,2262716,0,1408050,0
09:03:57.712,59,66,90,18,120.4826660,22.4525967,2219506,0,1450956,0
09:03:57.853,59,66,86,18,120.4827423,22.4526024,2219506,0,1450956,0
09:03:57.903,60,67,86,18,120.4827423,22.4526024,2247784,0,1477635,0
09:03:58.051,60,67,82,18,120.4827805,22.4526024,2245363,0,1477890,0
09:03:58.100,61,66,82,18,120.4827805,22.4526024,2296314,0,1459005,0
09:03:58.216,64,66,82,18,120.4827805,22.4526024,2381105,0,1457484,0
09:03:58.340,65,64,77,18,120.4828415,22.4526062,2447879,0,1421893,0
09:03:58.406,65,64,77,18,120.4828415,22.4526062,2447879,0,1421893,0
09:03:58.529,68,59,75,18,120.4828796,22.4526062,2530316,0,1319345,0
09:03:58.612,70,58,75,18,120.4828796,22.4526062,2630039,0,1293814,0
09:03:58.724,72,58,72,18,120.4829178,22.4526062,2701638,0,1301574,0
09:03:58.806,73,60,72,18,120.4829178,22.4526062,2715863,0,1329056,0
09:03:58.934,69,60,70,18,120.4829559,22.4526043,2595038,0,1329730,0
09:03:59.016,65,60,70,18,120.4829559,22.4526043,2440386,0,1339145,0
09:03:59.119,65,60,68,18,120.4829941,22.4526043,2440386,0,1339145,0
09:03:59.200,65,62,68,18,120.4829941,22.4526043,2435070,0,1379954,0
09:03:59.316,61,64,68,18,120.4829941,22.4526043,2301311,0,1428215,0
09:03:59.414,61,64,64,18,120.4830627,22.4526005,2301311,0,1428215,0
09:03:59.515,59,64,64,18,120.4830627,22.4526005,2228817,0,1426185,0
09:03:59.643,57,66,61,18,120.4830856,22.4525967,2158060,0,1452776,0
09:03:59.709,53,65,61,18,120.4830856,22.4525967,2010518,0,1444477,0
09:03:59.833,52,65,58,18,120.4831238,22.4525928,1957702,0,1446863,0
09:03:59.915,52,67,58,18,120.4831238,22.4525928,1947085,0,1474410,0
09:04:00.048,51,67,54,18,120.4831467,22.4525852,1924354,0,1478153,0
09:04:00.115,51,67,54,18,120.4831467,22.4525852,1924354,0,1478153,0
09:04:00.215,50,64,54,18,120.4831467,22.4525852,1872702,0,1414162,0
09:04:00.344,50,64,49,18,120.4831848,22.4525738,1872702,0,1414162,0
09:04:00.409,52,60,49,18,120.4831848,22.4525738,1961039,0,1326805,0
09:04:00.542,59,57,46,18,120.4832153,22.4525642,2204464,0,1271888,0
09:04:00.609,67,52,46,18,120.4832153,22.4525642,2513333,0,1170017,0
09:04:00.738,67,52,43,18,120.4832382,22.4525547,2513333,0,1170017,0
09:04:00.806,67,47,43,18,120.4832382,22.4525547,2524752,0,1049955,0
09:04:00.932,67,42,42,18,120.4832535,22.4525433,2524745,0,944318,0
09:04:01.015,68,40,42,18,120.4832535,22.4525433,2535863,0,914890,0
09:04:01.139,68,40,41,18,120.4832611,22.4525299,2547043,0,907342,0
09:04:01.206,69,40,41,18,120.4832611,22.4525299,2568086,0,914992,0
09:04:01.314,69,40,40,18,120.4832916,22.4525146,2568086,0,914992,0
09:04:01.412,69,39,40,18,120.4832916,22.4525146,2565569,0,883234,0
09:04:01.552,69,39,38,18,120.4832993,22.4524994,2565569,0,883234,0
09:04:01.602,68,38,38,18,120.4832993,22.4524994,2562363,0,857350,0
09:04:01.733,69,37,37,18,120.4832993,22.4524841,2564881,0,838597,0
09:04:01.817,70,38,37,18,120.4832993,22.4524841,2616120,0,863126,0
09:04:01.933,72,38,36,18,120.4833145,22.4524651,2675530,0,864247,0
09:04:02.016,73,37,36,18,120.4833145,22.4524651,2738035,0,847551,0
09:04:02.114,74,36,36,18,120.4833145,22.4524651,2776255,0,825347,0
09:04:02.237,74,36,36,18,120.4833145,22.4524384,2776255,0,825347,0
09:04:02.306,76,37,36,18,120.4833145,22.4524384,2849706,0,835483,0
09:04:02.406,78,37,36,18,120.4833298,22.4524212,2894908,0,841634,0
09:04:02.506,78,36,36,18,120.4833298,22.4524212,2894785,0,830291,0
09:04:02.641,78,36,37,18,120.4833145,22.4524040,2920355,0,817053,0
09:04:02.704,80,35,37,18,120.4833145,22.4524040,2966493,0,805847,0
09:04:02.833,80,35,38,18,120.4833145,22.4523849,2966493,0,805847,0
09:04:02.915,81,35,38,18,120.4833145,22.4523849,3022555,0,813194,0
09:04:03.019,83,36,39,18,120.4832993,22.4523659,3076425,0,831316,0
09:04:03.100,81,35,39,18,120.4832993,22.4523659,3028021,0,810466,0
09:04:03.215,83,32,39,18,120.4832993,22.4523659,3096762,0,745938,0
09:04:03.369,83,32,41,18,120.4832916,22.4523392,3096762,0,745938,0
09:04:03.402,84,33,41,18,120.4832916,22.4523392,3131815,0,755439,0
09:04:03.511,86,33,43,18,120.4832764,22.4523239,3206037,0,766158,0
09:04:03.609,87,33,43,18,120.4832764,22.4523239,3226411,0,758309,0
09:04:03.708,87,33,43,18,120.4832764,22.4523239,3233147,0,760996,0
09:04:03.819,87,32,46,18,120.4832535,22.4522991,3255662,0,733281,0
09:04:03.916,88,31,46,18,120.4832535,22.4522991,3268780,0,719501,0
09:04:04.047,90,32,48,18,120.4832230,22.4522858,3331171,0,737786,0
09:04:04.112,90,32,48,18,120.4832230,22.4522858,3331171,0,737786,0
09:04:04.211,90,32,48,18,120.4832230,22.4522858,3349257,0,745279,0
09:04:04.321,90,32,52,18,120.4831848,22.4522686,3349257,0,745279,0
09:04:04.406,93,34,52,18,120.4831848,22.4522686,3458835,0,784041,0
09:04:04.523,93,35,55,18,120.4831619,22.4522591,3451762,0,803798,0
09:04:04.606,95,35,55,18,120.4831619,22.4522591,3522194,0,797089,0
09:04:04.708,96,36,57,18,120.4831390,22.4522514,3583258,0,821209,0
09:04:04.807,96,36,57,18,120.4831390,22.4522514,3578086,0,814617,0
09:04:04.936,99,37,61,18,120.4831009,22.4522457,3676469,0,835667,0
09:04:05.002,99,37,61,18,120.4831009,22.4522457,3676469,0,835667,0
09:04:05.137,100,38,64,18,120.4830704,22.4522419,3718105,0,863065,0
09:04:05.203,100,39,64,18,120.4830704,22.4522419,3759240,0,886521,0
09:04:05.302,100,40,64,18,120.4830704,22.4522419,3800655,0,905656,0
09:04:05.456,100,41,71,18,120.4830093,22.4522362,3818800,0,940177,0
09:04:05.500,100,45,71,18,120.4830093,22.4522362,3827774,0,1015811,0
09:04:05.601,100,45,75,18,120.4829712,22.4522362,3827774,0,1015811,0
09:04:05.702,100,48,75,18,120.4829712,22.4522362,3884624,0,1080135,0
09:04:05.854,100,48,79,18,120.4829330,22.4522362,3884624,0,1080135,0
09:04:05.903,100,49,79,18,120.4829330,22.4522362,3889224,0,1095677,0
09:04:06.063,100,50,83,18,120.4828796,22.4522362,3918346,0,1113639,0
09:04:06.112,100,49,83,18,120.4828796,22.4522362,3897110,0,1098286,0
09:04:06.211,100,49,83,18,120.4828796,22.4522362,3861331,0,1111113,0
09:04:06.347,100,49,90,18,120.4828186,22.4522381,3859783,0,1104712,0
09:04:06.413,100,50,90,18,120.4828186,22.4522381,3900559,0,1131749,0
09:04:06.544,100,50,94,18,120.4827652,22.4522400,3900559,0,1131749,0
09:04:06.609,100,49,94,18,120.4827652,22.4522400,3757295,0,1103360,0
09:04:06.743,88,47,98,18,120.4827118,22.4522419,3271844,0,1064130,0
09:04:06.809,82,49,98,18,120.4827118,22.4522419,3065642,0,1091007,0
09:04:06.909,81,49,98,18,120.4827118,22.4522419,3012416,0,1095194,0
09:04:07.052,80,47,96,18,120.4826355,22.4522438,2971566,0,1068721,0
09:04:07.102,80,48,96,18,120.4826355,22.4522438,2985784,0,1079766,0
09:04:07.202,80,49,96,18,120.4826355,22.4522438,2991608,0,1095545,0
09:04:07.354,79,48,94,18,120.4825592,22.4522457,2942641,0,1089261,0
09:04:07.403,79,48,94,18,120.4825592,22.4522457,2942641,0,1089261,0
09:04:07.516,78,47,92,18,120.4825058,22.4522457,2916713,0,1052211,0
09:04:07.615,78,46,92,18,120.4825058,22.4522457,2922710,0,1028143,0
09:04:07.727,80,48,90,18,120.4824600,22.4522457,2984192,0,1076708,0
09:04:07.809,77,49,90,18,120.4824600,22.4522457,2862018,0,1104216,0
09:04:07.937,76,52,89,18,120.4824066,22.4522457,2841292,0,1164067,0
09:04:08.003,71,57,89,18,120.4824066,22.4522457,2664139,0,1270052,0
09:04:08.144,66,55,87,18,120.4823532,22.4522457,2488521,0,1235178,0
09:04:08.209,66,55,87,18,120.4823532,22.4522457,2488521,0,1235178,0
09:04:08.307,67,59,87,18,120.4823532,22.4522457,2500768,0,1312029,0
09:04:08.429,67,59,82,17,120.4822922,22.4522438,2500768,0,1312029,0
09:04:08.512,66,59,82,17,120.4822922,22.4522438,2488378,0,1304352,0
09:04:08.622,66,58,80,17,120.4822540,22.4522438,2462757,0,1286590,0
09:04:08.706,67,60,80,17,120.4822540,22.4522438,2492119,0,1337021,0
09:04:08.817,67,62,77,17,120.4822006,22.4522419,2512789,0,1372911,0
09:04:08.915,66,63,77,17,120.4822006,22.4522419,2471655,0,1401587,0
09:04:09.028,66,63,74,17,120.4821625,22.4522400,2471655,0,1401587,0
09:04:09.112,65,63,74,17,120.4821625,22.4522400,2446924,0,1393012,0
09:04:09.227,67,62,71,17,120.4821243,22.4522381,2506667,0,1381107,0
09:04:09.309,67,61,71,17,120.4821243,22.4522381,2523790,0,1363564,0
09:04:09.431,68,61,69,17,120.4820862,22.4522362,2558437,0,1349469,0
09:04:09.502,67,59,69,17,120.4820862,22.4522362,2502834,0,1309955,0
09:04:09.634,67,59,66,17,120.4820480,22.4522343,2502834,0,1309955,0
09:04:09.715,65,59,66,17,120.4820480,22.4522343,2452034,0,1307549,0
09:04:09.832,64,58,64,17,120.4820099,22.4522285,2413034,0,1296207,0
09:04:09.915,63,57,64,17,120.4820099,22.4522285,2358767,0,1272909,0
09:04:10.017,61,55,61,17,120.4819870,22.4522247,2303688,0,1231792,0
09:04:10.100,62,52,61,17,120.4819870,22.4522247,2310584,0,1166904,0
09:04:10.215,62,52,61,17,120.4819870,22.4522247,2341520,0,1162268,0
09:04:10.315,63,51,57,18,120.4819336,22.4522152,2354373,0,1136064,0
09:04:10.415,63,49,57,18,120.4819336,22.4522152,2344168,0,1106177,0
09:04:10.562,63,48,55,18,120.4819107,22.4522057,2374110,0,1079489,0
09:04:10.612,63,48,55,18,120.4819107,22.4522057,2374110,0,1079489,0
09:04:10.711,64,48,55,18,120.4819107,22.4522057,2388357,0,1088569,0
09:04:10.847,64,48,52,18,120.4818726,22.4521885,2388357,0,1088569,0
09:04:10.912,67,48,52,18,120.4818726,22.4521885,2494154,0,1074295,0
09:04:11.043,67,45,50,18,120.4818420,22.4521751,2512816,0,1021007,0
09:04:11.108,66,41,50,18,120.4818420,22.4521751,2485537,0,921071,0
09:04:11.207,69,40,50,18,120.4818420,22.4521751,2564541,0,902119,0
09:04:11.344,68,39,47,18,120.4818039,22.4521561,2537857,0,889478,0
09:04:11.409,65,36,47,18,120.4818039,22.4521561,2445368,0,821583,0
09:04:11.515,65,36,46,18,120.4817886,22.4521389,2445368,0,821583,0
09:04:11.612,69,37,46,18,120.4817886,22.4521389,2574855,0,839822,0
09:04:11.723,69,37,44,18,120.4817810,22.4521217,2574855,0,839822,0
09:04:11.806,69,38,44,18,120.4817810,22.4521217,2576550,0,859908,0
09:04:11.919,68,36,43,18,120.4817657,22.4521046,2562921,0,833075,0
09:04:12.000,67,36,43,18,120.4817657,22.4521046,2526463,0,830302,0
09:04:12.114,66,34,43,18,120.4817657,22.4521046,2461424,0,787583,0
09:04:12.292,66,34,41,18,120.4817429,22.4520760,2461424,0,787583,0
09:04:12.309,66,34,41,18,120.4817429,22.4520760,2483672,0,788724,0
09:04:12.422,66,34,40,18,120.4817429,22.4520550,2483672,0,788724,0
09:04:12.506,70,35,40,18,120.4817429,22.4520550,2614822,0,794050,0
09:04:12.608,75,33,38,18,120.4817429,22.4520359,2784197,0,769075,0
09:04:12.707,80,35,38,18,120.4817429,22.4520359,2995700,0,794547,0
09:04:12.833,80,35,40,18,120.4817429,22.4520168,2995700,0,794547,0
09:04:12.915,81,33,40,18,120.4817429,22.4520168,3024576,0,771140,0
09:04:13.062,83,33,41,18,120.4817429,22.4519958,3096056,0,768367,0
09:04:13.112,84,33,41,18,120.4817429,22.4519958,3138186,0,769740,0
09:04:13.212,87,34,41,18,120.4817429,22.4519958,3233021,0,772765,0
09:04:13.362,87,36,44,18,120.4817505,22.4519634,3255564,0,817399,0
09:04:13.412,88,35,44,18,120.4817505,22.4519634,3292215,0,802587,0
09:04:13.512,89,34,44,18,120.4817505,22.4519634,3294912,0,785657,0
09:04:13.622,88,33,47,18,120.4817657,22.4519310,3267104,0,765454,0
09:04:13.704,89,32,47,18,120.4817657,22.4519310,3320298,0,731163,0
09:04:13.802,91,33,47,18,120.4817657,22.4519310,3401678,0,756711,0
09:04:13.902,92,33,52,18,120.4817886,22.4519005,3411556,0,753177,0
09:04:14.015,92,33,52,18,120.4817886,22.4519005,3411556,0,753177,0
09:04:14.115,95,37,52,18,120.4817886,22.4519005,3525280,0,842539,0
09:04:14.215,94,35,55,18,120.4818192,22.4518681,3491059,0,812385,0
09:04:14.315,96,38,55,18,120.4818192,22.4518681,3561476,0,877566,0
09:04:14.429,96,38,58,18,120.4818420,22.4518490,3561476,0,877566,0
09:04:14.502,98,42,58,18,120.4818420,22.4518490,3644795,0,957867,0
09:04:14.659,99,42,61,18,120.4818726,22.4518299,3685299,0,958765,0
09:04:14.706,99,42,61,18,120.4818726,22.4518299,3685299,0,958765,0
09:04:14.819,100,44,63,18,120.4818954,22.4518108,3749587,0,989777,0
09:04:14.902,100,47,63,18,120.4818954,22.4518108,3787295,0,1066348,0
09:04:15.002,100,50,67,18,120.4819183,22.4517899,3811597,0,1118032,0
09:04:15.100,98,52,67,18,120.4819183,22.4517899,3638546,0,1158988,0
09:04:15.216,86,52,67,18,120.4819183,22.4517899,3194095,0,1159570,0
09:04:15.390,86,52,71,18,120.4819717,22.4517593,3194095,0,1159570,0
09:04:15.415,86,52,71,18,120.4819717,22.4517593,3194095,0,1159570,0
09:04:15.527,83,51,69,18,120.4819946,22.4517384,3086499,0,1136352,0
09:04:15.609,81,48,69,18,120.4819946,22.4517384,3009593,0,1072967,0
09:04:15.741,81,47,68,18,120.4820251,22.4517193,3031497,0,1055770,0
09:04:15.808,83,44,68,18,120.4820251,22.4517193,3110213,0,1005121,0
09:04:15.906,84,43,67,18,120.4820480,22.4516983,3117527,0,981616,0
09:04:16.004,83,41,67,18,120.4820480,22.4516983,3083686,0,927070,0
09:04:16.102,83,40,67,18,120.4820480,22.4516983,3085180,0,907179,0
09:04:16.257,83,40,68,18,120.4821014,22.4516621,3076297,0,900900,0
09:04:16.301,83,40,68,18,120.4821014,22.4516621,3076297,0,900900,0
09:04:16.414,78,35,68,18,120.4821243,22.4516373,2926089,0,797223,0
09:04:16.512,81,35,68,18,120.4821243,22.4516373,3008526,0,806466,0
09:04:16.615,79,35,68,18,120.4821396,22.4516087,2959646,0,803584,0
09:04:16.715,77,32,68,18,120.4821396,22.4516087,2889439,0,736949,0
09:04:16.832,76,29,68,18,120.4821625,22.4515800,2848862,0,683279,0
09:04:16.915,81,30,68,18,120.4821625,22.4515800,3035913,0,695431,0
09:04:17.040,83,31,69,18,120.4821777,22.4515514,3086755,0,710262,0
09:04:17.109,83,31,69,18,120.4821777,22.4515514,3086755,0,710262,0
09:04:17.207,86,30,69,18,120.4821777,22.4515514,3205835,0,700674,0
09:04:17.308,88,30,72,18,120.4822006,22.4515018,3290750,0,697197,0
09:04:17.407,90,32,72,18,120.4822006,22.4515018,3364362,0,737401,0
09:04:17.547,93,32,74,18,120.4822159,22.4514675,3474970,0,738200,0
09:04:17.612,94,31,74,18,120.4822159,22.4514675,3503441,0,725124,0
09:04:17.764,98,33,78,18,120.4822235,22.4514294,3635401,0,767761,0
09:04:17.813,98,33,78,18,120.4822235,22.4514294,3635401,0,767761,0
09:04:17.959,100,35,82,17,120.4822235,22.4513893,3702813,0,813252,0
09:04:18.009,99,35,82,17,120.4822235,22.4513893,3673529,0,814209,0
09:04:18.107,100,39,82,17,120.4822235,22.4513893,3776508,0,884165,0
09:04:18.229,100,45,87,18,120.4822388,22.4513245,3786610,0,1026304,0
09:04:18.311,100,38,87,18,120.4822388,22.4513245,3739972,0,876755,0
09:04:18.415,100,41,91,18,120.4822388,22.4512806,3757689,0,941424,0
09:04:18.515,100,42,91,18,120.4822388,22.4512806,3831302,0,960570,0
09:04:18.664,100,45,93,18,120.4822540,22.4512329,3858428,0,1015269,0
09:04:18.713,100,45,93,18,120.4822540,22.4512329,3858428,0,1015269,0
09:04:18.812,100,47,93,18,120.4822540,22.4512329,3862958,0,1066301,0
09:04:18.911,100,47,93,18,120.4822540,22.4512329,3785045,0,1067229,0
09:04:19.023,100,47,99,18,120.4822540,22.4511337,3785045,0,1067229,0
09:04:19.106,100,50,99,18,120.4822540,22.4511337,3860525,0,1117476,0
09:04:19.213,100,50,103,18,120.4822540,22.4510822,3833683,0,1116911,0
09:04:19.312,100,51,103,18,120.4822540,22.4510822,3807747,0,1147210,0
09:04:19.464,94,51,107,18,120.4822540,22.4510250,3496001,0,1144346,0
09:04:19.502,94,51,107,18,120.4822540,22.4510250,3496001,0,1144346,0
09:04:19.607,79,47,111,18,120.4822388,22.4509697,2963755,0,1051466,0
09:04:19.706,79,48,111,18,120.4822388,22.4509697,2946974,0,1069847,0
09:04:19.836,78,47,110,18,120.4822388,22.4509144,2914915,0,1061208,0
09:04:19.902,78,47,110,18,120.4822388,22.4509144,2913433,0,1053354,0
09:04:20.063,79,48,108,18,120.4822388,22.4508610,2963163,0,1088509,0
09:04:20.112,79,49,108,18,120.4822388,22.4508610,2941352,0,1092827,0
09:04:20.212,78,48,108,18,120.4822388,22.4508610,2922091,0,1075491,0
09:04:20.357,77,46,105,18,120.4822388,22.4507809,2886008,0,1047072,0
09:04:20.407,77,46,105,18,120.4822388,22.4507809,2886008,0,1047072,0
09:04:20.536,78,46,103,18,120.4822388,22.4507275,2903129,0,1043464,0
09:04:20.601,77,47,103,18,120.4822388,22.4507275,2883782,0,1056502,0
09:04:20.702,78,46,101,18,120.4822388,22.4506760,2919082,0,1044853,0
09:04:20.802,81,50,101,18,120.4822388,22.4506760,3009068,0,1124062,0
09:04:20.970,80,48,99,18,120.4822388,22.4506264,2970775,0,1085760,0
09:04:21.004,80,48,99,18,120.4822388,22.4506264,2970775,0,1085760,0
09:04:21.140,83,50,97,18,120.4822388,22.4505768,3087587,0,1122885,0
09:04:21.207,79,47,97,18,120.4822388,22.4505768,2943276,0,1048466,0
09:04:21.312,77,46,97,18,120.4822388,22.4505768,2865204,0,1032933,0
09:04:21.413,76,46,95,18,120.4822540,22.4505062,2818700,0,1027583,0
09:04:21.511,71,41,95,18,120.4822540,22.4505062,2652684,0,933362,0
09:04:21.679,70,39,92,18,120.4822540,22.4504585,2634631,0,896233,0
09:04:21.712,70,39,92,18,120.4822540,22.4504585,2634631,0,896233,0
09:04:21.842,70,40,90,18,120.4822693,22.4504128,2633159,0,910985,0
09:04:21.908,69,38,90,18,120.4822693,22.4504128,2582711,0,867020,0
09:04:22.008,69,38,87,18,120.4822693,22.4503689,2582990,0,862155,0
09:04:22.107,68,37,87,18,120.4822693,22.4503689,2544369,0,846246,0
09:04:22.206,70,37,87,18,120.4822693,22.4503689,2621005,0,856571,0
09:04:22.384,67,36,84,18,120.4822922,22.4503078,2523547,0,829734,0
09:04:22.401,67,36,84,18,120.4822922,22.4503078,2523547,0,829734,0
09:04:22.517,68,34,82,18,120.4823074,22.4502678,2531267,0,783927,0
09:04:22.602,70,36,82,18,120.4823074,22.4502678,2624249,0,831743,0
09:04:22.732,71,35,80,18,120.4823151,22.4502296,2655256,0,804843,0
09:04:22.815,72,32,80,18,120.4823151,22.4502296,2686683,0,736514,0
09:04:22.929,72,32,79,18,120.4823456,22.4501953,2686683,0,736514,0
09:04:23.011,70,31,79,18,120.4823456,22.4501953,2631621,0,719623,0
09:04:23.154,73,30,79,18,120.4823685,22.4501591,2723721,0,693240,0
09:04:23.202,77,30,79,18,120.4823685,22.4501591,2876228,0,701323,0
09:04:23.302,79,30,79,18,120.4823685,22.4501591,2932735,0,701408,0
09:04:23.434,80,29,80,18,120.4824066,22.4501114,2983937,0,668905,0
09:04:23.515,81,29,80,18,120.4824066,22.4501114,3004083,0,684181,0
09:04:23.602,79,26,81,18,120.4824295,22.4500828,2947012,0,614393,0
09:04:23.702,82,28,81,18,120.4824295,22.4500828,3056594,0,655489,0
09:04:23.831,83,30,82,18,120.4824677,22.4500542,3074762,0,707372,0
09:04:23.915,81,27,82,18,120.4824677,22.4500542,3012718,0,633969,0
09:04:24.074,84,28,83,18,120.4824982,22.4500294,3121128,0,654740,0
09:04:24.107,84,28,83,18,120.4824982,22.4500294,3121128,0,654740,0
09:04:24.206,87,32,83,18,120.4824982,22.4500294,3235470,0,749890,0
09:04:24.307,88,31,85,18,120.4825592,22.4499912,3284759,0,708205,0
09:04:24.406,91,34,85,18,120.4825592,22.4499912,3390262,0,774960,0
09:04:24.536,90,33,87,18,120.4825974,22.4499722,3356178,0,753147,0
09:04:24.602,89,30,87,18,120.4825974,22.4499722,3308870,0,700009,0
09:04:24.769,89,30,89,18,120.4826355,22.4499512,3308870,0,700009,0
09:04:24.802,91,30,89,18,120.4826355,22.4499512,3389561,0,695402,0
09:04:24.931,97,33,91,18,120.4826889,22.4499321,3586017,0,765964,0
09:04:25.014,95,29,91,18,120.4826889,22.4499321,3518874,0,670616,0
09:04:25.142,96,31,93,18,120.4827423,22.4499168,3560403,0,710758,0
09:04:25.208,96,31,93,18,120.4827423,22.4499168,3560403,0,710758,0
09:04:25.308,100,41,93,18,120.4827423,22.4499168,3779036,0,937920,0
09:04:25.450,100,41,99,18,120.4828033,22.4498959,3779036,0,937920,0
09:04:25.516,100,42,99,18,120.4828033,22.4498959,3750996,0,944525,0
09:04:25.629,100,40,102,18,120.4828644,22.4498844,3742865,0,906005,0
09:04:25.712,100,42,102,18,120.4828644,22.4498844,3772553,0,952767,0
09:04:25.818,100,42,106,18,120.4829178,22.4498730,3772553,0,952767,0
09:04:25.903,100,42,106,18,120.4829178,22.4498730,3767939,0,948746,0
09:04:26.001,100,42,110,18,120.4829712,22.4498634,3765312,0,950573,0
09:04:26.115,100,44,110,18,120.4829712,22.4498634,3775574,0,1004148,0
09:04:26.215,100,41,110,18,120.4829712,22.4498634,3751107,0,933214,0
09:04:26.383,100,40,115,18,120.4830704,22.4498501,3757951,0,912150,0
09:04:26.400,100,40,115,18,120.4830704,22.4498501,3757951,0,912150,0
09:04:26.515,100,41,115,18,120.4830704,22.4498501,3703656,0,930054,0
09:04:26.636,96,40,120,18,120.4831619,22.4498405,3550342,0,916715,0
09:04:26.702,84,49,120,18,120.4831619,22.4498405,3139374,0,1102138,0
09:04:26.802,75,46,120,18,120.4831619,22.4498405,2791430,0,1028172,0
09:04:26.952,74,45,119,18,120.4832611,22.4498310,2765550,0,1021328,0
09:04:27.002,67,53,119,18,120.4832611,22.4498310,2492407,0,1178773,0
09:04:27.129,57,58,118,18,120.4833298,22.4498272,2128047,0,1299833,0
09:04:27.211,53,69,118,18,120.4833298,22.4498272,1987688,0,1529664,0
09:04:27.302,51,76,118,18,120.4833298,22.4498272,1924127,0,1678611,0
09:04:27.443,51,76,111,18,120.4834213,22.4498215,1924127,0,1678611,0
09:04:27.508,46,76,111,18,120.4834213,22.4498215,1758384,0,1674707,0
09:04:27.637,46,77,106,18,120.4834671,22.4498215,1729749,0,1702691,0
09:04:27.702,46,78,106,18,120.4834671,22.4498215,1747036,0,1720521,0
09:04:27.831,46,75,101,18,120.4835358,22.4498215,1742258,0,1656815,0
09:04:27.912,49,77,101,18,120.4835358,22.4498215,1849925,0,1698766,0
09:04:28.041,49,79,96,18,120.4835815,22.4498215,1852397,0,1732505,0
09:04:28.107,49,79,96,18,120.4835815,22.4498215,1852397,0,1732505,0
09:04:28.206,49,74,96,18,120.4835815,22.4498215,1852510,0,1638596,0
09:04:28.306,49,74,89,18,120.4836578,22.4498234,1852510,0,1638596,0
09:04:28.405,54,71,89,18,120.4836578,22.4498234,2040597,0,1566145,0
09:04:28.514,54,71,85,18,120.4836960,22.4498272,2040597,0,1566145,0
09:04:28.612,55,69,85,18,120.4836960,22.4498272,2078283,0,1526585,0
09:04:28.773,54,64,82,18,120.4837494,22.4498310,2034134,0,1408830,0
09:04:28.806,59,63,82,18,120.4837494,22.4498310,2216585,0,1400204,0
09:04:28.906,59,61,82,18,120.4837494,22.4498310,2232019,0,1353123,0
09:04:29.006,58,58,82,18,120.4837494,22.4498310,2193720,0,1297337,0
09:04:29.118,59,55,75,18,120.4838257,22.4498425,2226905,0,1226775,0
09:04:29.202,62,54,75,18,120.4838257,22.4498425,2323249,0,1196964,0
09:04:29.330,63,52,72,18,120.4838638,22.4498520,2347752,0,1165699,0
09:04:29.412,58,44,72,18,120.4838638,22.4498520,2183165,0,985409,0
09:04:29.564,58,44,70,18,120.4839020,22.4498615,2183165,0,985409,0
09:04:29.612,66,41,70,18,120.4839020,22.4498615,2484519,0,941229,0
09:04:29.736,70,43,68,18,120.4839401,22.4498730,2635465,0,965346,0
09:04:29.802,70,43,68,18,120.4839401,22.4498730,2635465,0,965346,0
09:04:29.917,70,40,66,18,120.4839783,22.4498882,2616932,0,919143,0
09:04:30.015,70,38,66,18,120.4839783,22.4498882,2602810,0,865546,0
09:04:30.146,70,38,64,18,120.4840088,22.4499016,2601291,0,860816,0
09:04:30.212,69,36,64,18,120.4840088,22.4499016,2565329,0,828682,0
09:04:30.310,69,36,64,18,120.4840088,22.4499016,2590076,0,834335,0
09:04:30.432,68,36,61,18,120.4840469,22.4499283,2555236,0,827463,0
09:04:30.515,70,36,61,18,120.4840469,22.4499283,2624092,0,816466,0
09:04:30.630,70,35,60,18,120.4840698,22.4499493,2625634,0,798401,0
09:04:30.711,73,34,60,18,120.4840698,22.4499493,2734786,0,783004,0
09:04:30.812,75,33,59,18,120.4840927,22.4499702,2801681,0,760786,0
09:04:30.912,77,31,59,18,120.4840927,22.4499702,2871199,0,729169,0
09:04:31.046,81,33,59,18,120.4841232,22.4499912,3025839,0,768133,0
09:04:31.112,81,33,59,18,120.4841232,22.4499912,3025839,0,768133,0
09:04:31.211,84,36,59,18,120.4841232,22.4499912,3124800,0,826940,0
09:04:31.336,84,36,59,18,120.4841461,22.4500294,3124800,0,826940,0
09:04:31.402,83,36,59,18,120.4841461,22.4500294,3081331,0,833703,0
09:04:31.505,83,37,60,18,120.4841614,22.4500542,3087779,0,844217,0
09:04:31.604,83,38,60,18,120.4841614,22.4500542,3099445,0,871404,0
09:04:31.781,80,38,61,18,120.4841690,22.4500828,2993448,0,872595,0
09:04:31.815,80,38,61,18,120.4841690,22.4500828,2993448,0,872595,0
09:04:31.926,73,37,60,18,120.4841843,22.4501114,2726081,0,850950,0
09:04:32.008,70,37,60,18,120.4841843,22.4501114,2616430,0,848599,0
09:04:32.109,70,34,60,18,120.4841843,22.4501114,2615002,0,785592,0
09:04:32.250,70,34,57,18,120.4841995,22.4501553,2615002,0,785592,0
09:04:32.315,72,37,57,18,120.4841995,22.4501553,2683234,0,843999,0
09:04:32.411,71,37,56,18,120.4841995,22.4501820,2659999,0,835554,0
09:04:32.511,72,34,56,18,120.4841995,22.4501820,2698702,0,792179,0
09:04:32.640,73,35,55,18,120.4841995,22.4502106,2742446,0,805223,0
09:04:32.706,76,33,55,18,120.4841995,22.4502106,2845977,0,771107,0
09:04:32.834,76,33,54,18,120.4841995,22.4502392,2845977,0,771107,0
09:04:32.915,78,34,54,18,120.4841995,22.4502392,2910239,0,783326,0
09:04:33.019,81,35,54,18,120.4841995,22.4502659,3024240,0,810938,0
09:04:33.100,81,36,54,18,120.4841995,22.4502659,3008500,0,818055,0
09:04:33.202,77,31,54,18,120.4841995,22.4502659,2857276,0,723942,0
09:04:33.377,81,31,55,18,120.4841843,22.4503059,3015947,0,719810,0
09:04:33.410,82,40,55,18,120.4841843,22.4503059,3067066,0,919886,0
09:04:33.508,77,36,55,18,120.4841843,22.4503059,2856856,0,817498,0
09:04:33.615,76,28,55,18,120.4841690,22.4503460,2843237,0,658579,0
09:04:33.715,84,34,55,18,120.4841690,22.4503460,3145257,0,787250,0
09:04:33.806,84,34,56,18,120.4841614,22.4503689,3145257,0,787250,0
09:04:33.905,86,34,56,18,120.4841614,22.4503689,3186771,0,787239,0
09:04:34.052,86,35,57,18,120.4841461,22.4503937,3211979,0,805443,0
09:04:34.102,86,35,57,18,120.4841461,22.4503937,3211979,0,805443,0
09:04:34.200,85,36,57,18,120.4841461,22.4503937,3178862,0,817753,0
09:04:34.352,85,36,59,18,120.4841080,22.4504280,3178862,0,817753,0
09:04:34.402,85,37,59,18,120.4841080,22.4504280,3149503,0,837824,0
09:04:34.538,81,36,59,17,120.4840927,22.4504490,3026316,0,834190,0
09:04:34.606,77,32,59,17,120.4840927,22.4504490,2889239,0,742014,0
09:04:34.718,77,32,59,17,120.4840698,22.4504700,2889239,0,742014,0
09:04:34.802,79,36,59,17,120.4840698,22.4504700,2929311,0,816499,0
09:04:34.929,79,37,59,18,120.4840469,22.4504871,2960457,0,856068,0
09:04:35.012,79,36,59,18,120.4840469,22.4504871,2931955,0,819859,0
09:04:35.122,78,35,59,18,120.4840164,22.4505043,2919322,0,810343,0
09:04:35.206,79,37,59,18,120.4840164,22.4505043,2949326,0,845645,0
09:04:35.334,78,36,58,18,120.4839935,22.4505177,2906292,0,822107,0
09:04:35.415,76,34,58,18,120.4839935,22.4505177,2847789,0,781170,0
09:04:35.543,76,34,58,18,120.4839554,22.4505291,2847789,0,781170,0
09:04:35.608,77,36,58,18,120.4839554,22.4505291,2863412,0,816331,0
09:04:35.740,76,35,58,18,120.4839325,22.4505386,2850725,0,799742,0
09:04:35.806,76,35,58,18,120.4839325,22.4505386,2851693,0,804449,0
09:04:35.974,77,35,58,18,120.4839020,22.4505463,2875682,0,802104,0
09:04:36.006,77,35,58,18,120.4839020,22.4505463,2875682,0,802104,0
09:04:36.106,77,35,58,18,120.4839020,22.4505463,2885384,0,803119,0
09:04:36.251,77,35,58,18,120.4838562,22.4505520,2885384,0,803119,0
09:04:36.302,78,35,58,18,120.4838562,22.4505520,2899455,0,803493,0
09:04:36.414,78,33,58,18,120.4838181,22.4505539,2900104,0,761981,0
09:04:36.511,80,34,58,18,120.4838181,22.4505539,2996397,0,774061,0
09:04:36.642,82,35,59,18,120.4837875,22.4505501,3054945,0,798845,0
09:04:36.709,83,34,59,18,120.4837875,22.4505501,3110257,0,778123,0
09:04:36.850,85,34,60,18,120.4837494,22.4505463,3150845,0,784494,0
09:04:36.915,85,34,60,18,120.4837494,22.4505463,3150845,0,784494,0
09:04:37.014,87,33,60,18,120.4837494,22.4505463,3255080,0,771295,0
09:04:37.153,89,34,62,18,120.4837112,22.4505348,3293548,0,783851,0
09:04:37.202,89,34,62,18,120.4837112,22.4505348,3293548,0,783851,0
09:04:37.302,90,36,62,18,120.4837112,22.4505348,3364988,0,817455,0
09:04:37.443,91,35,66,18,120.4836578,22.4505177,3374361,0,800474,0
09:04:37.508,91,34,66,18,120.4836578,22.4505177,3393357,0,790200,0
09:04:37.609,93,37,68,18,120.4836197,22.4505024,3472091,0,843931,0
09:04:37.707,94,34,68,18,120.4836197,22.4505024,3507111,0,785229,0
09:04:37.857,97,37,71,18,120.4835968,22.4504852,3595419,0,846533,0
09:04:37.909,97,37,71,18,120.4835968,22.4504852,3595419,0,846533,0
09:04:38.066,95,37,74,18,120.4835587,22.4504642,3524038,0,841589,0
09:04:38.116,95,37,74,18,120.4835587,22.4504642,3524038,0,841589,0
09:04:38.215,92,40,74,18,120.4835587,22.4504642,3411007,0,904987,0
09:04:38.302,85,44,78,18,120.4835052,22.4504299,3168028,0,1003318,0
09:04:38.402,83,47,78,18,120.4835052,22.4504299,3076762,0,1063803,0
09:04:38.531,82,50,76,18,120.4834824,22.4504070,3072247,0,1114714,0
09:04:38.615,82,51,76,18,120.4834824,22.4504070,3066828,0,1149279,0
09:04:38.764,83,54,75,18,120.4834442,22.4503822,3082981,0,1208889,0
09:04:38.812,83,54,75,18,120.4834442,22.4503822,3082981,0,1208889,0
09:04:38.906,80,54,73,17,120.4834213,22.4503593,2992863,0,1200683,0
09:04:39.004,78,54,73,17,120.4834213,22.4503593,2896258,0,1197904,0
09:04:39.136,76,55,72,17,120.4833755,22.4503345,2842950,0,1218543,0
09:04:39.202,74,53,72,17,120.4833755,22.4503345,2750267,0,1191587,0
09:04:39.309,72,51,72,17,120.4833755,22.4503345,2689170,0,1149505,0
09:04:39.464,70,48,69,18,120.4833374,22.4503002,2609687,0,1076269,0
09:04:39.503,70,48,69,18,120.4833374,22.4503002,2609687,0,1076269,0
09:04:39.635,69,43,67,18,120.4833145,22.4502811,2580797,0,976321,0
09:04:39.702,69,44,67,18,120.4833145,22.4502811,2592363,0,1003748,0
09:04:39.802,69,44,67,18,120.4833145,22.4502811,2590967,0,985817,0
09:04:39.921,69,42,64,18,120.4832611,22.4502563,2586418,0,959585,0
09:04:40.006,69,39,64,18,120.4832611,22.4502563,2567794,0,897677,0
09:04:40.105,68,38,64,18,120.4832611,22.4502563,2546433,0,859452,0
09:04:40.246,68,37,61,18,120.4832153,22.4502354,2548559,0,845908,0
09:04:40.312,69,38,61,18,120.4832153,22.4502354,2598120,0,876854,0
09:04:40.453,70,38,60,18,120.4831848,22.4502239,2606400,0,871098,0
09:04:40.502,70,38,60,18,120.4831848,22.4502239,2606400,0,871098,0
09:04:40.631,70,38,58,18,120.4831619,22.4502182,2616234,0,870682,0
09:04:40.712,70,36,58,18,120.4831619,22.4502182,2617333,0,827844,0
09:04:40.822,71,35,57,18,120.4831238,22.4502106,2638908,0,805462,0
09:04:40.906,72,35,57,18,120.4831238,22.4502106,2701928,0,807021,0
09:04:41.018,72,35,56,18,120.4831009,22.4502087,2701928,0,807021,0
09:04:41.102,74,34,56,18,120.4831009,22.4502087,2762893,0,788355,0
09:04:41.231,76,35,56,18,120.4830627,22.4502087,2843235,0,807255,0
09:04:41.314,77,34,56,18,120.4830627,22.4502087,2858994,0,777398,0
09:04:41.420,77,33,57,18,120.4830322,22.4502125,2866644,0,766433,0
09:04:41.502,78,34,57,18,120.4830322,22.4502125,2919217,0,779429,0
09:04:41.609,78,34,58,18,120.4829941,22.4502182,2919217,0,779429,0
09:04:41.708,80,37,58,18,120.4829941,22.4502182,2977695,0,847667,0
09:04:41.837,80,37,58,18,120.4829712,22.4502277,2977695,0,847667,0
09:04:41.902,79,35,58,18,120.4829712,22.4502277,2947039,0,799810,0
09:04:42.002,79,35,58,18,120.4829712,22.4502277,2959382,0,796099,0
09:04:42.110,80,35,58,18,120.4829407,22.4502373,2965195,0,795538,0
09:04:42.208,80,36,58,18,120.4829407,22.4502373,2982648,0,818568,0
09:04:42.312,80,36,59,18,120.4828949,22.4502583,2976134,0,821889,0
09:04:42.411,80,35,59,18,120.4828949,22.4502583,2964546,0,799260,0
09:04:42.562,78,34,59,18,120.4828644,22.4502735,2910050,0,777478,0
09:04:42.612,79,36,59,18,120.4828644,22.4502735,2961891,0,818392,0
09:04:42.718,79,36,59,18,120.4828415,22.4502926,2961891,0,818392,0
09:04:42.801,79,35,59,18,120.4828415,22.4502926,2931500,0,805141,0
09:04:42.901,77,33,59,18,120.4828186,22.4503136,2857323,0,764678,0
09:04:43.001,76,31,59,18,120.4828186,22.4503136,2837077,0,710842,0
09:04:43.133,77,32,59,18,120.4828033,22.4503345,2859487,0,731292,0
09:04:43.215,76,31,59,18,120.4828033,22.4503345,2828649,0,712385,0
09:04:43.315,78,30,59,18,120.4828033,22.4503345,2891712,0,687598,0
09:04:43.479,78,30,59,18,120.4827652,22.4503708,2891712,0,687598,0
09:04:43.512,81,31,59,18,120.4827652,22.4503708,3023861,0,727199,0
09:04:43.651,82,33,60,18,120.4827499,22.4503975,3038879,0,751772,0
09:04:43.702,82,33,60,18,120.4827499,22.4503975,3038879,0,751772,0
09:04:43.802,80,32,60,18,120.4827499,22.4503975,2996894,0,741017,0
09:04:43.934,81,33,62,18,120.4827423,22.4504414,3028204,0,761319,0
09:04:44.015,80,34,62,18,120.4827423,22.4504414,2972095,0,782969,0
09:04:44.147,79,34,62,18,120.4827271,22.4504719,2948095,0,772841,0
09:04:44.212,79,35,62,18,120.4827271,22.4504719,2931150,0,799537,0
09:04:44.342,79,35,62,18,120.4827118,22.4505024,2931150,0,799537,0
09:04:44.408,78,36,62,18,120.4827118,22.4505024,2916720,0,816282,0
09:04:44.528,76,38,62,18,120.4827118,22.4505329,2834207,0,871264,0
09:04:44.611,69,28,62,18,120.4827118,22.4505329,2587152,0,650156,0
09:04:44.711,69,28,62,18,120.4827118,22.4505329,2571217,0,660801,0
09:04:44.811,71,28,62,18,120.4827118,22.4505329,2655015,0,660071,0
09:04:44.944,75,31,59,18,120.4827118,22.4505959,2812575,0,720878,0
09:04:45.009,77,34,59,18,120.4827118,22.4505959,2878407,0,779021,0
09:04:45.135,77,34,60,18,120.4827118,22.4506264,2878407,0,779021,0
09:04:45.202,77,32,60,18,120.4827118,22.4506264,2865630,0,750082,0
09:04:45.332,77,33,60,18,120.4827271,22.4506550,2880181,0,763761,0
09:04:45.415,77,32,60,18,120.4827271,22.4506550,2877935,0,749891,0
09:04:45.528,77,29,60,18,120.4827423,22.4506836,2873574,0,672430,0
09:04:45.611,79,31,60,18,120.4827423,22.4506836,2937295,0,719250,0
09:04:45.741,79,31,61,18,120.4827499,22.4507122,2937295,0,719250,0
09:04:45.806,79,29,61,18,120.4827499,22.4507122,2929530,0,666615,0
09:04:45.937,80,28,61,18,120.4827652,22.4507389,2997832,0,646337,0
09:04:46.002,83,30,61,18,120.4827652,22.4507389,3078132,0,689256,0
09:04:46.102,82,27,61,18,120.4827652,22.4507389,3063468,0,639957,0
09:04:46.241,83,28,63,18,120.4828033,22.4507751,3110197,0,662772,0
09:04:46.308,85,29,63,18,120.4828033,22.4507751,3175574,0,667437,0
09:04:46.440,87,31,66,18,120.4828186,22.4507999,3239709,0,720351,0
09:04:46.506,87,31,66,18,120.4828186,22.4507999,3239709,0,720351,0
09:04:46.628,89,34,68,18,120.4828568,22.4508247,3317646,0,791544,0
09:04:46.710,88,31,68,18,120.4828568,22.4508247,3292741,0,721953,0
09:04:46.803,90,32,69,17,120.4828796,22.4508457,3357498,0,746701,0
09:04:46.901,91,33,69,17,120.4828796,22.4508457,3375630,0,760997,0
09:04:47.002,93,33,72,17,120.4829025,22.4508648,3460608,0,771125,0
09:04:47.112,94,35,72,17,120.4829025,22.4508648,3496427,0,795187,0
09:04:47.211,93,33,72,17,120.4829025,22.4508648,3448516,0,757208,0
09:04:47.391,93,33,76,18,120.4829712,22.4508934,3456504,0,753740,0
09:04:47.409,93,33,76,18,120.4829712,22.4508934,3456504,0,753740,0
09:04:47.541,94,34,79,18,120.4830093,22.4509087,3509188,0,782173,0
09:04:47.606,95,35,79,18,120.4830093,22.4509087,3538994,0,814151,0
09:04:47.706,97,38,79,18,120.4830093,22.4509087,3608206,0,877113,0
09:04:47.806,97,38,79,18,120.4830093,22.4509087,3611868,0,874025,0
09:04:47.930,97,37,85,18,120.4830856,22.4509335,3614662,0,851553,0
09:04:48.012,96,39,85,18,120.4830856,22.4509335,3550727,0,879187,0
09:04:48.112,99,40,85,18,120.4830856,22.4509335,3688576,0,919383,0
09:04:48.289,99,40,90,18,120.4831619,22.4509525,3688576,0,919383,0
09:04:48.306,100,42,90,18,120.4831619,22.4509525,3738322,0,951982,0
09:04:48.432,100,42,93,18,120.4832001,22.4509602,3738322,0,951982,0
09:04:48.515,100,48,93,18,120.4832001,22.4509602,3807053,0,1087777,0
09:04:48.612,100,48,97,18,120.4832535,22.4509678,3753466,0,1086608,0
09:04:48.712,99,44,97,18,120.4832535,22.4509678,3675863,0,986995,0
09:04:48.839,100,45,100,18,120.4833145,22.4509735,3717034,0,1010883,0
09:04:48.906,99,45,100,18,120.4833145,22.4509735,3687989,0,1019614,0
09:04:49.034,100,46,103,18,120.4833679,22.4509811,3780427,0,1029528,0
09:04:49.115,100,48,103,18,120.4833679,22.4509811,3763501,0,1075329,0
09:04:49.215,96,48,103,18,120.4833679,22.4509811,3560765,0,1071224,0
09:04:49.315,86,49,103,18,120.4833679,22.4509811,3196562,0,1094137,0
09:04:49.451,80,49,109,18,120.4834824,22.4509907,2970301,0,1108072,0
09:04:49.508,80,49,109,18,120.4834824,22.4509907,2970301,0,1108072,0
09:04:49.636,77,48,107,18,120.4835358,22.4509945,2880551,0,1085330,0
09:04:49.702,77,47,107,18,120.4835358,22.4509945,2879050,0,1060077,0
09:04:49.832,75,48,105,18,120.4835968,22.4509945,2803453,0,1074191,0
09:04:49.915,71,52,105,18,120.4835968,22.4509945,2655660,0,1165594,0
09:04:50.046,66,53,103,18,120.4836502,22.4509983,2481771,0,1185678,0
09:04:50.112,66,53,103,18,120.4836502,22.4509983,2481771,0,1185678,0
09:04:50.211,66,60,103,18,120.4836502,22.4509983,2455649,0,1342021,0
09:04:50.365,66,60,98,18,120.4837341,22.4510002,2455649,0,1342021,0
09:04:50.415,62,63,98,18,120.4837341,22.4510002,2330003,0,1392625,0
09:04:50.509,60,67,95,18,120.4837875,22.4510002,2234541,0,1472231,0
09:04:50.608,58,68,95,18,120.4837875,22.4510002,2190939,0,1503644,0
09:04:50.717,58,68,91,18,120.4838409,22.4510002,2190939,0,1503644,0
09:04:50.815,58,67,91,18,120.4838409,22.4510002,2177917,0,1478084,0
09:04:50.927,58,67,88,18,120.4838791,22.4509983,2177917,0,1478084,0
09:04:51.008,59,67,88,18,120.4838791,22.4509983,2233070,0,1485719,0
09:04:51.138,57,65,84,18,120.4839325,22.4509964,2152688,0,1431774,0
09:04:51.204,58,61,84,18,120.4839325,22.4509964,2189315,0,1355606,0
09:04:51.310,61,58,84,18,120.4839325,22.4509964,2287233,0,1287440,0
09:04:51.402,64,53,79,18,120.4839935,22.4509907,2398263,0,1185672,0
09:04:51.512,69,47,79,18,120.4839935,22.4509907,2591870,0,1062138,0
09:04:51.640,69,47,76,18,120.4840469,22.4509830,2591870,0,1062138,0
09:04:51.705,69,44,76,18,120.4840469,22.4509830,2589340,0,1003127,0
09:04:51.805,72,43,75,18,120.4840851,22.4509754,2683235,0,971326,0
09:04:51.905,75,44,75,18,120.4840851,22.4509754,2808847,0,1003597,0
09:04:52.074,78,46,73,18,120.4841232,22.4509659,2904947,0,1045247,0
09:04:52.106,78,41,73,18,120.4841232,22.4509659,2896880,0,935013,0
09:04:52.237,78,37,72,18,120.4841614,22.4509544,2924445,0,849573,0
09:04:52.302,78,37,72,18,120.4841614,22.4509544,2924445,0,849573,0
09:04:52.401,77,32,72,18,120.4841614,22.4509544,2856560,0,739020,0
09:04:52.521,76,30,73,18,120.4842148,22.4509335,2842515,0,692217,0
09:04:52.602,80,32,73,18,120.4842148,22.4509335,2973189,0,737802,0
09:04:52.701,79,31,73,18,120.4842148,22.4509335,2947297,0,727757,0
09:04:52.842,76,28,74,17,120.4842606,22.4509068,2844997,0,657338,0
09:04:52.908,89,38,74,17,120.4842606,22.4509068,3293159,0,857713,0
09:04:53.008,90,42,74,17,120.4842606,22.4509068,3353211,0,944233,0
09:04:53.177,87,34,75,17,120.4843140,22.4508743,3254922,0,780243,0
09:04:53.210,87,34,75,17,120.4843140,22.4508743,3254922,0,780243,0
09:04:53.308,86,29,75,17,120.4843140,22.4508743,3200758,0,670145,0
09:04:53.462,88,31,77,18,120.4843674,22.4508362,3286252,0,728652,0
09:04:53.512,91,35,77,18,120.4843674,22.4508362,3401979,0,813672,0
09:04:53.642,91,36,79,18,120.4843903,22.4508076,3389017,0,829819,0
09:04:53.708,92,37,79,18,120.4843903,22.4508076,3428837,0,844333,0
09:04:53.808,92,37,79,18,120.4843903,22.4508076,3412325,0,839669,0
09:04:53.939,91,37,81,18,120.4844284,22.4507637,3388822,0,850624,0
09:04:54.005,90,39,81,18,120.4844284,22.4507637,3349856,0,879220,0
09:04:54.103,89,37,81,18,120.4844284,22.4507637,3295317,0,846034,0
09:04:54.299,88,38,83,19,120.4844818,22.4507122,3280089,0,860065,0
09:04:54.317,88,38,83,19,120.4844818,22.4507122,3280089,0,860065,0
09:04:54.442,86,36,84,19,120.4845047,22.4506760,3191379,0,817742,0
09:04:54.512,84,39,84,19,120.4845047,22.4506760,3116366,0,886499,0
09:04:54.609,84,39,85,19,120.4845200,22.4506397,3116366,0,886499,0
09:04:54.708,87,37,85,19,120.4845200,22.4506397,3234523,0,848805,0
09:04:54.837,87,37,85,19,120.4845428,22.4506016,3234523,0,848805,0
09:04:54.902,92,40,85,19,120.4845428,22.4506016,3413414,0,901670,0
09:04:55.036,87,31,86,18,120.4845734,22.4505615,3223850,0,724381,0
09:04:55.102,86,25,86,18,120.4845734,22.4505615,3215225,0,586685,0
09:04:55.202,90,28,86,18,120.4845734,22.4505615,3335523,0,665017,0
09:04:55.356,93,32,89,18,120.4845963,22.4504986,3447465,0,748039,0
09:04:55.406,93,35,89,18,120.4845963,22.4504986,3464953,0,813285,0
09:04:55.534,93,35,91,18,120.4846115,22.4504547,3464953,0,813285,0
09:04:55.615,87,37,91,18,120.4846115,22.4504547,3227534,0,851167,0
09:04:55.708,80,40,92,18,120.4846191,22.4504089,2996309,0,900870,0
09:04:55.808,77,41,92,18,120.4846191,22.4504089,2885074,0,940386,0
09:04:55.923,77,43,90,17,120.4846344,22.4503632,2860102,0,966844,0
09:04:56.003,74,42,90,17,120.4846344,22.4503632,2780742,0,953453,0
09:04:56.143,75,43,88,17,120.4846344,22.4503193,2789054,0,967897,0
09:04:56.208,75,45,88,17,120.4846344,22.4503193,2810467,0,1007352,0
09:04:56.306,74,43,88,17,120.4846344,22.4503193,2751806,0,962914,0
09:04:56.416,74,43,85,17,120.4846497,22.4502544,2751806,0,962914,0
09:04:56.515,74,42,85,17,120.4846497,22.4502544,2751345,0,943988,0
09:04:56.619,74,42,84,17,120.4846497,22.4502106,2751345,0,943988,0
09:04:56.712,74,42,84,17,120.4846497,22.4502106,2762141,0,961555,0
09:04:56.829,72,41,82,18,120.4846497,22.4501705,2687404,0,925886,0
09:04:56.912,71,39,82,18,120.4846497,22.4501705,2660293,0,893361,0
09:04:57.043,71,39,80,18,120.4846497,22.4501286,2660545,0,892254,0
09:04:57.106,71,39,80,18,120.4846497,22.4501286,2660545,0,892254,0
09:04:57.206,73,40,80,18,120.4846497,22.4501286,2711342,0,916456,0
09:04:57.353,73,40,77,19,120.4846497,22.4500694,2713505,0,909966,0
09:04:57.402,73,40,77,19,120.4846497,22.4500694,2713505,0,909966,0
09:04:57.515,74,40,77,19,120.4846497,22.4500694,2757808,0,903506,0
09:04:57.643,74,40,74,19,120.4846344,22.4500122,2757808,0,903506,0
09:04:57.708,76,38,74,19,120.4846344,22.4500122,2821006,0,857156,0
09:04:57.839,77,38,73,19,120.4846344,22.4499760,2886573,0,864629,0
09:04:57.904,77,38,73,19,120.4846344,22.4499760,2865143,0,875640,0
09:04:58.063,75,37,73,19,120.4846191,22.4499416,2794206,0,838569,0
09:04:58.111,75,37,73,19,120.4846191,22.4499416,2794206,0,838569,0
09:04:58.211,78,38,73,19,120.4846191,22.4499416,2916727,0,866848,0
09:04:58.311,78,38,72,19,120.4845963,22.4498901,2916727,0,866848,0
09:04:58.411,76,36,72,19,120.4845963,22.4498901,2851012,0,818085,0
09:04:58.510,74,33,72,19,120.4845963,22.4498901,2757554,0,752351,0
09:04:58.635,74,33,71,19,120.4845734,22.4498425,2757554,0,752351,0
09:04:58.701,74,34,71,19,120.4845734,22.4498425,2765482,0,779279,0
09:04:58.801,71,31,71,19,120.4845734,22.4498425,2654223,0,718687,0
09:04:58.931,72,30,70,19,120.4845428,22.4497948,2704536,0,699608,0
09:04:59.011,79,34,70,19,120.4845428,22.4497948,2955644,0,791479,0
09:04:59.111,79,33,70,19,120.4845428,22.4497948,2950080,0,771119,0
09:04:59.253,77,31,70,19,120.4845047,22.4497547,2878654,0,728079,0
09:04:59.302,77,30,70,19,120.4845047,22.4497547,2868685,0,707365,0
09:04:59.415,79,33,70,19,120.4845047,22.4497547,2957297,0,750708,0
09:04:59.546,80,32,71,19,120.4844666,22.4497185,2972657,0,741795,0
09:04:59.611,81,32,71,19,120.4844666,22.4497185,3027576,0,747920,0
09:04:59.711,82,34,71,19,120.4844666,22.4497185,3066682,0,775887,0
09:04:59.856,82,33,71,19,120.4844131,22.4496841,3049634,0,761661,0
09:04:59.906,82,33,71,19,120.4844131,22.4496841,3049634,0,761661,0
09:05:00.006,86,32,71,19,120.4844131,22.4496841,3218879,0,745126,0
09:05:00.101,86,32,72,19,120.4843750,22.4496651,3218879,0,745126,0
09:05:00.202,88,33,72,19,120.4843750,22.4496651,3288369,0,755949,0
09:05:00.343,89,32,75,19,120.4843292,22.4496403,3310954,0,736512,0
09:05:00.408,92,33,75,19,120.4843292,22.4496403,3435925,0,762662,0
09:05:00.540,94,34,78,19,120.4842911,22.4496250,3486881,0,782134,0
09:05:00.606,97,37,78,19,120.4842911,22.4496250,3586855,0,840006,0
09:05:00.704,98,40,78,19,120.4842911,22.4496250,3628047,0,908053,0
09:05:00.844,97,41,83,19,120.4842224,22.4496059,3604423,0,936323,0
09:05:00.909,98,40,83,19,120.4842224,22.4496059,3639389,0,904245,0
09:05:01.008,97,41,83,19,120.4842224,22.4496059,3619504,0,940622,0
09:05:01.152,100,42,87,19,120.4841614,22.4495907,3700313,0,960103,0
09:05:01.202,100,42,87,19,120.4841614,22.4495907,3700313,0,960103,0
09:05:01.336,98,41,90,19,120.4841080,22.4495811,3656503,0,926886,0
09:05:01.402,100,43,90,19,120.4841080,22.4495811,3709906,0,981431,0
09:05:01.502,100,45,90,19,120.4841080,22.4495811,3716609,0,1024247,0
09:05:01.623,100,47,95,19,120.4840317,22.4495697,3749282,0,1062201,0
09:05:01.706,100,46,95,19,120.4840317,22.4495697,3766808,0,1031271,0
09:05:01.878,100,44,99,19,120.4839783,22.4495621,3743333,0,1004192,0
09:05:01.911,100,44,99,19,120.4839783,22.4495621,3743333,0,1004192,0
09:05:02.011,100,45,102,19,120.4839325,22.4495564,3726019,0,1024574,0
09:05:02.112,100,45,102,19,120.4839325,22.4495564,3715221,0,1009446,0
09:05:02.212,100,45,102,19,120.4839325,22.4495564,3774596,0,1008328,0
09:05:02.359,100,42,108,18,120.4838409,22.4495487,3741170,0,961851,0
09:05:02.408,100,42,108,18,120.4838409,22.4495487,3741170,0,961851,0
09:05:02.561,100,43,111,18,120.4837875,22.4495449,3747196,0,963999,0
09:05:02.612,100,42,111,18,120.4837875,22.4495449,3765401,0,956665,0
09:05:02.711,100,43,111,18,120.4837875,22.4495449,3696548,0,964122,0
09:05:02.856,100,40,118,18,120.4836960,22.4495430,3770602,0,907314,0
09:05:02.906,100,40,118,18,120.4836960,22.4495430,3770602,0,907314,0
09:05:03.006,100,41,120,18,120.4836197,22.4495430,3721516,0,935455,0
09:05:03.102,97,45,120,18,120.4836197,22.4495430,3607146,0,1018818,0
09:05:03.208,100,43,120,18,120.4836197,22.4495430,3748455,0,983171,0
09:05:03.323,100,43,124,18,120.4835358,22.4495449,3755665,0,973662,0
09:05:03.405,100,43,124,18,120.4835358,22.4495449,3826072,0,977786,0
09:05:03.569,100,44,128,18,120.4834595,22.4495487,3861356,0,990223,0
09:05:03.602,100,42,128,18,120.4834595,22.4495487,3818772,0,962139,0
09:05:03.701,100,43,128,18,120.4834595,22.4495487,3879448,0,978117,0
09:05:03.847,100,45,134,18,120.4833527,22.4495564,3952687,0,1018440,0
09:05:03.912,100,45,134,18,120.4833527,22.4495564,3952687,0,1018440,0
09:05:04.013,100,47,138,19,120.4832764,22.4495640,3939957,0,1057907,0
09:05:04.112,100,45,138,19,120.4832764,22.4495640,3846831,0,1025764,0
09:05:04.211,100,46,138,19,120.4832764,22.4495640,3943301,0,1042902,0
09:05:04.357,100,51,144,19,120.4831619,22.4495735,3924326,0,1134381,0
09:05:04.406,100,51,144,19,120.4831619,22.4495735,3927518,0,1136313,0
09:05:04.514,100,48,144,19,120.4831619,22.4495735,3899408,0,1089140,0
09:05:04.656,100,48,150,19,120.4830475,22.4495869,3805678,0,1077525,0
09:05:04.705,92,46,150,19,120.4830475,22.4495869,3430068,0,1038129,0
09:05:04.805,79,44,150,19,120.4830475,22.4495869,2950390,0,992088,0
09:05:04.946,80,48,152,19,120.4829330,22.4496002,2976448,0,1088360,0
09:05:05.011,78,47,152,19,120.4829330,22.4496002,2916061,0,1062880,0
09:05:05.172,80,52,149,19,120.4828415,22.4496098,2992838,0,1161388,0
09:05:05.205,80,52,149,19,120.4828415,22.4496098,2992838,0,1161388,0
09:05:05.305,70,48,149,19,120.4828415,22.4496098,2609236,0,1084987,0
09:05:05.450,68,51,146,19,120.4827271,22.4496212,2553456,0,1135280,0
09:05:05.515,67,59,146,19,120.4827271,22.4496212,2500177,0,1303911,0
09:05:05.615,64,59,146,19,120.4827271,22.4496212,2400790,0,1311226,0
09:05:05.748,65,60,141,19,120.4826126,22.4496326,2449424,0,1335899,0
09:05:05.815,63,58,141,19,120.4826126,22.4496326,2366501,0,1282979,0
09:05:05.952,65,61,137,19,120.4825363,22.4496365,2444621,0,1349392,0
09:05:06.001,62,60,137,19,120.4825363,22.4496365,2341975,0,1340778,0
09:05:06.100,63,62,137,19,120.4825363,22.4496365,2369422,0,1365762,0
09:05:06.243,64,64,132,19,120.4824295,22.4496441,2383307,0,1410506,0
09:05:06.308,64,64,132,19,120.4824295,22.4496441,2383307,0,1410506,0
09:05:06.403,60,63,128,19,120.4823532,22.4496479,2258233,0,1394739,0
09:05:06.502,59,63,128,19,120.4823532,22.4496479,2216062,0,1390811,0
09:05:06.601,70,74,128,19,120.4823532,22.4496479,2605018,0,1628039,0
09:05:06.790,67,68,122,19,120.4822540,22.4496536,2497265,0,1513978,0
09:05:06.808,67,68,122,19,120.4822540,22.4496536,2497265,0,1513978,0
09:05:06.920,64,62,120,19,120.4821854,22.4496536,2411431,0,1367627,0
09:05:07.002,63,60,120,19,120.4821854,22.4496536,2361432,0,1339110,0
09:05:07.102,63,62,120,19,120.4821854,22.4496536,2356315,0,1385128,0
09:05:07.282,64,63,115,18,120.4821014,22.4496574,2385101,0,1403956,0
09:05:07.315,64,63,115,18,120.4821014,22.4496574,2385101,0,1403956,0
09:05:07.414,67,64,115,18,120.4821014,22.4496574,2498665,0,1416105,0
09:05:07.536,67,64,109,16,120.4820099,22.4496574,2498665,0,1416105,0
09:05:07.602,64,61,109,16,120.4820099,22.4496574,2381149,0,1363890,0
09:05:07.741,63,62,107,16,120.4819489,22.4496574,2352653,0,1376244,0
09:05:07.809,62,61,107,16,120.4819489,22.4496574,2317844,0,1350269,0
09:05:07.910,62,60,107,16,120.4819489,22.4496574,2343739,0,1330273,0
09:05:08.007,66,62,101,15,120.4818726,22.4496574,2465873,0,1370161,0
09:05:08.102,67,63,101,15,120.4818726,22.4496574,2516681,0,1406360,0
09:05:08.202,67,62,101,15,120.4818726,22.4496574,2511050,0,1380838,0
09:05:08.393,67,60,97,16,120.4817810,22.4496593,2513232,0,1334750,0
09:05:08.410,67,60,97,16,120.4817810,22.4496593,2513232,0,1334750,0
09:05:08.510,70,63,97,16,120.4817810,22.4496593,2617848,0,1388765,0
09:05:08.677,68,58,94,16,120.4817047,22.4496593,2536647,0,1299452,0
09:05:08.710,68,58,94,16,120.4817047,22.4496593,2536647,0,1299452,0
09:05:08.810,68,57,94,16,120.4817047,22.4496593,2557589,0,1280130,0
09:05:08.936,70,60,92,15,120.4816360,22.4496555,2615833,0,1329418,0
09:05:09.001,65,58,92,15,120.4816360,22.4496555,2428093,0,1295071,0
09:05:09.106,65,58,89,14,120.4815903,22.4496536,2428093,0,1295071,0
09:05:09.206,68,63,89,14,120.4815903,22.4496536,2543914,0,1397693,0
09:05:09.319,66,61,87,14,120.4815369,22.4496536,2459744,0,1349769,0
09:05:09.402,66,59,87,14,120.4815369,22.4496536,2486476,0,1315628,0
09:05:09.543,64,59,84,16,120.4814987,22.4496536,2408707,0,1319432,0
09:05:09.609,67,64,84,16,120.4814987,22.4496536,2513632,0,1410725,0
09:05:09.708,66,65,84,16,120.4814987,22.4496536,2467208,0,1431359,0
09:05:09.853,65,64,81,16,120.4814301,22.4496517,2422397,0,1418618,0
09:05:09.902,65,64,81,16,120.4814301,22.4496517,2422397,0,1418618,0
09:05:10.040,68,63,78,16,120.4813919,22.4496517,2527274,0,1403403,0
09:05:10.106,67,61,78,16,120.4813919,22.4496517,2524119,0,1347304,0
09:05:10.206,69,58,78,16,120.4813919,22.4496517,2569003,0,1299583,0
09:05:10.349,70,58,73,16,120.4813309,22.4496498,2614777,0,1298488,0
09:05:10.414,71,58,73,16,120.4813309,22.4496498,2665305,0,1298309,0
09:05:10.512,76,61,73,16,120.4813309,22.4496498,2840216,0,1354731,0
09:05:10.664,74,61,67,16,120.4812775,22.4496479,2779103,0,1351281,0
09:05:10.713,70,55,67,16,120.4812775,22.4496479,2618915,0,1225342,0
09:05:10.812,72,54,67,16,120.4812775,22.4496479,2696174,0,1201623,0
09:05:10.948,74,58,64,17,120.4812164,22.4496460,2764547,0,1289884,0
09:05:11.014,73,58,64,17,120.4812164,22.4496460,2741963,0,1287130,0
09:05:11.112,71,55,64,17,120.4812164,22.4496460,2663630,0,1230080,0
09:05:11.230,73,55,61,16,120.4811630,22.4496441,2730727,0,1226341,0
09:05:11.312,75,56,61,16,120.4811630,22.4496441,2789400,0,1240413,0
09:05:11.410,76,55,61,16,120.4811630,22.4496441,2834248,0,1225512,0
09:05:11.583,77,55,58,18,120.4811249,22.4496441,2860858,0,1217828,0
09:05:11.616,77,55,58,18,120.4811249,22.4496441,2860858,0,1217828,0
09:05:11.750,78,54,56,18,120.4810867,22.4496422,2905418,0,1216753,0
09:05:11.801,78,53,56,18,120.4810867,22.4496422,2917667,0,1179930,0
09:05:11.901,77,51,56,18,120.4810867,22.4496422,2877313,0,1141678,0
09:05:12.062,76,51,54,18,120.4810486,22.4496384,2853464,0,1145337,0
09:05:12.112,76,54,54,18,120.4810486,22.4496384,2848195,0,1197115,0
09:05:12.210,72,56,54,18,120.4810486,22.4496384,2704886,0,1247603,0
09:05:12.363,68,57,53,18,120.4810104,22.4496365,2548934,0,1260451,0
09:05:12.412,66,62,53,18,120.4810104,22.4496365,2486646,0,1377873,0
09:05:12.512,63,68,53,18,120.4810104,22.4496365,2344245,0,1495231,0
09:05:12.629,58,69,49,18,120.4809570,22.4496346,2197578,0,1529020,0
09:05:12.710,58,70,49,18,120.4809570,22.4496346,2172684,0,1549044,0
09:05:12.810,58,71,49,18,120.4809570,22.4496346,2190456,0,1573895,0
09:05:12.986,58,71,45,18,120.4809341,22.4496307,2186912,0,1558834,0
09:05:13.002,58,71,45,18,120.4809341,22.4496307,2186912,0,1558834,0
09:05:13.101,63,58,45,18,120.4809341,22.4496307,2356351,0,1295925,0
09:05:13.243,67,56,40,18,120.4808960,22.4496307,2490916,0,1245366,0
09:05:13.308,67,56,40,18,120.4808960,22.4496307,2490916,0,1245366,0
09:05:13.408,70,51,40,18,120.4808960,22.4496307,2615345,0,1140027,0
09:05:13.551,70,51,37,18,120.4808578,22.4496326,2615345,0,1140027,0
09:05:13.601,71,49,37,18,120.4808578,22.4496326,2670997,0,1103355,0
09:05:13.703,74,50,37,18,120.4808426,22.4496346,2753299,0,1129356,0
09:05:13.814,74,51,37,18,120.4808426,22.4496346,2775137,0,1144756,0
09:05:13.911,74,51,37,18,120.4808426,22.4496346,2777826,0,1148155,0
09:05:14.042,74,50,34,19,120.4808197,22.4496422,2770371,0,1121750,0
09:05:14.108,73,50,34,19,120.4808197,22.4496422,2742773,0,1119143,0
09:05:14.206,71,49,34,19,120.4808197,22.4496422,2646037,0,1092949,0
09:05:14.312,71,47,32,18,120.4807968,22.4496517,2642743,0,1054767,0
09:05:14.416,74,43,32,18,120.4807968,22.4496517,2763955,0,983482,0
09:05:14.505,77,47,32,18,120.4807968,22.4496517,2863750,0,1059641,0
09:05:14.658,75,45,31,19,120.4807663,22.4496632,2795766,0,1012027,0
09:05:14.708,75,45,31,19,120.4807663,22.4496632,2795766,0,1012027,0
09:05:14.806,74,41,31,19,120.4807663,22.4496632,2779959,0,937121,0
09:05:14.936,74,41,29,19,120.4807434,22.4496784,2779959,0,937121,0
09:05:15.009,76,42,29,19,120.4807434,22.4496784,2835030,0,955844,0
09:05:15.106,81,43,29,19,120.4807434,22.4496784,3008344,0,966996,0
09:05:15.250,84,42,28,19,120.4807281,22.4496937,3131711,0,951585,0
09:05:15.301,86,42,28,19,120.4807281,22.4496937,3213495,0,954268,0
09:05:15.401,89,43,28,19,120.4807281,22.4496937,3312823,0,963720,0
09:05:15.546,89,41,30,19,120.4807205,22.4497128,3316831,0,930939,0
09:05:15.612,90,41,30,19,120.4807205,22.4497128,3364213,0,931201,0
09:05:15.711,91,41,30,19,120.4807205,22.4497128,3374643,0,926271,0
09:05:15.825,91,41,33,19,120.4807053,22.4497356,3396554,0,937191,0
09:05:15.910,91,40,33,19,120.4807053,22.4497356,3396345,0,918375,0
09:05:16.092,92,42,35,19,120.4807053,22.4497528,3423975,0,941773,0
09:05:16.110,92,42,35,19,120.4807053,22.4497528,3423975,0,941773,0
09:05:16.208,94,42,35,19,120.4807053,22.4497528,3477812,0,955219,0
09:05:16.338,94,42,38,19,120.4807053,22.4497795,3477812,0,955219,0
09:05:16.406,93,43,38,19,120.4807053,22.4497795,3449973,0,973787,0
09:05:16.526,95,44,40,19,120.4806900,22.4497986,3513923,0,1004350,0
09:05:16.609,95,43,40,19,120.4806900,22.4497986,3518198,0,982557,0
09:05:16.718,94,44,42,19,120.4806900,22.4498196,3508875,0,998698,0
09:05:16.801,95,45,42,19,120.4806900,22.4498196,3525155,0,1015339,0
09:05:16.946,95,45,44,19,120.4806900,22.4498405,3518367,0,1014552,0
09:05:17.011,95,45,44,19,120.4806900,22.4498405,3518367,0,1014552,0
09:05:17.122,95,45,45,19,120.4806900,22.4498615,3532207,0,1015155,0
09:05:17.205,95,45,45,19,120.4806900,22.4498615,3529503,0,1012995,0
09:05:17.305,96,46,45,19,120.4806900,22.4498615,3549164,0,1034796,0
09:05:17.457,96,45,48,19,120.4806900,22.4498959,3568236,0,1019595,0
09:05:17.506,96,45,48,19,120.4806900,22.4498959,3568236,0,1019595,0
09:05:17.605,96,45,48,19,120.4806900,22.4498959,3571068,0,1012699,0
09:05:17.777,97,46,50,18,120.4807053,22.4499321,3603867,0,1034079,0
09:05:17.812,95,45,50,18,120.4807053,22.4499321,3543076,0,1011584,0
09:05:17.943,96,44,52,18,120.4807053,22.4499588,3569539,0,996004,0
09:05:18.008,96,44,52,18,120.4807053,22.4499588,3569539,0,996004,0
09:05:18.108,96,46,52,18,120.4807053,22.4499588,3575492,0,1044139,0
09:05:18.227,96,46,56,18,120.4807205,22.4499989,3575492,0,1044139,0
09:05:18.309,96,46,56,18,120.4807205,22.4499989,3555980,0,1028984,0
09:05:18.440,97,45,58,17,120.4807281,22.4500256,3596726,0,1025818,0
09:05:18.508,92,46,58,17,120.4807281,22.4500256,3438265,0,1035647,0
09:05:18.640,91,41,60,16,120.4807281,22.4500542,3383273,0,933596,0
09:05:18.706,91,41,60,16,120.4807281,22.4500542,3383273,0,933596,0
09:05:18.833,93,41,61,18,120.4807434,22.4500828,3461952,0,928333,0
09:05:18.916,94,43,61,18,120.4807434,22.4500828,3476848,0,972901,0
09:05:19.015,93,42,63,18,120.4807587,22.4501114,3465147,0,961847,0
09:05:19.114,94,43,63,18,120.4807587,22.4501114,3504862,0,981976,0
09:05:19.212,96,46,63,18,120.4807587,22.4501114,3552365,0,1033659,0
09:05:19.396,96,46,65,19,120.4807816,22.4501572,3552365,0,1033659,0
09:05:19.413,95,45,65,19,120.4807816,22.4501572,3537968,0,1014524,0
09:05:19.536,95,45,67,18,120.4807968,22.4501858,3537968,0,1014524,0
09:05:19.602,92,45,67,18,120.4807968,22.4501858,3416991,0,1018045,0
09:05:19.701,87,46,67,18,120.4807968,22.4501858,3226572,0,1042606,0
09:05:19.866,84,47,67,18,120.4808197,22.4502316,3139824,0,1056024,0
09:05:19.916,83,48,67,18,120.4808197,22.4502316,3086050,0,1078682,0
09:05:20.043,83,49,66,19,120.4808350,22.4502602,3101411,0,1106950,0
09:05:20.108,83,50,66,19,120.4808350,22.4502602,3088751,0,1119401,0
09:05:20.206,82,49,66,19,120.4808350,22.4502602,3055990,0,1107368,0
09:05:20.378,82,48,63,19,120.4808578,22.4503059,3041959,0,1071461,0
09:05:20.411,82,48,63,19,120.4808578,22.4503059,3041959,0,1071461,0
09:05:20.514,85,48,63,19,120.4808731,22.4503345,3154541,0,1070705,0
09:05:20.611,88,47,63,19,120.4808731,22.4503345,3267460,0,1054908,0
09:05:20.765,89,47,63,19,120.4808807,22.4503632,3321640,0,1062539,0
09:05:20.815,90,48,63,19,120.4808807,22.4503632,3357431,0,1079228,0
09:05:20.913,88,46,63,19,120.4808807,22.4503632,3276147,0,1036573,0
09:05:21.058,86,49,64,19,120.4808960,22.4504070,3205800,0,1108400,0
09:05:21.108,86,49,64,19,120.4808960,22.4504070,3205800,0,1108400,0
09:05:21.206,81,46,64,19,120.4808960,22.4504070,3016373,0,1043034,0
09:05:21.311,81,46,61,19,120.4809189,22.4504490,3016373,0,1043034,0
09:05:21.401,81,47,61,19,120.4809189,22.4504490,3023806,0,1057201,0
09:05:21.502,82,49,61,19,120.4809189,22.4504490,3039271,0,1092760,0
09:05:21.618,81,49,60,19,120.4809341,22.4504929,3019007,0,1108124,0
09:05:21.711,79,53,60,19,120.4809341,22.4504929,2939958,0,1179633,0
09:05:21.816,76,55,58,19,120.4809494,22.4505196,2822771,0,1224100,0
09:05:21.915,73,55,58,19,120.4809494,22.4505196,2725349,0,1227474,0
09:05:22.048,73,55,56,19,120.4809570,22.4505463,2711214,0,1221159,0
09:05:22.115,73,55,56,19,120.4809570,22.4505463,2725736,0,1233361,0
09:05:22.215,72,56,56,19,120.4809570,22.4505463,2707659,0,1251450,0
09:05:22.382,73,56,53,19,120.4809723,22.4505863,2717383,0,1243335,0
09:05:22.415,73,56,53,19,120.4809723,22.4505863,2717383,0,1243335,0
09:05:22.530,71,54,52,19,120.4809875,22.4506111,2647533,0,1212714,0
09:05:22.612,75,52,52,19,120.4809875,22.4506111,2806265,0,1164134,0
09:05:22.710,84,57,52,19,120.4809875,22.4506111,3142915,0,1277239,0
09:05:22.852,80,58,50,19,120.4809952,22.4506454,2993917,0,1295250,0
09:05:22.902,74,46,50,19,120.4809952,22.4506454,2765935,0,1037583,0
09:05:23.029,75,45,47,19,120.4810104,22.4506702,2790230,0,1007721,0
09:05:23.111,76,48,47,19,120.4810104,22.4506702,2826502,0,1084418,0
09:05:23.212,73,47,47,19,120.4810104,22.4506702,2733128,0,1065118,0
09:05:23.366,73,48,46,19,120.4810104,22.4507065,2718244,0,1070422,0
09:05:23.415,73,48,46,19,120.4810104,22.4507065,2718244,0,1070422,0
09:05:23.532,71,49,44,19,120.4810257,22.4507275,2667609,0,1099413,0
09:05:23.615,71,49,44,19,120.4810257,22.4507275,2665371,0,1107950,0
09:05:23.715,72,50,44,19,120.4810257,22.4507275,2681146,0,1131458,0
09:05:23.858,73,52,42,19,120.4810257,22.4507618,2711961,0,1161631,0
09:05:23.908,71,54,42,19,120.4810257,22.4507618,2657029,0,1204016,0
09:05:24.008,70,55,42,19,120.4810257,22.4507618,2609133,0,1235006,0
09:05:24.166,69,57,39,17,120.4810257,22.4507923,2591486,0,1280299,0
09:05:24.215,68,61,39,17,120.4810257,22.4507923,2541291,0,1362533,0
09:05:24.314,67,64,39,17,120.4810257,22.4507923,2490158,0,1412242,0
09:05:24.441,66,64,36,18,120.4810257,22.4508209,2459466,0,1426569,0
09:05:24.511,66,64,36,18,120.4810257,22.4508209,2459466,0,1426569,0
09:05:24.615,65,66,34,18,120.4810257,22.4508362,2451661,0,1452666,0
09:05:24.715,67,64,34,18,120.4810257,22.4508362,2508101,0,1426118,0
09:05:24.832,68,62,31,18,120.4810257,22.4508553,2555139,0,1382673,0
09:05:24.915,69,62,31,18,120.4810257,22.4508553,2589666,0,1371652,0
09:05:25.014,70,61,31,18,120.4810257,22.4508553,2603269,0,1354502,0
09:05:25.165,70,59,29,19,120.4810257,22.4508762,2623295,0,1302558,0
09:05:25.215,71,53,29,19,120.4810257,22.4508762,2664374,0,1184309,0
09:05:25.331,71,53,27,19,120.4810104,22.4508896,2664374,0,1184309,0
09:05:25.415,72,49,27,19,120.4810104,22.4508896,2690397,0,1104766,0
09:05:25.501,73,48,26,19,120.4810104,22.4509029,2730951,0,1084306,0
09:05:25.601,74,46,26,19,120.4810104,22.4509029,2760247,0,1045200,0
09:05:25.732,75,47,26,19,120.4810104,22.4509144,2794001,0,1051376,0
09:05:25.814,76,46,26,19,120.4810104,22.4509144,2829163,0,1036272,0
09:05:25.932,76,46,24,19,120.4809952,22.4509277,2829163,0,1036272,0
09:05:26.015,76,46,24,19,120.4809952,22.4509277,2832924,0,1034753,0
09:05:26.114,76,45,24,19,120.4809952,22.4509277,2829675,0,1009963,0
09:05:26.242,76,45,23,19,120.4809952,22.4509430,2829675,0,1009963,0
09:05:26.310,76,45,23,19,120.4809952,22.4509430,2835983,0,1014191,0
09:05:26.412,76,45,22,19,120.4809875,22.4509525,2849893,0,1009297,0
09:05:26.511,79,46,22,19,120.4809875,22.4509525,2929409,0,1035152,0
09:05:26.609,83,47,21,18,120.4809723,22.4509583,3081785,0,1068411,0
09:05:26.711,83,48,21,18,120.4809723,22.4509583,3110364,0,1073997,0
09:05:26.810,85,49,21,18,120.4809723,22.4509583,3148485,0,1101979,0
09:05:26.944,85,49,20,17,120.4809570,22.4509697,3148485,0,1101979,0
09:05:27.008,86,49,20,17,120.4809570,22.4509697,3211757,0,1096776,0
09:05:27.158,86,48,20,16,120.4809494,22.4509735,3194212,0,1076766,0
09:05:27.208,86,49,20,16,120.4809494,22.4509735,3202331,0,1100940,0
09:05:27.306,86,49,20,16,120.4809494,22.4509735,3186207,0,1097117,0
09:05:27.449,84,50,20,16,120.4809341,22.4509830,3129961,0,1112795,0
09:05:27.515,73,55,20,16,120.4809341,22.4509830,2739465,0,1233420,0
09:05:27.631,73,55,20,15,120.4809341,22.4509907,2739465,0,1233420,0
09:05:27.712,71,55,20,15,120.4809341,22.4509907,2638648,0,1228626,0
09:05:27.810,73,54,20,15,120.4809341,22.4509907,2726747,0,1207020,0
09:05:27.951,74,54,18,16,120.4809189,22.4509983,2768927,0,1209490,0
09:05:28.002,71,55,18,16,120.4809189,22.4509983,2653243,0,1221662,0
09:05:28.137,70,56,17,16,120.4809113,22.4510059,2617782,0,1255920,0
09:05:28.205,70,56,17,16,120.4809113,22.4510059,2617782,0,1255920,0
09:05:28.302,69,56,17,16,120.4809113,22.4510059,2587075,0,1243687,0
09:05:28.419,69,56,15,16,120.4809113,22.4510155,2587075,0,1243687,0
09:05:28.502,69,57,15,16,120.4809113,22.4510155,2586468,0,1272580,0
09:05:28.606,69,59,14,16,120.4809113,22.4510231,2585497,0,1304930,0
09:05:28.705,69,62,14,16,120.4809113,22.4510231,2594089,0,1366946,0
09:05:28.812,69,64,13,15,120.4808960,22.4510288,2568729,0,1408976,0
09:05:28.911,67,67,13,15,120.4808960,22.4510288,2490711,0,1478709,0
09:05:29.006,67,67,12,15,120.4808960,22.4510345,2490711,0,1478709,0
09:05:29.105,59,72,12,15,120.4808960,22.4510345,2201529,0,1592431,0
09:05:29.202,59,72,9,15,120.4808960,22.4510403,2201529,0,1592431,0
09:05:29.301,57,78,9,15,120.4808960,22.4510403,2137247,0,1715836,0
09:05:29.413,57,78,5,16,120.4808960,22.4510441,2137247,0,1715836,0
09:05:29.505,52,81,5,16,120.4808960,22.4510441,1972872,0,1783887,0
09:05:29.612,54,79,2,16,120.4808960,22.4510441,2016790,0,1737254,0
09:05:29.712,79,59,2,16,120.4808960,22.4510441,2939016,0,1321874,0
09:05:29.843,93,49,0,17,120.4808960,22.4510441,3443921,0,1092327,0
09:05:29.910,93,49,0,17,120.4808960,22.4510441,3443921,0,1092327,0
09:05:30.038,97,46,0,17,120.4808960,22.4510441,3621417,0,1038315,0
09:05:30.105,93,49,0,17,120.4808960,22.4510441,3454312,0,1093811,0
09:05:30.205,89,51,0,17,120.4808960,22.4510441,3321321,0,1143036,0
09:05:30.323,88,52,0,17,120.4808960,22.4510441,3276976,0,1161272,0
09:05:30.405,88,52,0,17,120.4808960,22.4510441,3270582,0,1174137,0
09:05:30.530,88,53,0,17,120.4808960,22.4510441,3288370,0,1176255,0
09:05:30.612,88,53,0,17,120.4808960,22.4510441,3271533,0,1176043,0
09:05:30.739,88,52,0,17,120.4808960,22.4510441,3279582,0,1170295,0
09:05:30.805,88,52,0,17,120.4808960,22.4510441,3279582,0,1170295,0
09:05:30.912,88,52,1,16,120.4808960,22.4510441,3278120,0,1160609,0
09:05:31.012,89,50,1,16,120.4808960,22.4510441,3309041,0,1129544,0
09:05:31.106,89,49,0,15,120.4808960,22.4510441,3306169,0,1097419,0
09:05:31.206,88,48,0,15,120.4808960,22.4510441,3292902,0,1081176,0
09:05:31.305,89,48,0,15,120.4808960,22.4510441,3293540,0,1077039,0
09:05:31.430,89,48,0,15,120.4808960,22.4510441,3293540,0,1077039,0
09:05:31.516,89,48,0,15,120.4808960,22.4510441,3298648,0,1076444,0
09:05:31.616,89,48,0,15,120.4808960,22.4510441,3297639,0,1076920,0
09:05:31.739,89,48,0,15,120.4808960,22.4510441,3305178,0,1076663,0
09:05:31.805,89,48,0,15,120.4808960,22.4510441,3309542,0,1076538,0
09:05:31.901,89,48,0,15,120.4808960,22.4510441,3309542,0,1076538,0
09:05:32.016,89,47,0,15,120.4808960,22.4510441,3299596,0,1067893,0
09:05:32.115,89,47,0,15,120.4808960,22.4510441,3296890,0,1067952,0
09:05:32.265,88,47,0,15,120.4808960,22.4510441,3283517,0,1066805,0
09:05:32.316,88,47,0,15,120.4808960,22.4510441,3283517,0,1066805,0
09:05:32.426,89,47,0,15,120.4808960,22.4510441,3306787,0,1064558,0
09:05:32.508,89,47,0,15,120.4808960,22.4510441,3313257,0,1063778,0
09:05:32.606,89,47,0,15,120.4808960,22.4510441,3306793,0,1062714,0
09:05:32.786,89,47,0,15,120.4808960,22.4510441,3299900,0,1062405,0
09:05:32.802,89,47,0,15,120.4808960,22.4510441,3299900,0,1062405,0
09:05:32.912,89,47,0,15,120.4808960,22.4510441,3303571,0,1062167,0
09:05:33.011,89,47,0,15,120.4808960,22.4510441,3296354,0,1063134,0
09:05:33.162,89,47,0,15,120.4808960,22.4510460,3296354,0,1063134,0
09:05:33.212,88,47,0,15,120.4808960,22.4510460,3285902,0,1062801,0
09:05:33.339,89,47,0,15,120.4808960,22.4510460,3317446,0,1062985,0
09:05:33.405,89,47,0,15,120.4808960,22.4510460,3323825,0,1062713,0
09:05:33.532,89,47,0,15,120.4808960,22.4510460,3323825,0,1062713,0
09:05:33.616,89,47,0,15,120.4808960,22.4510460,3319236,0,1062120,0
09:05:33.709,89,47,0,14,120.4808960,22.4510479,3303827,0,1062083,0
09:05:33.806,89,47,0,14,120.4808960,22.4510479,3308060,0,1062297,0
09:05:33.909,89,47,0,14,120.4808960,22.4510479,3300851,0,1062826,0
09:05:34.006,89,47,0,14,120.4808960,22.4510479,3309945,0,1061369,0
09:05:34.133,89,47,0,14,120.4808960,22.4510479,3308607,0,1062304,0
09:05:34.201,89,47,0,14,120.4808960,22.4510479,3317968,0,1062137,0
09:05:34.331,89,47,0,14,120.4808960,22.4510498,3318478,0,1062276,0
09:05:34.415,89,47,0,14,120.4808960,22.4510498,3317450,0,1062017,0
09:05:34.553,89,47,0,14,120.4808960,22.4510498,3317450,0,1062017,0
09:05:34.602,89,47,0,14,120.4808960,22.4510498,3322120,0,1062088,0
09:05:34.721,89,47,0,14,120.4808960,22.4510498,3318736,0,1062130,0
09:05:34.802,89,47,0,14,120.4808960,22.4510498,3325184,0,1062192,0
09:05:34.908,89,47,0,14,120.4808960,22.4510498,3325184,0,1062192,0
09:05:35.006,89,47,0,14,120.4808960,22.4510498,3309901,0,1062347,0
09:05:35.142,89,47,0,14,120.4808960,22.4510498,3309901,0,1062347,0
09:05:35.208,89,47,0,14,120.4808960,22.4510498,3308244,0,1061849,0
09:05:35.334,89,47,0,14,120.4808960,22.4510498,3305767,0,1062223,0
09:05:35.414,89,47,0,14,120.4808960,22.4510498,3305125,0,1063170,0
09:05:35.521,89,47,0,14,120.4808960,22.4510517,3319903,0,1062466,0
09:05:35.602,89,47,0,14,120.4808960,22.4510517,3322816,0,1063194,0
09:05:35.706,89,47,0,14,120.4808960,22.4510517,3322816,0,1063194,0
09:05:35.806,89,47,0,14,120.4808960,22.4510517,3319427,0,1063386,0
09:05:35.922,89,47,0,14,120.4808960,22.4510517,3319427,0,1063386,0
09:05:36.005,89,47,0,14,120.4808960,22.4510517,3327299,0,1062790,0
09:05:36.107,89,47,0,14,120.4808960,22.4510517,3315607,0,1062466,0
09:05:36.206,89,47,0,14,120.4808960,22.4510517,3328519,0,1063399,0
09:05:36.306,89,47,0,14,120.4808960,22.4510517,3321395,0,1062924,0
09:05:36.405,89,47,0,14,120.4808960,22.4510517,3317347,0,1063508,0
09:05:36.518,89,47,0,14,120.4808960,22.4510517,3317347,0,1063508,0
09:05:36.601,90,47,0,14,120.4808960,22.4510517,3330762,0,1063044,0
09:05:36.702,89,47,0,14,120.4808960,22.4510536,3319998,0,1063461,0
09:05:36.801,90,47,0,14,120.4808960,22.4510536,3331582,0,1062367,0
09:05:36.913,89,47,0,14,120.4808960,22.4510517,3302032,0,1062965,0
09:05:37.011,89,47,0,14,120.4808960,22.4510517,3318377,0,1063102,0
09:05:37.122,90,47,0,14,120.4808960,22.4510536,3339231,0,1063427,0
09:05:37.206,89,47,0,14,120.4808960,22.4510536,3320940,0,1063149,0
09:05:37.333,89,47,0,14,120.4808960,22.4510536,3321700,0,1062838,0
09:05:37.414,89,47,0,14,120.4808960,22.4510536,3326072,0,1063493,0
09:05:37.513,89,47,0,14,120.4808960,22.4510536,3315541,0,1062617,0
09:05:37.666,89,47,0,15,120.4808960,22.4510536,3315725,0,1063635,0
09:05:37.700,89,47,0,15,120.4808960,22.4510536,3315725,0,1063635,0
09:05:37.832,89,47,0,15,120.4808960,22.4510536,3321096,0,1063065,0
09:05:37.915,89,47,0,15,120.4808960,22.4510536,3325584,0,1064209,0
09:05:38.014,89,47,0,15,120.4808960,22.4510536,3311621,0,1063679,0
09:05:38.173,89,47,0,15,120.4808960,22.4510536,3323226,0,1064162,0
09:05:38.203,89,47,0,15,120.4808960,22.4510536,3323226,0,1064162,0
09:05:38.302,89,47,0,15,120.4808960,22.4510536,3328031,0,1063891,0
09:05:38.439,89,47,0,15,120.4808960,22.4510536,3328031,0,1063891,0
09:05:38.511,89,47,0,15,120.4808960,22.4510536,3325670,0,1062989,0
09:05:38.616,89,47,0,16,120.4808960,22.4510536,3319118,0,1063188,0
09:05:38.714,89,47,0,16,120.4808960,22.4510536,3315921,0,1063212,0
09:05:38.826,90,47,0,16,120.4808960,22.4510536,3333306,0,1062628,0
09:05:38.908,89,47,0,16,120.4808960,22.4510536,3328747,0,1062753,0
09:05:39.009,89,47,0,16,120.4808960,22.4510536,3328747,0,1062753,0
09:05:39.102,89,47,0,16,120.4808960,22.4510536,3319656,0,1062977,0
09:05:39.226,89,47,1,16,120.4808960,22.4510536,3307283,0,1063033,0
09:05:39.310,89,47,1,16,120.4808960,22.4510536,3310597,0,1063402,0
09:05:39.413,89,47,0,16,120.4808960,22.4510536,3310597,0,1063402,0
09:05:39.512,90,47,0,16,120.4808960,22.4510536,3331145,0,1063081,0
09:05:39.620,90,47,0,16,120.4808960,22.4510536,3331145,0,1063081,0
09:05:39.702,89,47,0,16,120.4808960,22.4510536,3307269,0,1063049,0
09:05:39.821,90,47,0,16,120.4808960,22.4510536,3333122,0,1063301,0
09:05:39.904,89,47,0,16,120.4808960,22.4510536,3307357,0,1063583,0
09:05:40.037,89,47,0,16,120.4808960,22.4510536,3327401,0,1062206,0
09:05:40.102,89,47,0,16,120.4808960,22.4510536,3323805,0,1063682,0
09:05:40.201,89,47,0,16,120.4808960,22.4510536,3323805,0,1063682,0
09:05:40.301,89,47,0,16,120.4808960,22.4510536,3323513,0,1062815,0
09:05:40.403,89,47,0,16,120.4808960,22.4510536,3326666,0,1062694,0
09:05:40.502,89,47,0,16,120.4808960,22.4510536,3320387,0,1062351,0
09:05:40.602,89,47,0,16,120.4808960,22.4510536,3317957,0,1062999,0
09:05:40.702,90,47,0,16,120.4808960,22.4510536,3330544,0,1062138,0
09:05:40.818,90,47,0,16,120.4808960,22.4510536,3336232,0,1062344,0
09:05:40.901,89,47,0,16,120.4808960,22.4510536,3317895,0,1063213,0
09:05:41.025,89,47,0,16,120.4808960,22.4510536,3317895,0,1063213,0
09:05:41.108,90,47,0,16,120.4808960,22.4510536,3338115,0,1062871,0
09:05:41.225,89,47,0,16,120.4808960,22.4510536,3325978,0,1062986,0
09:05:41.307,89,47,0,16,120.4808960,22.4510536,3324299,0,1062175,0
09:05:41.407,89,47,0,16,120.4808960,22.4510536,3320918,0,1062045,0
09:05:41.505,90,47,0,16,120.4808960,22.4510536,3331310,0,1062592,0
09:05:41.606,90,47,0,16,120.4808960,22.4510536,3329615,0,1062096,0
09:05:41.706,89,47,0,16,120.4808960,22.4510536,3329127,0,1063280,0
09:05:41.806,89,47,0,16,120.4808960,22.4510536,3329127,0,1063280,0
09:05:41.905,89,47,0,16,120.4808960,22.4510536,3311434,0,1062740,0
09:05:42.059,89,47,0,16,120.4808960,22.4510536,3323770,0,1062731,0
09:05:42.108,89,47,0,16,120.4808960,22.4510536,3323770,0,1062731,0
09:05:42.206,90,47,0,16,120.4808960,22.4510536,3338980,0,1062475,0
09:05:42.319,90,47,0,16,120.4808960,22.4510536,3338980,0,1062475,0
09:05:42.402,90,47,0,16,120.4808960,22.4510536,3335712,0,1063201,0
09:05:42.500,89,47,0,16,120.4808960,22.4510536,3320833,0,1062918,0
09:05:42.613,90,47,0,16,120.4808960,22.4510536,3334797,0,1062683,0
09:05:42.713,89,47,0,16,120.4808960,22.4510536,3316364,0,1062046,0
09:05:42.811,89,47,0,16,120.4808960,22.4510536,3308449,0,1062791,0
09:05:42.907,89,47,0,16,120.4808960,22.4510536,3308449,0,1062791,0
09:05:43.006,89,47,0,16,120.4808960,22.4510536,3319237,0,1062761,0
09:05:43.110,89,47,0,16,120.4808960,22.4510536,3319237,0,1062761,0
09:05:43.210,89,47,0,16,120.4808960,22.4510536,3327240,0,1063040,0
09:05:43.310,89,47,0,16,120.4808960,22.4510536,3328185,0,1061810,0
09:05:43.407,89,47,0,16,120.4808960,22.4510536,3321908,0,1062927,0
09:05:43.521,90,47,0,16,120.4808960,22.4510536,3337935,0,1062772,0
09:05:43.602,90,47,0,16,120.4808960,22.4510536,3337173,0,1062766,0
09:05:43.723,90,47,0,16,120.4808960,22.4510536,3338005,0,1062274,0
09:05:43.805,90,47,0,16,120.4808960,22.4510536,3338318,0,1062392,0
09:05:43.912,90,47,0,16,120.4808960,22.4510536,3338318,0,1062392,0
09:05:44.011,89,47,0,16,120.4808960,22.4510536,3326931,0,1062975,0
09:05:44.157,89,47,0,16,120.4808960,22.4510536,3323028,0,1062178,0
09:05:44.206,90,47,0,16,120.4808960,22.4510536,3336830,0,1062352,0
09:05:44.305,89,47,0,16,120.4808960,22.4510536,3321622,0,1062803,0
09:05:44.443,89,47,0,16,120.4808960,22.4510536,3323677,0,1062601,0
09:05:44.510,89,47,0,16,120.4808960,22.4510536,3325358,0,1062767,0
09:05:44.632,89,47,0,17,120.4808960,22.4510536,3325244,0,1062027,0
09:05:44.715,89,47,0,17,120.4808960,22.4510536,3320997,0,1062416,0
09:05:44.821,89,47,0,16,120.4808960,22.4510536,3320997,0,1062416,0
09:05:44.903,90,47,0,16,120.4808960,22.4510536,3334514,0,1062084,0
09:05:45.033,90,47,0,16,120.4809113,22.4510536,3340064,0,1062723,0
09:05:45.115,90,47,0,16,120.4809113,22.4510536,3335670,0,1062306,0
09:05:45.217,90,47,0,16,120.4809113,22.4510536,3342032,0,1062323,0
09:05:45.315,89,47,0,16,120.4809113,22.4510536,3323667,0,1062401,0
09:05:45.402,89,47,0,16,120.4809113,22.4510536,3323667,0,1062401,0
09:05:45.502,90,47,0,16,120.4809113,22.4510536,3334516,0,1062427,0
09:05:45.603,89,47,0,16,120.4809113,22.4510536,3315655,0,1062171,0
09:05:45.702,90,47,0,16,120.4809113,22.4510536,3349030,0,1062179,0
09:05:45.806,90,47,0,16,120.4809113,22.4510536,3329899,0,1061712,0
09:05:45.905,89,47,0,16,120.4809113,22.4510536,3316474,0,1061578,0
09:05:46.040,90,47,0,16,120.4809113,22.4510536,3338778,0,1062622,0
09:05:46.106,90,47,0,16,120.4809113,22.4510536,3344982,0,1061860,0
09:05:46.221,90,47,0,15,120.4808960,22.4510536,3344982,0,1061860,0
09:05:46.305,89,47,0,15,120.4808960,22.4510536,3316667,0,1061709,0
09:05:46.406,90,47,0,15,120.4808960,22.4510536,3340771,0,1063858,0
09:05:46.505,90,47,0,15,120.4808960,22.4510536,3337296,0,1064849,0
09:05:46.605,90,47,0,16,120.4808960,22.4510536,3346669,0,1067110,0
09:05:46.705,90,47,0,16,120.4808960,22.4510536,3337081,0,1067367,0
09:05:46.810,90,47,0,17,120.4809113,22.4510536,3344788,0,1067953,0
09:05:46.908,90,47,0,17,120.4809113,22.4510536,3343367,0,1066379,0
09:05:47.012,90,47,0,17,120.4809113,22.4510536,3343367,0,1066379,0
09:05:47.106,90,47,0,17,120.4809113,22.4510536,3334344,0,1067764,0
09:05:47.214,90,47,0,17,120.4809113,22.4510536,3344778,0,1067759,0
09:05:47.313,90,47,0,17,120.4809113,22.4510536,3344534,0,1068524,0
09:05:47.462,90,47,0,17,120.4809113,22.4510536,3330548,0,1067344,0
09:05:47.512,90,47,0,17,120.4809113,22.4510536,3342545,0,1067666,0
09:05:47.620,89,47,0,17,120.4809113,22.4510536,3329031,0,1067903,0
09:05:47.702,90,48,0,17,120.4809113,22.4510536,3337627,0,1068835,0
09:05:47.805,90,48,0,17,120.4809113,22.4510536,3337627,0,1068835,0
09:05:47.905,90,48,0,17,120.4809113,22.4510536,3344376,0,1069673,0
09:05:48.062,90,48,0,17,120.4809113,22.4510536,3336098,0,1069913,0
09:05:48.112,90,48,0,17,120.4809113,22.4510536,3336098,0,1069913,0
09:05:48.211,90,48,0,17,120.4809113,22.4510536,3342483,0,1068947,0
09:05:48.348,90,47,0,17,120.4809113,22.4510536,3333934,0,1068487,0
09:05:48.415,90,47,0,17,120.4809113,22.4510536,3347531,0,1067776,0
09:05:48.532,90,47,0,16,120.4809113,22.4510536,3351225,0,1067817,0
09:05:48.615,90,47,0,16,120.4809113,22.4510536,3338065,0,1067766,0
09:05:48.729,90,47,0,16,120.4809113,22.4510536,3338065,0,1067766,0
09:05:48.808,90,47,0,16,120.4809113,22.4510536,3338426,0,1067360,0
09:05:48.938,90,47,0,16,120.4809113,22.4510536,3334025,0,1067094,0
09:05:49.005,90,47,0,16,120.4809113,22.4510536,3351783,0,1067067,0
09:05:49.102,90,47,0,16,120.4809113,22.4510536,3353302,0,1067782,0
09:05:49.217,90,47,0,16,120.4809113,22.4510536,3332181,0,1066838,0
09:05:49.316,90,47,0,16,120.4809113,22.4510536,3337503,0,1067340,0
09:05:49.437,90,47,0,17,120.4809113,22.4510536,3337503,0,1067340,0
09:05:49.503,90,47,0,17,120.4809113,22.4510536,3330633,0,1067016,0
09:05:49.643,90,47,0,16,120.4809113,22.4510536,3354939,0,1066902,0
09:05:49.710,90,47,0,16,120.4809113,22.4510536,3344175,0,1066902,0
09:05:49.834,90,47,0,16,120.4809113,22.4510536,3348069,0,1066466,0
09:05:49.916,90,47,0,16,120.4809113,22.4510536,3346462,0,1066417,0
09:05:50.027,90,47,0,16,120.4809113,22.4510536,3346462,0,1066417,0
09:05:50.111,90,47,0,16,120.4809113,22.4510536,3348344,0,1066699,0
09:05:50.211,90,47,0,16,120.4809113,22.4510536,3343363,0,1067296,0
09:05:50.320,90,47,0,14,120.4809113,22.4510536,3343363,0,1067296,0
09:05:50.402,89,47,0,14,120.4809113,22.4510536,3325902,0,1066101,0
09:05:50.558,89,47,1,14,120.4809113,22.4510536,3320670,0,1065960,0
09:05:50.610,90,47,1,14,120.4809113,22.4510536,3347533,0,1066191,0
09:05:50.736,90,47,0,13,120.4809113,22.4510517,3347533,0,1066191,0
09:05:50.802,90,47,0,13,120.4809113,22.4510517,3351124,0,1065995,0
09:05:50.921,90,47,0,15,120.4809113,22.4510517,3343319,0,1066410,0
09:05:51.011,90,47,0,15,120.4809113,22.4510517,3336995,0,1065895,0
09:05:51.111,90,47,0,15,120.4809113,22.4510517,3346088,0,1065617,0
09:05:51.266,90,47,0,14,120.4809113,22.4510517,3361974,0,1066080,0
09:05:51.316,90,47,0,14,120.4809113,22.4510517,3341509,0,1065573,0
09:05:51.415,89,47,0,14,120.4809113,22.4510517,3305069,0,1065856,0
09:05:51.555,90,47,0,15,120.4809113,22.4510517,3351492,0,1065595,0
09:05:51.605,90,47,0,15,120.4809113,22.4510517,3340073,0,1065873,0
09:05:51.706,90,47,0,15,120.4809113,22.4510517,3350535,0,1065555,0
09:05:51.861,90,47,0,15,120.4809113,22.4510517,3335839,0,1065567,0
09:05:51.910,90,47,0,15,120.4809113,22.4510517,3335839,0,1065567,0
09:05:52.010,90,47,0,15,120.4809113,22.4510517,3330902,0,1065405,0
09:05:52.106,90,47,0,15,120.4809113,22.4510517,3340830,0,1065121,0
09:05:52.206,90,47,0,15,120.4809113,22.4510517,3342481,0,1065416,0
09:05:52.345,90,47,1,16,120.4809113,22.4510498,3364291,0,1064481,0
09:05:52.411,90,47,1,16,120.4809113,22.4510498,3330713,0,1064429,0
09:05:52.511,90,47,1,16,120.4809113,22.4510498,3333532,0,1064440,0
09:05:52.651,90,47,0,16,120.4809113,22.4510498,3361825,0,1065391,0
09:05:52.702,90,47,0,16,120.4809113,22.4510498,3361825,0,1065391,0
09:05:52.805,90,47,0,16,120.4809113,22.4510498,3353991,0,1065621,0
09:05:52.913,90,47,0,16,120.4809113,22.4510498,3352407,0,1064647,0
09:05:53.022,90,47,0,17,120.4809113,22.4510498,3336002,0,1064842,0
09:05:53.106,90,47,0,17,120.4809113,22.4510498,3351788,0,1065334,0
09:05:53.241,90,47,0,17,120.4809113,22.4510498,3333192,0,1065160,0
09:05:53.306,90,47,0,17,120.4809113,22.4510498,3333192,0,1065160,0
09:05:53.405,90,47,0,17,120.4809113,22.4510498,3341800,0,1064369,0
09:05:53.535,90,47,0,17,120.4809113,22.4510498,3341800,0,1064369,0
09:05:53.601,90,47,0,17,120.4809113,22.4510498,3349039,0,1064706,0
09:05:53.701,90,47,0,17,120.4809113,22.4510498,3353785,0,1065256,0
09:05:53.857,90,47,0,17,120.4809113,22.4510479,3335432,0,1064874,0
09:05:53.907,90,47,0,17,120.4809113,22.4510479,3336468,0,1065355,0
09:05:54.066,90,47,0,17,120.4809113,22.4510479,3351929,0,1065267,0
09:05:54.116,90,47,0,17,120.4809113,22.4510479,3335873,0,1065664,0
09:05:54.215,90,47,0,17,120.4809113,22.4510479,3343734,0,1063372,0
09:05:54.339,90,47,0,17,120.4809113,22.4510479,3343734,0,1063372,0
09:05:54.406,90,47,0,17,120.4809113,22.4510479,3354417,0,1063892,0
09:05:54.541,90,47,0,17,120.4809113,22.4510460,3342869,0,1063527,0
09:05:54.606,90,47,0,17,120.4809113,22.4510460,3352970,0,1063391,0
09:05:54.706,89,47,0,17,120.4809113,22.4510460,3325354,0,1063769,0
09:05:54.868,90,47,0,17,120.4809113,22.4510460,3336528,0,1063338,0
09:05:54.902,90,47,0,17,120.4809113,22.4510460,3337977,0,1064139,0
09:05:55.001,90,47,0,17,120.4809113,22.4510460,3341498,0,1064376,0
09:05:55.101,90,47,0,17,120.4809113,22.4510460,3351082,0,1063112,0
09:05:55.205,90,47,0,17,120.4809113,22.4510460,3344327,0,1064192,0
09:05:55.303,90,47,0,17,120.4809113,22.4510460,3340135,0,1063606,0
09:05:55.432,90,47,0,17,120.4809113,22.4510441,3352281,0,1062650,0
09:05:55.514,90,47,0,17,120.4809113,22.4510441,3349860,0,1063566,0
09:05:55.613,90,47,0,17,120.4809113,22.4510441,3358757,0,1063053,0
09:05:55.747,90,47,0,17,120.4809113,22.4510441,3338645,0,1063486,0
09:05:55.814,90,47,0,17,120.4809113,22.4510441,3338645,0,1063486,0
09:05:55.942,90,47,0,17,120.4809113,22.4510441,3349500,0,1061784,0
09:05:56.007,90,47,0,17,120.4809113,22.4510441,3347059,0,1062637,0
09:05:56.107,90,47,0,17,120.4809113,22.4510441,3344460,0,1062356,0
09:05:56.239,90,47,0,17,120.4809113,22.4510441,3357102,0,1063162,0
09:05:56.306,90,47,0,17,120.4809113,22.4510441,3353701,0,1062474,0
09:05:56.403,90,47,0,17,120.4809113,22.4510441,3351150,0,1062206,0
09:05:56.541,90,47,0,17,120.4809113,22.4510441,3351420,0,1061230,0
09:05:56.605,90,47,0,17,120.4809113,22.4510441,3343947,0,1061478,0
09:05:56.733,90,47,0,17,120.4809113,22.4510441,3356428,0,1062179,0
09:05:56.815,90,47,0,17,120.4809113,22.4510441,3346609,0,1062003,0
09:05:56.915,90,47,0,17,120.4809113,22.4510441,3359686,0,1061506,0
09:05:57.055,90,47,0,17,120.4809113,22.4510441,3359686,0,1061506,0
09:05:57.106,90,47,0,17,120.4809113,22.4510441,3362600,0,1060862,0
09:05:57.231,91,47,0,17,120.4809113,22.4510441,3366285,0,1061695,0
09:05:57.315,90,47,0,17,120.4809113,22.4510441,3330284,0,1061595,0
09:05:57.481,90,47,0,16,120.4809189,22.4510441,3334149,0,1061141,0
09:05:57.515,90,47,0,16,120.4809189,22.4510441,3334149,0,1061141,0
09:05:57.615,90,47,0,16,120.4809189,22.4510441,3350911,0,1061750,0
09:05:57.758,90,47,0,16,120.4809189,22.4510441,3357668,0,1061458,0
09:05:57.808,90,47,0,16,120.4809189,22.4510441,3357668,0,1061458,0
09:05:57.907,90,47,0,16,120.4809189,22.4510441,3353279,0,1061614,0
09:05:58.078,90,47,0,16,120.4809189,22.4510441,3344556,0,1061264,0
09:05:58.111,90,47,0,16,120.4809189,22.4510441,3344556,0,1061264,0
09:05:58.210,90,47,0,16,120.4809189,22.4510441,3355449,0,1061503,0
09:05:58.336,90,47,0,16,120.4809189,22.4510441,3347333,0,1061036,0
09:05:58.406,90,47,0,16,120.4809189,22.4510441,3355772,0,1060838,0
09:05:58.557,90,47,0,17,120.4809189,22.4510441,3343963,0,1062024,0
09:05:58.607,90,47,0,17,120.4809189,22.4510441,3343963,0,1062024,0
09:05:58.708,90,47,0,17,120.4809189,22.4510441,3337114,0,1061596,0
09:05:58.861,90,47,0,17,120.4809189,22.4510441,3334026,0,1061114,0
09:05:58.911,90,47,0,17,120.4809189,22.4510441,3355841,0,1061091,0
09:05:59.011,89,47,0,17,120.4809189,22.4510441,3311110,0,1060564,0
09:05:59.173,90,47,0,17,120.4809189,22.4510441,3351016,0,1061333,0
09:05:59.206,91,47,0,17,120.4809189,22.4510441,3367716,0,1060824,0
09:05:59.306,90,47,0,17,120.4809189,22.4510441,3354402,0,1060673,0
09:05:59.450,90,47,0,17,120.4809189,22.4510441,3352236,0,1061074,0
09:05:59.502,90,47,0,17,120.4809189,22.4510441,3352236,0,1061074,0
09:05:59.637,90,47,0,17,120.4809189,22.4510441,3343045,0,1061334,0
09:05:59.706,90,47,0,17,120.4809189,22.4510441,3356154,0,1060714,0
09:05:59.806,90,47,0,17,120.4809189,22.4510441,3338489,0,1061075,0
09:05:59.906,90,47,0,17,120.4809189,22.4510441,3333301,0,1060984,0
09:06:00.039,90,47,0,17,120.4809189,22.4510441,3333301,0,1060984,0
09:06:00.106,90,47,0,17,120.4809189,22.4510441,3345365,0,1061416,0
09:06:00.210,90,47,0,16,120.4809189,22.4510441,3365778,0,1061033,0
09:06:00.302,90,47,0,16,120.4809189,22.4510441,3365778,0,1061033,0
09:06:00.402,90,47,0,16,120.4809189,22.4510441,3348732,0,1062262,0
09:06:00.552,90,47,0,17,120.4809189,22.4510441,3348911,0,1061575,0
09:06:00.602,90,47,0,17,120.4809189,22.4510441,3348911,0,1061575,0
09:06:00.701,90,47,0,17,120.4809189,22.4510441,3359883,0,1061159,0
09:06:00.821,90,47,0,17,120.4809189,22.4510441,3342267,0,1061110,0
09:06:00.910,90,47,0,17,120.4809189,22.4510441,3362241,0,1061469,0
09:06:01.010,90,47,0,17,120.4809189,22.4510441,3357131,0,1061208,0
09:06:01.166,90,47,0,16,120.4809189,22.4510441,3349800,0,1060205,0
09:06:01.216,90,47,0,16,120.4809189,22.4510441,3349339,0,1060336,0
09:06:01.315,90,47,0,16,120.4809189,22.4510441,3352452,0,1060682,0
09:06:01.415,89,47,0,16,120.4809189,22.4510441,3325355,0,1060952,0
09:06:01.515,90,47,0,16,120.4809189,22.4510441,3353381,0,1061087,0
09:06:01.615,90,47,0,16,120.4809189,22.4510441,3357073,0,1061275,0
09:06:01.736,90,47,0,16,120.4809189,22.4510441,3346404,0,1060029,0
09:06:01.802,90,47,0,16,120.4809189,22.4510441,3346404,0,1060029,0
09:06:01.928,91,47,0,16,120.4809189,22.4510441,3374743,0,1060076,0
09:06:02.009,90,47,0,16,120.4809189,22.4510441,3344413,0,1060661,0
09:06:02.132,91,47,0,16,120.4809189,22.4510441,3368233,0,1060473,0
09:06:02.215,90,47,0,16,120.4809189,22.4510441,3348226,0,1059992,0
09:06:02.322,90,47,0,16,120.4809189,22.4510441,3341305,0,1059730,0
09:06:02.405,90,47,0,16,120.4809189,22.4510441,3361241,0,1059690,0
09:06:02.522,90,47,0,16,120.4809189,22.4510441,3361241,0,1059690,0
09:06:02.605,90,47,0,16,120.4809189,22.4510441,3344282,0,1059396,0
09:06:02.703,90,47,0,16,120.4809189,22.4510441,3347298,0,1059655,0
09:06:02.802,90,47,0,16,120.4809189,22.4510441,3365614,0,1054282,0
09:06:02.962,90,47,0,16,120.4809189,22.4510441,3365614,0,1054282,0
09:06:03.011,90,47,0,16,120.4809189,22.4510441,3347264,0,1053393,0
09:06:03.145,90,47,0,16,120.4809189,22.4510441,3355654,0,1052368,0
09:06:03.211,90,47,0,16,120.4809189,22.4510441,3357236,0,1051363,0
09:06:03.313,90,47,0,15,120.4809189,22.4510422,3353544,0,1051481,0
09:06:03.411,90,47,0,15,120.4809189,22.4510422,3354252,0,1050823,0
09:06:03.543,90,47,0,15,120.4809189,22.4510422,3354252,0,1050823,0
09:06:03.608,90,47,0,15,120.4809189,22.4510422,3363487,0,1051333,0
09:06:03.733,90,47,0,16,120.4809341,22.4510422,3361703,0,1052614,0
09:06:03.815,90,47,0,16,120.4809341,22.4510422,3361739,0,1052530,0
09:06:03.906,90,47,0,16,120.4809341,22.4510422,3357829,0,1051379,0
09:06:04.005,91,47,0,16,120.4809341,22.4510422,3366454,0,1051511,0
09:06:04.141,90,47,0,16,120.4809341,22.4510422,3351427,0,1051738,0
09:06:04.208,90,47,0,16,120.4809341,22.4510422,3351427,0,1051738,0
09:06:04.331,90,47,0,16,120.4809341,22.4510422,3356851,0,1051432,0
09:06:04.414,90,47,0,16,120.4809341,22.4510422,3362742,0,1051020,0
09:06:04.521,90,47,0,16,120.4809341,22.4510403,3365380,0,1051505,0
09:06:04.605,90,47,0,16,120.4809341,22.4510403,3350325,0,1051614,0
09:06:04.707,90,47,0,17,120.4809341,22.4510403,3350325,0,1051614,0
09:06:04.808,90,47,0,17,120.4809341,22.4510403,3357898,0,1051322,0
09:06:04.971,90,47,0,17,120.4809341,22.4510403,3357898,0,1051322,0
09:06:05.005,90,47,0,17,120.4809341,22.4510403,3360052,0,1050712,0
09:06:05.133,90,47,0,17,120.4809341,22.4510403,3339880,0,1050938,0
09:06:05.215,90,47,0,17,120.4809341,22.4510403,3363421,0,1050723,0
09:06:05.313,90,47,0,17,120.4809341,22.4510403,3356493,0,1051531,0
09:06:05.460,90,47,0,17,120.4809341,22.4510422,3362588,0,1051064,0
09:06:05.510,90,47,0,17,120.4809341,22.4510422,3358951,0,1051667,0
09:06:05.607,90,47,0,17,120.4809341,22.4510422,3349716,0,1051697,0
09:06:05.743,90,47,0,17,120.4809341,22.4510422,3341132,0,1051840,0
09:06:05.810,90,47,0,17,120.4809341,22.4510422,3341132,0,1051840,0
09:06:05.960,90,47,0,17,120.4809341,22.4510422,3362053,0,1050815,0
09:06:06.010,90,47,0,17,120.4809341,22.4510422,3362053,0,1050815,0
09:06:06.108,90,47,0,17,120.4809341,22.4510422,3365507,0,1051586,0
09:06:06.256,90,47,0,17,120.4809341,22.4510422,3349267,0,1051510,0
09:06:06.306,90,47,0,17,120.4809341,22.4510422,3358708,0,1051604,0
09:06:06.430,90,47,0,17,120.4809341,22.4510422,3338547,0,1051202,0
09:06:06.512,90,47,0,17,120.4809341,22.4510422,3340011,0,1051424,0
09:06:06.617,90,47,0,17,120.4809341,22.4510422,3340011,0,1051424,0
09:06:06.701,90,47,0,17,120.4809341,22.4510422,3358175,0,1051029,0
09:06:06.809,90,47,0,17,120.4809341,22.4510422,3338160,0,1051361,0
09:06:06.906,90,47,0,17,120.4809341,22.4510422,3363485,0,1050608,0
09:06:07.013,90,47,0,17,120.4809341,22.4510422,3342508,0,1051043,0
09:06:07.111,90,47,0,17,120.4809341,22.4510422,3347081,0,1051229,0
09:06:07.249,90,47,0,16,120.4809494,22.4510403,3339363,0,1051284,0
09:06:07.315,90,47,0,16,120.4809494,22.4510403,3342515,0,1050750,0
09:06:07.402,90,47,0,16,120.4809494,22.4510403,3342515,0,1050750,0
09:06:07.508,90,47,0,16,120.4809494,22.4510403,3342380,0,1051617,0
09:06:07.616,90,47,0,16,120.4809494,22.4510403,3342380,0,1051617,0
09:06:07.715,90,47,0,16,120.4809494,22.4510403,3364220,0,1051300,0
09:06:07.842,90,47,0,16,120.4809494,22.4510403,3364220,0,1051300,0
09:06:07.910,90,47,0,16,120.4809494,22.4510403,3341942,0,1051629,0
09:06:08.070,90,47,0,16,120.4809494,22.4510384,3342037,0,1051662,0
09:06:08.103,90,47,0,16,120.4809494,22.4510384,3342037,0,1051662,0
09:06:08.201,90,47,0,16,120.4809494,22.4510384,3332745,0,1051404,0
09:06:08.331,90,47,0,16,120.4809494,22.4510403,3332745,0,1051404,0
09:06:08.413,90,47,0,16,120.4809494,22.4510403,3344021,0,1051242,0
09:06:08.537,90,47,0,16,120.4809494,22.4510403,3355201,0,1051325,0
09:06:08.602,90,47,0,16,120.4809494,22.4510403,3347954,0,1052034,0
09:06:08.701,90,47,0,16,120.4809494,22.4510403,3341848,0,1052079,0
09:06:08.840,90,47,0,16,120.4809494,22.4510403,3351056,0,1051869,0
09:06:08.906,90,47,0,16,120.4809494,22.4510403,3359871,0,1051113,0
09:06:09.055,91,47,0,16,120.4809494,22.4510403,3366439,0,1051548,0
09:06:09.112,90,47,0,16,120.4809494,22.4510403,3339597,0,1052152,0
09:06:09.211,89,47,0,16,120.4809494,22.4510403,3308911,0,1051602,0
09:06:09.350,90,47,0,16,120.4809494,22.4510403,3342344,0,1051120,0
09:06:09.416,90,47,0,16,120.4809494,22.4510403,3342344,0,1051120,0
09:06:09.543,90,47,0,16,120.4809494,22.4510384,3343713,0,1051212,0
09:06:09.608,90,47,0,16,120.4809494,22.4510384,3364941,0,1051053,0
09:06:09.734,91,47,0,16,120.4809494,22.4510384,3366543,0,1051876,0
09:06:09.801,91,47,0,16,120.4809494,22.4510384,3377114,0,1052083,0
09:06:09.960,90,47,0,16,120.4809494,22.4510384,3340198,0,1052869,0
09:06:10.010,90,47,0,16,120.4809494,22.4510384,3340198,0,1052869,0
09:06:10.110,90,47,0,16,120.4809494,22.4510384,3340862,0,1053342,0
09:06:10.262,90,47,0,16,120.4809494,22.4510384,3348439,0,1053533,0
09:06:10.312,90,47,0,16,120.4809494,22.4510384,3348439,0,1053533,0
09:06:10.411,90,47,0,16,120.4809494,22.4510384,3346790,0,1054401,0
09:06:10.562,90,47,0,16,120.4809494,22.4510384,3336389,0,1054167,0
09:06:10.612,90,47,0,16,120.4809494,22.4510384,3347876,0,1053737,0
09:06:10.711,90,47,0,16,120.4809494,22.4510384,3350131,0,1053299,0
09:06:10.852,90,47,0,16,120.4809494,22.4510384,3348049,0,1053882,0
09:06:10.901,90,47,0,16,120.4809494,22.4510384,3353787,0,1053081,0
09:06:11.002,90,47,0,16,120.4809494,22.4510384,3354453,0,1053465,0
09:06:11.146,90,47,0,15,120.4809494,22.4510365,3365140,0,1053843,0
09:06:11.212,90,47,0,15,120.4809494,22.4510365,3345320,0,1054291,0
09:06:11.311,90,47,0,15,120.4809494,22.4510365,3360094,0,1053255,0
09:06:11.470,90,47,0,16,120.4809570,22.4510384,3355686,0,1053682,0
09:06:11.505,90,47,0,16,120.4809570,22.4510384,3355686,0,1053682,0
09:06:11.605,90,47,0,16,120.4809570,22.4510384,3355836,0,1052900,0
09:06:11.778,90,47,0,16,120.4809570,22.4510384,3351642,0,1052996,0
09:06:11.812,90,47,0,16,120.4809570,22.4510384,3351642,0,1052996,0
09:06:11.911,90,47,0,16,120.4809570,22.4510384,3362478,0,1052951,0
09:06:12.010,90,47,0,16,120.4809570,22.4510384,3356363,0,1053540,0
09:06:12.102,90,47,0,16,120.4809570,22.4510384,3360366,0,1052585,0
09:06:12.202,90,47,0,16,120.4809570,22.4510384,3346954,0,1051574,0
09:06:12.331,90,47,0,15,120.4809570,22.4510365,3354937,0,1051630,0
09:06:12.415,90,47,0,15,120.4809570,22.4510365,3352993,0,1051436,0
09:06:12.556,90,47,0,15,120.4809570,22.4510365,3364482,0,1052073,0
09:06:12.606,90,47,0,15,120.4809570,22.4510365,3364482,0,1052073,0
09:06:12.706,91,47,0,15,120.4809570,22.4510365,3367596,0,1052909,0
09:06:12.833,90,47,0,16,120.4809570,22.4510365,3353515,0,1052127,0
09:06:12.915,90,47,0,16,120.4809570,22.4510365,3337570,0,1052326,0
09:06:13.030,90,47,0,15,120.4809570,22.4510365,3348835,0,1051806,0
09:06:13.113,90,47,0,15,120.4809570,22.4510365,3364851,0,1051289,0
09:06:13.211,90,47,0,15,120.4809570,22.4510365,3352003,0,1050632,0
09:06:13.377,90,47,0,16,120.4809570,22.4510384,3336526,0,1050749,0
09:06:13.411,90,47,0,16,120.4809570,22.4510384,3336526,0,1050749,0
09:06:13.522,90,47,0,16,120.4809570,22.4510384,3364053,0,1050165,0
09:06:13.606,90,47,0,16,120.4809570,22.4510384,3334653,0,1048796,0
09:06:13.728,90,46,0,15,120.4809570,22.4510384,3355886,0,1047409,0
09:06:13.812,90,46,0,15,120.4809570,22.4510384,3359677,0,1046622,0
09:06:13.915,90,46,0,15,120.4809570,22.4510384,3355972,0,1047123,0
09:06:14.006,90,46,0,15,120.4809570,22.4510384,3358847,0,1045546,0
09:06:14.106,90,46,0,15,120.4809570,22.4510384,3357601,0,1044700,0
09:06:14.250,90,46,0,16,120.4809570,22.4510384,3357722,0,1045431,0
09:06:14.317,90,46,0,16,120.4809570,22.4510384,3357722,0,1045431,0
09:06:14.415,90,46,0,16,120.4809570,22.4510384,3361010,0,1044521,0
09:06:14.567,90,46,0,16,120.4809570,22.4510384,3351684,0,1043111,0
09:06:14.601,90,46,0,16,120.4809570,22.4510384,3351684,0,1043111,0
09:06:14.702,90,46,0,16,120.4809570,22.4510384,3337947,0,1041971,0
09:06:14.857,91,46,0,15,120.4809570,22.4510384,3366854,0,1041843,0
09:06:14.907,90,46,0,15,120.4809570,22.4510384,3354835,0,1039990,0
09:06:15.006,91,46,0,15,120.4809570,22.4510384,3370481,0,1038618,0
09:06:15.162,90,46,0,15,120.4809570,22.4510384,3362640,0,1038115,0
09:06:15.212,90,46,0,15,120.4809570,22.4510384,3345864,0,1036562,0
09:06:15.311,90,46,0,15,120.4809570,22.4510384,3360544,0,1037130,0
09:06:15.465,90,46,0,14,120.4809570,22.4510384,3353336,0,1035459,0
09:06:15.515,90,46,0,14,120.4809570,22.4510384,3353336,0,1035459,0
09:06:15.613,90,46,0,14,120.4809570,22.4510384,3347274,0,1035583,0
09:06:15.731,90,46,0,14,120.4809570,22.4510384,3343036,0,1035762,0
09:06:15.814,90,46,0,14,120.4809570,22.4510384,3340885,0,1036237,0
09:06:15.909,90,46,0,14,120.4809570,22.4510403,3353495,0,1034634,0
09:06:16.006,90,46,0,14,120.4809570,22.4510403,3362443,0,1032398,0
09:06:16.118,90,46,0,15,120.4809570,22.4510403,3353448,0,1031499,0
09:06:16.208,90,46,0,15,120.4809570,22.4510403,3358413,0,1031002,0
09:06:16.305,90,46,0,15,120.4809570,22.4510403,3360028,0,1030962,0
09:06:16.434,90,46,0,15,120.4809570,22.4510403,3360028,0,1030962,0
09:06:16.501,90,46,0,15,120.4809570,22.4510403,3362840,0,1027383,0
09:06:16.623,90,45,0,15,120.4809570,22.4510422,3343406,0,1024905,0
09:06:16.705,90,45,0,15,120.4809570,22.4510422,3336442,0,1023078,0
09:06:16.841,90,45,0,15,120.4809570,22.4510422,3362979,0,1023449,0
09:06:16.908,90,45,0,15,120.4809570,22.4510422,3355833,0,1023248,0
09:06:17.021,90,45,0,15,120.4809570,22.4510422,3349942,0,1022920,0
09:06:17.105,91,45,0,15,120.4809570,22.4510422,3371011,0,1023469,0
09:06:17.205,90,45,0,15,120.4809570,22.4510422,3346126,0,1024845,0
09:06:17.352,90,45,0,15,120.4809570,22.4510422,3359561,0,1025405,0
09:06:17.402,90,45,0,15,120.4809570,22.4510422,3359561,0,1025405,0
09:06:17.532,90,46,0,15,120.4809570,22.4510441,3362585,0,1026497,0
09:06:17.615,90,45,0,15,120.4809570,22.4510441,3337000,0,1025492,0
09:06:17.715,90,45,0,15,120.4809570,22.4510441,3337000,0,1025492,0
09:06:17.815,90,45,0,15,120.4809570,22.4510441,3343330,0,1025776,0
09:06:17.961,91,45,0,14,120.4809570,22.4510441,3374210,0,1025550,0
09:06:18.011,91,45,0,14,120.4809570,22.4510441,3374210,0,1025550,0
09:06:18.111,90,45,0,14,120.4809570,22.4510441,3351632,0,1025609,0
09:06:18.262,90,45,0,14,120.4809723,22.4510441,3351632,0,1025609,0
09:06:18.313,90,45,0,14,120.4809723,22.4510441,3355452,0,1024992,0
09:06:18.440,90,45,0,15,120.4809723,22.4510441,3349392,0,1024839,0
09:06:18.506,90,45,0,15,120.4809723,22.4510441,3359538,0,1024542,0
09:06:18.621,90,45,0,15,120.4809723,22.4510441,3359538,0,1024542,0
09:06:18.702,90,45,0,15,120.4809723,22.4510441,3345315,0,1024761,0
09:06:18.816,90,45,0,15,120.4809723,22.4510441,3354098,0,1024219,0
09:06:18.943,90,45,0,15,120.4809723,22.4510441,3354098,0,1024219,0
09:06:19.010,90,45,0,15,120.4809723,22.4510441,3347468,0,1024391,0
09:06:19.141,91,45,0,15,120.4809723,22.4510441,3370795,0,1023103,0
09:06:19.208,90,45,0,15,120.4809723,22.4510441,3357754,0,1023822,0
09:06:19.308,90,45,0,15,120.4809723,22.4510441,3347690,0,1023205,0
09:06:19.460,90,45,0,15,120.4809723,22.4510441,3366000,0,1023127,0
09:06:19.510,90,45,0,15,120.4809723,22.4510441,3351130,0,1020897,0
09:06:19.611,90,45,0,15,120.4809723,22.4510441,3360877,0,1019370,0
09:06:19.762,90,45,0,15,120.4809723,22.4510441,3335891,0,1018447,0
09:06:19.812,90,45,0,15,120.4809723,22.4510441,3335891,0,1018447,0
09:06:19.942,90,45,0,15,120.4809723,22.4510460,3352325,0,1016815,0
09:06:20.010,91,45,0,15,120.4809723,22.4510460,3366456,0,1017480,0
09:06:20.108,90,45,0,15,120.4809723,22.4510460,3359102,0,1016969,0
09:06:20.257,90,45,0,15,120.4809723,22.4510460,3353032,0,1017090,0
09:06:20.306,90,45,0,15,120.4809723,22.4510460,3346655,0,1016536,0
09:06:20.406,90,45,0,15,120.4809723,22.4510460,3346003,0,1016561,0
09:06:20.572,90,45,0,15,120.4809723,22.4510460,3357322,0,1016935,0
09:06:20.606,90,45,0,15,120.4809723,22.4510460,3352479,0,1016588,0
09:06:20.706,90,45,0,15,120.4809723,22.4510460,3343593,0,1016694,0
09:06:20.857,90,45,0,15,120.4809723,22.4510479,3362301,0,1016621,0
09:06:20.908,90,45,0,15,120.4809723,22.4510479,3362301,0,1016621,0
09:06:21.022,90,45,0,14,120.4809723,22.4510479,3358237,0,1016471,0
09:06:21.111,90,45,0,14,120.4809723,22.4510479,3349999,0,1017401,0
09:06:21.210,90,45,0,14,120.4809723,22.4510479,3351264,0,1016762,0
09:06:21.372,90,45,0,15,120.4809723,22.4510479,3351264,0,1016762,0
09:06:21.406,90,45,0,15,120.4809723,22.4510479,3356415,0,1015809,0
09:06:21.511,91,45,0,15,120.4809723,22.4510479,3369526,0,1016549,0
09:06:21.611,91,45,0,15,120.4809723,22.4510479,3369477,0,1015912,0
09:06:21.736,90,45,0,15,120.4809723,22.4510479,3358934,0,1016024,0
09:06:21.803,90,45,0,15,120.4809723,22.4510479,3358934,0,1016024,0
09:06:21.941,90,45,0,15,120.4809875,22.4510479,3362252,0,1016575,0
09:06:22.010,90,45,0,15,120.4809875,22.4510479,3355879,0,1016433,0
09:06:22.137,90,45,0,15,120.4809875,22.4510498,3358331,0,1016686,0
09:06:22.211,90,45,0,15,120.4809875,22.4510498,3351338,0,1016380,0
09:06:22.311,90,45,0,15,120.4809875,22.4510498,3343927,0,1017045,0
09:06:22.432,90,45,0,15,120.4809875,22.4510498,3353835,0,1016909,0
09:06:22.508,90,45,0,15,120.4809875,22.4510498,3353835,0,1016909,0
09:06:22.635,90,45,0,15,120.4809875,22.4510498,3362723,0,1015938,0
09:06:22.702,90,45,0,15,120.4809875,22.4510498,3354574,0,1015218,0
09:06:22.822,90,45,0,15,120.4809875,22.4510498,3341535,0,1015445,0
09:06:22.905,91,45,0,15,120.4809875,22.4510498,3368017,0,1014705,0
09:06:23.032,90,45,0,15,120.4809875,22.4510498,3358260,0,1014722,0
09:06:23.115,91,45,0,15,120.4809875,22.4510498,3368289,0,1014576,0
09:06:23.227,91,45,0,15,120.4809875,22.4510498,3368289,0,1014576,0
09:06:23.311,90,45,0,15,120.4809875,22.4510498,3350219,0,1014037,0
09:06:23.447,90,45,0,15,120.4809875,22.4510498,3365454,0,1014771,0
09:06:23.514,90,45,0,15,120.4809875,22.4510498,3363908,0,1015852,0
09:06:23.606,90,45,0,15,120.4809875,22.4510498,3363908,0,1015852,0
09:06:23.706,90,45,0,15,120.4809875,22.4510498,3356982,0,1016439,0
09:06:23.845,90,45,0,15,120.4809875,22.4510498,3356982,0,1016439,0
09:06:23.911,90,45,0,15,120.4809875,22.4510498,3364742,0,1016644,0
09:06:24.063,90,45,0,15,120.4809875,22.4510498,3356915,0,1016183,0
09:06:24.113,91,45,0,15,120.4809875,22.4510498,3367194,0,1016548,0
09:06:24.211,90,45,0,15,120.4809875,22.4510498,3362707,0,1016982,0
09:06:24.310,90,45,0,15,120.4809875,22.4510498,3359822,0,1016912,0
09:06:24.408,91,45,0,15,120.4809875,22.4510498,3373209,0,1018696,0
09:06:24.539,90,45,0,15,120.4809875,22.4510498,3336885,0,1018148,0
09:06:24.606,90,45,0,15,120.4809875,22.4510498,3336885,0,1018148,0
09:06:24.709,90,45,0,14,120.4809875,22.4510498,3346980,0,1018288,0
09:06:24.803,90,45,0,14,120.4809875,22.4510498,3351097,0,1018050,0
09:06:24.901,90,45,0,14,120.4809875,22.4510498,3345167,0,1017940,0
09:06:25.086,90,45,0,14,120.4809875,22.4510498,3345213,0,1018491,0
09:06:25.103,90,45,0,14,120.4809875,22.4510498,3345213,0,1018491,0
09:06:25.202,90,45,0,14,120.4809875,22.4510498,3361279,0,1018626,0
09:06:25.352,90,45,0,14,120.4809875,22.4510498,3350161,0,1019908,0
09:06:25.402,90,45,0,14,120.4809875,22.4510498,3360334,0,1022448,0
09:06:25.516,90,45,0,14,120.4809875,22.4510498,3352529,0,1025428,0
09:06:25.640,91,45,0,14,120.4809875,22.4510498,3382263,0,1025691,0
09:06:25.706,91,46,0,14,120.4809875,22.4510498,3370947,0,1040393,0
09:06:25.806,91,47,0,14,120.4809875,22.4510498,3376186,0,1063337,0
09:06:25.981,90,48,0,16,120.4809875,22.4510498,3354185,0,1086409,0
09:06:26.015,90,48,0,16,120.4809875,22.4510498,3354185,0,1086409,0
09:06:26.115,91,50,0,16,120.4809875,22.4510498,3378184,0,1125905,0
09:06:26.287,90,51,0,16,120.4809952,22.4510517,3365989,0,1148004,0
09:06:26.306,91,52,0,16,120.4809952,22.4510517,3374340,0,1156829,0
09:06:26.406,91,52,0,16,120.4809952,22.4510517,3378833,0,1156468,0
09:06:26.506,90,50,0,16,120.4809952,22.4510517,3364726,0,1127557,0
09:06:26.623,90,50,0,16,120.4809952,22.4510517,3364726,0,1127557,0
09:06:26.705,90,50,0,16,120.4809952,22.4510517,3359818,0,1130856,0
09:06:26.870,90,53,0,17,120.4809952,22.4510517,3338730,0,1194803,0
09:06:26.905,90,53,0,17,120.4809952,22.4510517,3338730,0,1194803,0
09:06:27.006,88,51,0,17,120.4809952,22.4510517,3276043,0,1147293,0
09:06:27.106,89,53,0,17,120.4809952,22.4510517,3297445,0,1187614,0
09:06:27.214,89,54,0,16,120.4809952,22.4510517,3293913,0,1213743,0
09:06:27.315,89,55,0,16,120.4809952,22.4510517,3307845,0,1224520,0
09:06:27.415,89,54,0,16,120.4809952,22.4510517,3311470,0,1205973,0
09:06:27.510,89,54,0,15,120.4809952,22.4510536,3311470,0,1205973,0
09:06:27.608,89,53,0,15,120.4809952,22.4510536,3320196,0,1187726,0
09:06:27.728,89,53,0,15,120.4809952,22.4510536,3303054,0,1179892,0
09:06:27.806,89,53,0,15,120.4809952,22.4510536,3303054,0,1179892,0
09:06:27.906,89,53,0,15,120.4809952,22.4510536,3321469,0,1175765,0
09:06:28.006,90,53,0,15,120.4809952,22.4510536,3359477,0,1178146,0
09:06:28.120,91,53,0,15,120.4809952,22.4510536,3393925,0,1186361,0
09:06:28.203,92,53,0,15,120.4809952,22.4510536,3405271,0,1182513,0
09:06:28.322,92,52,1,16,120.4809952,22.4510536,3423489,0,1164941,0
09:06:28.408,92,52,1,16,120.4809952,22.4510536,3423489,0,1164941,0
09:06:28.510,92,51,1,16,120.4809952,22.4510536,3427671,0,1141233,0
09:06:28.643,92,51,3,16,120.4809952,22.4510555,3421454,0,1134691,0
09:06:28.710,92,50,3,16,120.4809952,22.4510555,3410192,0,1131417,0
09:06:28.810,92,50,3,16,120.4809952,22.4510555,3413796,0,1127630,0
09:06:28.966,91,50,4,16,120.4809875,22.4510593,3396158,0,1123049,0
09:06:29.016,92,50,4,16,120.4809875,22.4510593,3413232,0,1119721,0
09:06:29.115,91,50,4,16,120.4809875,22.4510593,3402159,0,1116136,0
09:06:29.260,91,50,6,15,120.4809875,22.4510632,3398596,0,1113749,0
09:06:29.310,91,50,6,15,120.4809875,22.4510632,3398596,0,1113749,0
09:06:29.410,92,50,6,15,120.4809875,22.4510632,3421561,0,1111638,0
09:06:29.551,92,50,7,14,120.4809875,22.4510689,3421561,0,1111638,0
09:06:29.602,92,49,7,14,120.4809875,22.4510689,3406445,0,1104421,0
09:06:29.743,92,49,6,15,120.4809875,22.4510727,3435026,0,1091497,0
09:06:29.809,93,48,6,15,120.4809875,22.4510727,3457130,0,1081574,0
09:06:29.907,94,48,6,15,120.4809875,22.4510727,3484352,0,1086556,0
09:06:30.075,94,48,10,14,120.4809952,22.4510784,3504502,0,1082020,0
09:06:30.110,94,48,10,14,120.4809952,22.4510784,3504502,0,1082020,0
09:06:30.207,94,48,10,14,120.4809952,22.4510784,3498096,0,1075140,0
09:06:30.337,94,48,13,15,120.4809952,22.4510841,3498096,0,1075140,0
09:06:30.405,95,48,13,15,120.4809952,22.4510841,3519157,0,1078136,0
09:06:30.512,94,48,16,14,120.4809952,22.4510918,3504461,0,1076761,0
09:06:30.605,94,48,16,14,120.4809952,22.4510918,3501038,0,1069042,0
09:06:30.703,95,47,16,14,120.4809952,22.4510918,3512460,0,1067429,0
09:06:30.833,93,47,19,16,120.4810104,22.4511032,3473230,0,1065782,0
09:06:30.915,95,47,19,16,120.4810104,22.4511032,3516350,0,1064652,0
09:06:31.016,95,48,19,16,120.4810104,22.4511032,3513885,0,1080696,0
09:06:31.181,94,48,20,16,120.4810104,22.4511127,3484864,0,1078349,0
09:06:31.215,94,48,20,16,120.4810104,22.4511127,3484864,0,1078349,0
09:06:31.315,93,46,20,16,120.4810104,22.4511127,3448458,0,1036432,0
09:06:31.413,92,46,20,16,120.4810104,22.4511127,3435132,0,1035587,0
09:06:31.512,93,46,20,16,120.4810104,22.4511127,3442706,0,1045693,0
09:06:31.632,93,46,23,15,120.4810257,22.4511280,3442706,0,1045693,0
09:06:31.716,92,46,23,15,120.4810257,22.4511280,3404605,0,1036158,0
09:06:31.816,92,45,23,15,120.4810257,22.4511280,3411408,0,1022631,0
09:06:31.915,92,47,23,15,120.4810257,22.4511280,3416772,0,1054317,0
09:06:32.036,92,47,24,15,120.4810333,22.4511471,3416772,0,1054317,0
09:06:32.102,92,46,24,15,120.4810333,22.4511471,3402857,0,1044613,0
09:06:32.216,91,46,24,15,120.4810333,22.4511471,3379991,0,1035303,0
09:06:32.315,91,46,24,15,120.4810333,22.4511471,3368347,0,1041288,0
09:06:32.421,91,46,27,17,120.4810333,22.4511719,3368347,0,1041288,0
09:06:32.511,90,46,27,17,120.4810333,22.4511719,3362584,0,1035406,0
09:06:32.610,91,46,27,17,120.4810333,22.4511719,3387284,0,1046892,0
09:06:32.709,91,46,27,17,120.4810333,22.4511719,3372389,0,1042690,0
09:06:32.831,91,46,29,17,120.4810486,22.4511986,3380885,0,1047468,0
09:06:32.915,90,46,29,17,120.4810486,22.4511986,3340188,0,1031629,0
09:06:33.013,90,46,29,17,120.4810486,22.4511986,3354028,0,1037333,0
09:06:33.102,91,46,29,17,120.4810486,22.4511986,3371030,0,1033725,0
09:06:33.205,91,46,30,17,120.4810486,22.4512272,3371030,0,1033725,0
09:06:33.303,91,46,30,17,120.4810486,22.4512272,3380852,0,1039515,0
09:06:33.402,91,46,30,17,120.4810486,22.4512272,3376136,0,1042373,0
09:06:33.606,91,46,32,18,120.4810638,22.4512577,3386261,0,1041505,0
09:06:33.706,91,46,32,18,120.4810638,22.4512577,3378614,0,1043543,0
09:06:33.805,91,46,32,18,120.4810638,22.4512577,3377614,0,1043629,0
09:06:33.903,91,47,32,18,120.4810638,22.4512577,3383538,0,1048391,0
09:06:34.065,90,46,33,18,120.4810638,22.4512901,3352434,0,1042980,0
09:06:34.115,90,46,33,18,120.4810638,22.4512901,3352434,0,1042980,0
09:06:34.215,86,47,33,18,120.4810638,22.4512901,3185949,0,1067546,0
09:06:34.313,85,47,33,18,120.4810638,22.4512901,3172765,0,1052352,0
09:06:34.405,85,47,33,17,120.4810638,22.4513226,3172765,0,1052352,0
09:06:34.503,85,47,33,17,120.4810638,22.4513226,3180754,0,1065957,0
09:06:34.602,85,48,33,17,120.4810638,22.4513226,3176755,0,1075402,0
09:06:34.781,86,48,32,18,120.4810638,22.4513550,3217517,0,1071683,0
09:06:34.815,86,48,32,18,120.4810638,22.4513550,3217517,0,1071683,0
09:06:34.915,88,47,32,18,120.4810638,22.4513550,3257494,0,1065561,0
09:06:35.012,87,47,32,18,120.4810638,22.4513550,3243526,0,1052438,0
09:06:35.111,89,47,32,18,120.4810638,22.4513550,3297769,0,1061289,0
09:06:35.218,89,47,31,19,120.4810638,22.4513874,3303629,0,1060932,0
09:06:35.316,89,47,31,19,120.4810638,22.4513874,3303061,0,1051574,0
09:06:35.416,89,47,31,19,120.4810638,22.4513874,3323245,0,1048756,0
09:06:35.603,89,47,31,18,120.4810638,22.4514179,3328357,0,1048190,0
09:06:35.703,89,47,31,18,120.4810638,22.4514179,3321694,0,1062130,0
09:06:35.802,89,46,31,18,120.4810638,22.4514179,3310890,0,1045595,0
09:06:35.903,90,46,31,18,120.4810638,22.4514179,3336003,0,1036691,0
09:06:36.028,90,46,32,19,120.4810638,22.4514503,3336003,0,1036691,0
09:06:36.111,90,47,32,19,120.4810638,22.4514503,3354484,0,1056031,0
09:06:36.210,90,47,32,19,120.4810638,22.4514503,3350536,0,1051880,0
09:06:36.309,89,47,32,19,120.4810638,22.4514503,3327180,0,1050907,0
09:06:36.415,89,47,32,19,120.4810638,22.4514828,3327180,0,1050907,0
09:06:36.513,90,47,32,19,120.4810638,22.4514828,3351134,0,1058815,0
09:06:36.611,90,46,32,19,120.4810638,22.4514828,3342220,0,1036665,0
09:06:36.710,90,46,32,19,120.4810638,22.4514828,3348985,0,1042643,0
09:06:36.815,90,46,33,19,120.4810638,22.4515171,3332627,0,1042066,0
09:06:36.915,90,46,33,19,120.4810638,22.4515171,3329653,0,1043997,0
09:06:37.013,90,46,33,19,120.4810638,22.4515171,3342264,0,1046887,0
09:06:37.111,89,47,33,19,120.4810638,22.4515171,3321147,0,1048279,0
09:06:37.215,89,47,34,19,120.4810638,22.4515514,3321147,0,1048279,0
09:06:37.315,89,47,34,19,120.4810638,22.4515514,3328364,0,1050078,0
09:06:37.415,89,47,34,19,120.4810638,22.4515514,3313829,0,1053569,0
09:06:37.503,90,47,34,19,120.4810638,22.4515514,3333159,0,1051579,0
09:06:37.623,90,47,35,19,120.4810486,22.4515858,3333159,0,1051579,0
09:06:37.706,89,46,35,19,120.4810486,22.4515858,3314048,0,1040688,0
09:06:37.806,90,47,35,19,120.4810486,22.4515858,3330540,0,1049274,0
09:06:37.906,89,47,35,19,120.4810486,22.4515858,3308606,0,1063729,0
09:06:38.007,89,47,36,18,120.4810486,22.4516220,3308606,0,1063729,0
09:06:38.106,88,46,36,18,120.4810486,22.4516220,3268400,0,1043464,0
09:06:38.206,88,46,36,18,120.4810486,22.4516220,3289233,0,1036969,0
09:06:38.305,89,47,36,18,120.4810486,22.4516220,3293112,0,1048934,0
09:06:38.442,89,47,36,19,120.4810486,22.4516582,3293112,0,1048934,0
09:06:38.509,88,46,36,19,120.4810486,22.4516582,3279864,0,1046341,0
09:06:38.607,89,46,36,19,120.4810486,22.4516582,3303085,0,1046905,0
09:06:38.706,88,46,36,19,120.4810486,22.4516582,3286602,0,1046058,0
09:06:38.811,88,46,36,19,120.4810486,22.4516964,3286602,0,1046058,0
09:06:38.911,89,47,36,19,120.4810486,22.4516964,3295641,0,1059731,0
09:06:39.009,88,47,36,19,120.4810486,22.4516964,3292163,0,1057298,0
09:06:39.107,88,47,36,19,120.4810486,22.4516964,3280944,0,1047729,0
09:06:39.223,88,47,37,18,120.4810486,22.4517326,3280944,0,1047729,0
09:06:39.311,88,46,37,18,120.4810486,22.4517326,3292460,0,1045885,0
09:06:39.411,89,47,37,18,120.4810486,22.4517326,3298560,0,1056315,0
09:06:39.511,88,46,37,18,120.4810486,22.4517326,3259566,0,1028019,0
09:06:39.612,88,46,37,19,120.4810333,22.4517708,3259566,0,1028019,0
09:06:39.711,88,46,37,19,120.4810333,22.4517708,3266798,0,1042325,0
09:06:39.809,88,47,37,19,120.4810333,22.4517708,3271411,0,1057691,0
09:06:39.981,88,47,36,19,120.4810333,22.4518089,3278104,0,1050916,0
09:06:40.051,88,47,36,19,120.4810333,22.4518089,3278104,0,1050916,0
09:06:40.102,88,47,36,19,120.4810333,22.4518089,3275659,0,1055686,0
09:06:40.201,88,47,36,19,120.4810333,22.4518089,3273768,0,1054452,0
09:06:40.316,87,47,36,19,120.4810333,22.4518089,3255306,0,1050867,0
09:06:40.458,88,47,36,19,120.4810333,22.4518452,3281590,0,1051027,0
09:06:40.507,88,47,36,19,120.4810333,22.4518452,3281590,0,1051027,0
09:06:40.606,88,47,36,19,120.4810333,22.4518452,3289527,0,1054894,0
09:06:40.706,88,47,36,19,120.4810333,22.4518452,3268581,0,1053453,0
09:06:40.815,88,47,36,19,120.4810333,22.4518833,3268581,0,1053453,0
09:06:40.915,88,47,36,19,120.4810333,22.4518833,3267306,0,1048711,0
09:06:41.013,88,47,36,19,120.4810333,22.4518833,3283105,0,1063558,0
09:06:41.111,87,46,36,19,120.4810333,22.4518833,3255519,0,1045329,0
09:06:41.217,87,46,36,19,120.4810333,22.4519196,3255519,0,1045329,0
09:06:41.301,88,47,36,19,120.4810333,22.4519196,3266365,0,1056755,0
09:06:41.416,88,47,36,19,120.4810333,22.4519196,3264337,0,1053666,0
09:06:41.515,88,47,36,19,120.4810333,22.4519196,3257133,0,1047846,0
09:06:41.641,88,47,36,19,120.4810333,22.4519577,3257133,0,1047846,0
09:06:41.707,87,46,36,19,120.4810333,22.4519577,3227920,0,1038038,0
09:06:41.806,86,46,36,19,120.4810333,22.4519577,3197260,0,1029307,0
09:06:41.905,86,46,36,19,120.4810333,22.4519577,3196547,0,1045668,0
09:06:42.065,86,47,35,19,120.4810333,22.4519939,3218171,0,1048132,0
09:06:42.115,86,46,35,19,120.4810333,22.4519939,3217185,0,1037891,0
09:06:42.212,86,47,35,19,120.4810333,22.4519939,3214090,0,1057944,0
09:06:42.310,86,47,35,19,120.4810333,22.4519939,3203472,0,1059362,0
09:06:42.410,85,46,35,19,120.4810333,22.4519939,3182777,0,1036518,0
09:06:42.516,85,46,35,19,120.4810333,22.4520397,3182777,0,1036518,0
09:06:42.606,86,47,35,19,120.4810333,22.4520397,3209699,0,1062510,0
09:06:42.706,86,47,35,19,120.4810333,22.4520397,3212270,0,1066098,0
09:06:42.805,86,47,35,19,120.4810333,22.4520397,3207324,0,1047562,0
09:06:42.921,86,47,35,19,120.4810333,22.4520760,3207324,0,1047562,0
09:06:43.002,87,46,35,19,120.4810333,22.4520760,3228484,0,1045690,0
09:06:43.102,86,46,35,19,120.4810333,22.4520760,3213188,0,1046950,0
09:06:43.202,87,46,35,19,120.4810333,22.4520760,3239688,0,1034003,0
09:06:43.370,87,46,35,19,120.4810333,22.4521122,3237634,0,1036808,0
09:06:43.403,87,46,35,19,120.4810333,22.4521122,3237634,0,1036808,0
09:06:43.502,87,46,35,19,120.4810333,22.4521122,3231610,0,1042544,0
09:06:43.602,87,47,35,19,120.4810333,22.4521122,3235759,0,1048320,0
09:06:43.701,87,47,34,19,120.4810257,22.4521465,3227632,0,1047873,0
09:06:43.816,87,47,34,19,120.4810257,22.4521465,3234434,0,1060208,0
09:06:43.916,86,47,34,19,120.4810257,22.4521465,3218495,0,1060772,0
09:06:44.016,87,46,34,19,120.4810257,22.4521465,3229185,0,1039776,0
09:06:44.230,87,46,34,19,120.4810257,22.4521809,3233454,0,1041033,0
09:06:44.312,87,46,34,19,120.4810257,22.4521809,3227923,0,1039474,0
09:06:44.412,87,46,34,19,120.4810257,22.4521809,3225435,0,1037312,0
09:06:44.525,87,46,33,19,120.4810257,22.4522152,3225435,0,1037312,0
09:06:44.607,87,47,33,19,120.4810257,22.4522152,3222437,0,1049918,0
09:06:44.706,87,48,33,19,120.4810257,22.4522152,3244938,0,1069553,0
09:06:44.805,87,46,33,19,120.4810257,22.4522152,3247762,0,1028909,0
09:06:44.926,87,46,33,19,120.4810257,22.4522495,3247762,0,1028909,0
09:06:45.009,87,47,33,19,120.4810257,22.4522495,3247354,0,1067142,0
09:06:45.107,87,47,33,19,120.4810257,22.4522495,3231367,0,1050132,0
09:06:45.206,87,46,33,19,120.4810257,22.4522495,3227696,0,1040133,0
09:06:45.360,87,46,32,19,120.4810257,22.4522839,3223228,0,1046971,0
09:06:45.409,87,46,32,19,120.4810257,22.4522839,3229020,0,1044716,0
09:06:45.508,87,46,32,19,120.4810257,22.4522839,3231661,0,1041656,0
09:06:45.606,87,47,32,19,120.4810257,22.4522839,3234924,0,1053528,0
09:06:45.730,87,47,32,19,120.4810257,22.4523163,3234924,0,1053528,0
09:06:45.812,87,47,32,19,120.4810257,22.4523163,3244886,0,1050020,0
09:06:45.911,87,47,32,19,120.4810257,22.4523163,3248224,0,1053729,0
09:06:46.009,88,47,32,19,120.4810257,22.4523163,3259785,0,1068423,0
09:06:46.142,88,47,32,19,120.4810257,22.4523487,3259785,0,1068423,0
09:06:46.207,87,47,32,19,120.4810257,22.4523487,3249018,0,1067217,0
09:06:46.306,87,47,32,19,120.4810257,22.4523487,3223651,0,1050292,0
09:06:46.406,87,45,32,19,120.4810257,22.4523487,3232705,0,1016793,0
09:06:46.501,87,46,31,19,120.4810104,22.4523830,3234750,0,1030951,0
09:06:46.612,87,47,31,19,120.4810104,22.4523830,3245544,0,1057467,0
09:06:46.712,87,46,31,19,120.4810104,22.4523830,3230113,0,1029324,0
09:06:46.811,87,46,31,19,120.4810104,22.4523830,3250995,0,1030341,0
09:06:46.901,87,46,31,19,120.4810104,22.4524136,3250995,0,1030341,0
09:06:47.012,84,47,31,19,120.4810104,22.4524136,3118310,0,1050743,0
09:06:47.111,84,47,31,19,120.4810104,22.4524136,3113349,0,1060973,0
09:06:47.210,84,47,31,19,120.4810104,22.4524136,3118307,0,1057980,0
09:06:47.341,84,47,30,19,120.4810104,22.4524441,3122649,0,1065481,0
09:06:47.407,84,47,30,19,120.4810104,22.4524441,3122649,0,1065481,0
09:06:47.512,83,47,30,19,120.4810104,22.4524441,3096145,0,1062004,0
09:06:47.610,82,47,30,19,120.4810104,22.4524441,3048183,0,1061361,0
09:06:47.718,82,47,30,19,120.4810104,22.4524765,3048183,0,1061361,0
09:06:47.816,81,49,30,19,120.4810104,22.4524765,3029012,0,1109630,0
09:06:47.916,80,50,30,19,120.4810104,22.4524765,2967482,0,1125260,0
09:06:48.015,79,52,30,19,120.4810104,22.4524765,2936147,0,1154431,0
09:06:48.180,79,52,28,19,120.4810104,22.4525051,2936147,0,1154431,0
09:06:48.214,78,52,28,19,120.4810104,22.4525051,2913447,0,1155579,0
09:06:48.312,78,52,28,19,120.4810104,22.4525051,2923283,0,1160173,0
09:06:48.411,78,51,28,19,120.4810104,22.4525051,2914429,0,1151420,0
09:06:48.510,79,52,28,19,120.4810104,22.4525051,2937601,0,1170236,0
09:06:48.648,79,52,26,19,120.4810104,22.4525394,2943119,0,1171869,0
09:06:48.713,79,52,26,19,120.4810104,22.4525394,2940412,0,1164083,0
09:06:48.810,80,53,26,19,120.4810104,22.4525394,2983549,0,1185741,0
09:06:48.908,80,52,26,19,120.4810104,22.4525394,2978773,0,1173297,0
09:06:49.002,80,52,24,19,120.4810104,22.4525623,2978773,0,1173297,0
09:06:49.102,79,52,24,19,120.4810104,22.4525623,2961029,0,1173359,0
09:06:49.202,79,52,24,19,120.4810104,22.4525623,2956487,0,1170350,0
09:06:49.302,80,52,24,19,120.4810104,22.4525623,2969948,0,1169799,0
09:06:49.428,80,52,22,18,120.4810104,22.4525871,2969948,0,1169799,0
09:06:49.510,79,52,22,18,120.4810104,22.4525871,2959049,0,1166310,0
09:06:49.609,79,52,22,18,120.4810104,22.4525871,2958042,0,1153970,0
09:06:49.707,80,52,22,18,120.4810104,22.4525871,2980392,0,1169985,0
09:06:49.813,80,52,20,17,120.4810104,22.4526081,2980392,0,1169985,0
09:06:49.911,81,51,20,17,120.4810104,22.4526081,3035886,0,1135234,0
09:06:50.010,82,51,20,17,120.4810104,22.4526081,3044090,0,1137058,0
09:06:50.108,82,51,20,17,120.4810104,22.4526081,3072142,0,1143143,0
09:06:50.211,83,50,18,17,120.4810104,22.4526253,3082831,0,1128855,0
09:06:50.310,83,50,18,17,120.4810104,22.4526253,3108617,0,1129412,0
09:06:50.408,83,51,18,17,120.4810104,22.4526253,3097752,0,1139634,0
09:06:50.507,83,52,18,17,120.4810104,22.4526253,3100333,0,1156366,0
09:06:50.614,83,52,17,17,120.4810104,22.4526443,3100333,0,1156366,0
09:06:50.712,81,52,17,17,120.4810104,22.4526443,3010289,0,1161301,0
09:06:50.811,79,53,17,17,120.4810104,22.4526443,2964345,0,1190769,0
09:06:50.910,79,54,17,17,120.4810104,22.4526443,2963645,0,1201832,0
09:06:51.018,79,54,16,18,120.4810104,22.4526615,2963645,0,1201832,0
09:06:51.116,79,53,16,18,120.4810104,22.4526615,2957764,0,1195147,0
09:06:51.205,79,54,16,18,120.4810104,22.4526615,2933080,0,1206132,0
09:06:51.305,78,55,16,18,120.4810104,22.4526615,2920313,0,1226464,0
09:06:51.405,78,55,14,18,120.4809952,22.4526787,2920313,0,1226464,0
09:06:51.503,78,55,14,18,120.4809952,22.4526787,2912664,0,1225090,0
09:06:51.602,78,55,14,18,120.4809952,22.4526787,2903411,0,1228009,0
09:06:51.702,77,56,14,18,120.4809952,22.4526787,2887179,0,1239061,0
09:06:51.812,77,56,13,18,120.4809952,22.4526920,2864531,0,1253687,0
09:06:51.911,77,56,13,18,120.4809952,22.4526920,2879437,0,1250842,0
09:06:52.010,77,56,13,18,120.4809952,22.4526920,2885886,0,1252761,0
09:06:52.108,77,56,13,18,120.4809952,22.4526920,2886473,0,1250292,0
09:06:52.230,77,56,11,18,120.4809952,22.4527035,2889248,0,1241986,0
09:06:52.307,77,56,11,18,120.4809952,22.4527035,2889248,0,1241986,0
09:06:52.406,77,57,11,18,120.4809952,22.4527035,2859406,0,1276575,0
09:06:52.511,76,57,11,18,120.4809952,22.4527035,2854829,0,1263742,0
09:06:52.612,77,57,9,18,120.4809952,22.4527149,2863355,0,1262200,0
09:06:52.712,77,57,9,18,120.4809952,22.4527149,2858556,0,1260275,0
09:06:52.810,77,56,9,18,120.4809952,22.4527149,2870564,0,1257252,0
09:06:53.022,77,56,8,18,120.4809952,22.4527245,2865752,0,1257632,0
09:06:53.105,77,57,8,18,120.4809952,22.4527245,2855867,0,1277525,0
09:06:53.203,76,58,8,18,120.4809952,22.4527245,2841263,0,1294600,0
09:06:53.302,76,58,8,18,120.4809952,22.4527245,2845089,0,1288034,0
09:06:53.426,76,58,6,18,120.4809952,22.4527321,2845089,0,1288034,0
09:06:53.509,76,57,6,18,120.4809952,22.4527321,2854916,0,1274820,0
09:06:53.607,77,57,6,18,120.4809952,22.4527321,2863493,0,1274011,0
09:06:53.706,77,58,6,18,120.4809952,22.4527321,2869455,0,1292479,0
09:06:53.822,77,58,4,18,120.4809952,22.4527378,2869455,0,1292479,0
09:06:53.906,77,59,4,18,120.4809952,22.4527378,2882589,0,1313500,0
09:06:54.004,77,60,4,18,120.4809952,22.4527378,2888953,0,1341466,0
09:06:54.102,78,61,4,18,120.4809952,22.4527378,2893265,0,1362302,0
09:06:54.240,78,61,2,17,120.4809952,22.4527416,2893265,0,1362302,0
09:06:54.306,78,63,2,17,120.4809952,22.4527416,2904129,0,1391995,0
09:06:54.406,78,64,2,17,120.4809952,22.4527416,2911089,0,1411520,0
09:06:54.505,82,62,2,17,120.4809952,22.4527416,3063666,0,1380139,0
09:06:54.613,82,62,0,18,120.4809952,22.4527416,3063666,0,1380139,0
09:06:54.711,87,59,0,18,120.4809952,22.4527416,3226796,0,1302203,0
09:06:54.810,87,58,0,18,120.4809952,22.4527416,3240676,0,1284228,0
09:06:54.908,88,57,0,18,120.4809952,22.4527416,3266267,0,1278953,0
09:06:55.016,88,57,1,18,120.4809952,22.4527416,3266267,0,1278953,0
09:06:55.115,88,56,1,18,120.4809952,22.4527416,3256783,0,1256077,0
09:06:55.213,88,55,1,18,120.4809952,22.4527416,3273484,0,1222076,0
09:06:55.311,88,54,1,18,120.4809952,22.4527416,3270834,0,1200937,0
09:06:55.415,88,53,1,18,120.4809952,22.4527416,3260435,0,1178979,0
09:06:55.513,88,53,1,18,120.4809952,22.4527416,3261553,0,1184245,0
09:06:55.611,88,54,1,18,120.4809952,22.4527416,3285877,0,1201279,0
09:06:55.710,88,55,1,18,120.4809952,22.4527416,3282982,0,1228270,0
09:06:55.818,88,55,2,18,120.4809952,22.4527416,3282982,0,1228270,0
09:06:55.916,88,56,2,18,120.4809952,22.4527416,3282338,0,1239254,0
09:06:56.015,89,55,2,18,120.4809952,22.4527416,3305526,0,1234809,0
09:06:56.113,89,55,2,18,120.4809952,22.4527416,3294025,0,1233628,0
09:06:56.273,89,55,2,19,120.4809952,22.4527397,3293302,0,1231877,0
09:06:56.306,89,55,2,19,120.4809952,22.4527397,3293302,0,1231877,0
09:06:56.405,89,55,2,19,120.4809952,22.4527397,3299611,0,1231744,0
09:06:56.503,88,55,2,19,120.4809952,22.4527397,3286598,0,1230331,0
09:06:56.608,89,55,2,18,120.4809952,22.4527397,3305812,0,1229258,0
09:06:56.706,88,55,2,18,120.4809952,22.4527397,3291896,0,1227049,0
09:06:56.806,89,55,2,18,120.4809952,22.4527397,3295921,0,1226290,0
09:06:56.978,89,55,2,18,120.4809952,22.4527378,3310262,0,1225722,0
09:06:57.011,89,55,2,18,120.4809952,22.4527378,3300345,0,1224197,0
09:06:57.110,88,55,2,18,120.4809952,22.4527378,3292763,0,1221882,0
09:06:57.208,88,54,2,18,120.4809952,22.4527378,3292994,0,1215550,0
09:06:57.316,89,54,2,18,120.4809952,22.4527378,3305646,0,1205817,0
09:06:57.414,89,54,2,18,120.4809952,22.4527359,3310156,0,1202961,0
09:06:57.502,88,54,2,18,120.4809952,22.4527359,3293017,0,1201664,0
09:06:57.602,89,54,2,18,120.4809952,22.4527359,3296411,0,1202693,0
09:06:57.811,88,54,2,16,120.4809952,22.4527340,3287080,0,1201461,0
09:06:57.909,88,54,2,16,120.4809952,22.4527340,3290788,0,1200335,0
09:06:58.007,89,54,2,16,120.4809952,22.4527340,3298408,0,1197764,0
09:06:58.192,89,53,2,15,120.4809952,22.4527340,3297462,0,1195695,0
09:06:58.221,89,53,2,15,120.4809952,22.4527340,3297462,0,1195695,0
09:06:58.303,89,53,2,15,120.4809952,22.4527340,3311485,0,1191552,0
09:06:58.402,89,53,2,15,120.4809952,22.4527340,3296746,0,1189519,0
09:06:58.502,88,53,2,15,120.4809952,22.4527340,3287866,0,1189818,0
09:06:58.602,89,53,0,15,120.4809875,22.4527340,3301807,0,1190312,0
09:06:58.702,89,53,0,15,120.4809875,22.4527340,3295812,0,1190324,0
09:06:58.802,89,53,0,15,120.4809875,22.4527340,3304907,0,1189397,0
09:06:58.987,88,53,1,15,120.4809875,22.4527321,3286467,0,1189159,0
09:06:59.005,88,53,1,15,120.4809875,22.4527321,3273126,0,1190050,0
09:06:59.105,89,53,1,15,120.4809875,22.4527321,3297338,0,1189713,0
09:06:59.203,88,53,1,15,120.4809875,22.4527321,3288681,0,1190784,0
09:06:59.363,89,53,1,14,120.4809875,22.4527321,3309874,0,1188427,0
09:06:59.412,89,53,1,14,120.4809875,22.4527321,3314233,0,1184572,0
09:06:59.511,89,53,1,14,120.4809875,22.4527321,3298786,0,1181004,0
09:06:59.610,88,53,1,14,120.4809875,22.4527321,3292608,0,1179998,0
09:06:59.788,89,53,1,15,120.4809875,22.4527321,3301626,0,1180288,0
09:06:59.805,89,53,1,15,120.4809875,22.4527321,3301626,0,1180288,0
09:06:59.903,89,53,1,15,120.4809875,22.4527321,3306278,0,1180199,0
09:07:00.002,89,53,1,15,120.4809875,22.4527321,3323910,0,1178769,0
09:07:00.102,90,53,1,15,120.4809875,22.4527321,3354046,0,1175386,0
09:07:00.259,90,52,1,15,120.4809875,22.4527302,3358243,0,1167858,0
09:07:00.310,90,52,1,15,120.4809875,22.4527302,3358243,0,1167858,0
09:07:00.409,93,52,1,15,120.4809875,22.4527302,3470182,0,1156856,0
09:07:00.576,95,51,0,16,120.4809875,22.4527302,3514387,0,1141162,0
09:07:00.610,95,51,0,16,120.4809875,22.4527302,3514387,0,1141162,0
09:07:00.709,94,50,0,16,120.4809875,22.4527302,3488164,0,1118766,0
09:07:00.809,94,50,0,16,120.4809875,22.4527302,3506778,0,1113276,0
09:07:00.996,95,49,3,16,120.4809875,22.4527321,3527187,0,1097021,0
09:07:01.013,95,49,3,16,120.4809875,22.4527321,3527187,0,1097021,0
09:07:01.111,95,49,3,16,120.4809875,22.4527321,3538280,0,1095252,0
09:07:01.210,96,49,3,16,120.4809875,22.4527321,3552395,0,1094039,0
09:07:01.309,96,49,3,16,120.4809875,22.4527321,3558775,0,1094439,0
09:07:01.431,96,49,6,16,120.4809875,22.4527359,3570678,0,1090252,0
09:07:01.515,96,48,6,16,120.4809875,22.4527359,3565897,0,1081455,0
09:07:01.615,96,48,6,16,120.4809875,22.4527359,3551909,0,1071407,0
09:07:01.715,96,48,6,16,120.4809875,22.4527359,3566603,0,1072192,0
09:07:01.803,97,47,8,16,120.4809875,22.4527416,3609913,0,1064228,0
09:07:01.902,96,47,8,16,120.4809875,22.4527416,3574296,0,1053004,0
09:07:02.002,97,47,8,16,120.4809875,22.4527416,3601593,0,1060023,0
09:07:02.102,95,47,8,16,120.4809875,22.4527416,3518256,0,1059594,0
09:07:02.246,94,47,12,18,120.4809875,22.4527550,3479019,0,1051193,0
09:07:02.312,94,47,12,18,120.4809875,22.4527550,3499248,0,1058330,0
09:07:02.411,94,46,12,18,120.4809875,22.4527550,3494755,0,1038408,0
09:07:02.501,94,46,12,18,120.4809875,22.4527550,3481443,0,1045187,0
09:07:02.633,94,46,15,18,120.4809875,22.4527740,3481443,0,1045187,0
09:07:02.715,92,47,15,18,120.4809875,22.4527740,3436687,0,1049170,0
09:07:02.814,93,47,15,18,120.4809875,22.4527740,3472323,0,1051049,0
09:07:02.915,93,47,15,18,120.4809875,22.4527740,3450207,0,1049721,0
09:07:03.022,92,47,18,18,120.4809875,22.4527931,3434356,0,1051567,0
09:07:03.105,93,47,18,18,120.4809875,22.4527931,3446655,0,1052386,0
09:07:03.202,93,47,18,18,120.4809875,22.4527931,3448795,0,1052026,0
09:07:03.302,93,47,18,18,120.4809875,22.4527931,3444518,0,1057074,0
09:07:03.422,93,47,20,19,120.4809875,22.4528141,3444518,0,1057074,0
09:07:03.505,93,47,20,19,120.4809875,22.4528141,3442877,0,1056431,0
09:07:03.603,92,47,20,19,120.4809875,22.4528141,3419529,0,1057794,0
09:07:03.701,92,47,20,19,120.4809875,22.4528141,3426865,0,1053771,0
09:07:03.805,92,47,21,19,120.4809875,22.4528389,3426865,0,1053771,0
09:07:03.903,92,47,21,19,120.4809875,22.4528389,3409244,0,1063440,0
09:07:04.002,91,47,21,19,120.4809875,22.4528389,3398356,0,1056686,0
09:07:04.102,91,47,21,19,120.4809875,22.4528389,3378478,0,1060538,0
09:07:04.240,91,47,23,18,120.4809723,22.4528637,3374101,0,1054643,0
09:07:04.305,91,47,23,18,120.4809723,22.4528637,3377654,0,1050758,0
09:07:04.403,91,47,23,18,120.4809723,22.4528637,3387236,0,1051129,0
09:07:04.567,91,47,25,18,120.4809723,22.4528942,3369450,0,1056451,0
09:07:04.601,91,47,25,18,120.4809723,22.4528942,3369450,0,1056451,0
09:07:04.702,91,46,25,18,120.4809723,22.4528942,3389479,0,1045499,0
09:07:04.802,91,47,25,18,120.4809723,22.4528942,3398942,0,1052097,0
09:07:04.902,91,47,25,18,120.4809723,22.4528942,3378961,0,1048077,0
09:07:05.057,90,46,27,18,120.4809723,22.4529247,3352062,0,1045792,0
09:07:05.107,90,46,27,18,120.4809723,22.4529247,3352062,0,1045792,0
09:07:05.206,92,46,27,18,120.4809723,22.4529247,3404607,0,1038597,0
09:07:05.306,91,47,27,18,120.4809723,22.4529247,3397635,0,1056969,0
09:07:05.413,91,47,29,19,120.4809723,22.4529552,3397635,0,1056969,0
09:07:05.510,92,47,29,19,120.4809723,22.4529552,3403197,0,1053439,0
09:07:05.609,93,47,29,19,120.4809723,22.4529552,3449861,0,1054352,0
09:07:05.707,95,46,29,19,120.4809723,22.4529552,3515909,0,1039596,0
09:07:05.833,95,46,31,19,120.4809570,22.4529877,3515909,0,1039596,0
09:07:05.916,95,46,31,19,120.4809570,22.4529877,3534661,0,1038157,0
09:07:06.014,95,46,31,19,120.4809570,22.4529877,3542868,0,1029149,0
09:07:06.114,96,45,31,19,120.4809570,22.4529877,3584917,0,1022097,0
09:07:06.241,98,47,34,19,120.4809570,22.4530201,3636602,0,1055727,0
09:07:06.307,99,47,34,19,120.4809570,22.4530201,3659985,0,1063884,0
09:07:06.406,98,46,34,19,120.4809570,22.4530201,3656570,0,1044089,0
09:07:06.511,98,46,34,19,120.4809570,22.4530201,3627302,0,1036852,0
09:07:06.611,98,46,39,19,120.4809570,22.4530602,3627302,0,1036852,0
09:07:06.710,100,48,39,19,120.4809570,22.4530602,3736374,0,1079245,0
09:07:06.808,100,48,39,19,120.4809570,22.4530602,3725354,0,1076373,0
09:07:06.906,100,47,39,19,120.4809570,22.4530602,3726140,0,1060563,0
09:07:07.024,100,47,44,19,120.4809570,22.4531040,3726140,0,1060563,0
09:07:07.106,100,47,44,19,120.4809570,22.4531040,3749899,0,1054539,0
09:07:07.205,100,46,44,19,120.4809570,22.4531040,3758846,0,1037504,0
09:07:07.303,100,46,44,19,120.4809570,22.4531040,3789773,0,1036705,0
09:07:07.427,100,46,50,19,120.4809494,22.4531536,3789773,0,1036705,0
09:07:07.510,100,47,50,19,120.4809494,22.4531536,3784962,0,1058291,0
09:07:07.609,100,46,50,19,120.4809494,22.4531536,3766719,0,1046757,0
09:07:07.707,100,46,50,19,120.4809494,22.4531536,3754216,0,1032661,0
09:07:07.815,100,46,56,19,120.4809494,22.4532108,3777674,0,1036830,0
09:07:07.916,100,49,56,19,120.4809494,22.4532108,3806251,0,1101337,0
09:07:08.014,100,48,56,19,120.4809494,22.4532108,3786197,0,1069222,0
09:07:08.112,100,45,56,19,120.4809494,22.4532108,3771904,0,1023019,0
09:07:08.262,100,46,63,19,120.4809494,22.4532738,3764885,0,1028278,0
09:07:08.312,100,46,63,19,120.4809494,22.4532738,3764885,0,1028278,0
09:07:08.410,100,45,63,19,120.4809494,22.4532738,3818435,0,1011946,0
09:07:08.509,100,45,63,19,120.4809494,22.4532738,3838950,0,1014179,0
09:07:08.610,100,45,71,19,120.4809494,22.4533443,3838950,0,1014179,0
09:07:08.708,100,46,71,19,120.4809494,22.4533443,3858827,0,1028707,0
09:07:08.806,100,46,71,19,120.4809494,22.4533443,3822181,0,1045909,0
09:07:08.905,100,48,71,19,120.4809494,22.4533443,3877327,0,1083988,0
09:07:09.063,100,47,78,18,120.4809341,22.4534187,3805995,0,1053444,0
09:07:09.113,100,47,78,18,120.4809341,22.4534187,3809592,0,1057812,0
09:07:09.211,100,47,78,18,120.4809341,22.4534187,3837515,0,1068649,0
09:07:09.316,100,47,78,18,120.4809341,22.4534187,3835819,0,1051956,0
09:07:09.431,100,47,86,19,120.4809341,22.4535065,3835819,0,1051956,0
09:07:09.513,100,44,86,19,120.4809341,22.4535065,3813745,0,996673,0
09:07:09.610,100,47,86,19,120.4809341,22.4535065,3934484,0,1053617,0
09:07:09.710,100,48,86,19,120.4809341,22.4535065,3861785,0,1081478,0
09:07:09.817,100,48,93,19,120.4809189,22.4535999,3861785,0,1081478,0
09:07:09.916,95,43,93,19,120.4809189,22.4535999,3520264,0,983373,0
09:07:10.014,88,50,93,19,120.4809189,22.4535999,3289629,0,1117911,0
09:07:10.112,76,47,93,19,120.4809189,22.4535999,2839936,0,1057389,0
09:07:10.238,76,47,101,19,120.4809189,22.4537010,2839936,0,1057389,0
09:07:10.303,79,48,101,19,120.4809189,22.4537010,2950181,0,1072082,0
09:07:10.401,78,46,101,19,120.4809189,22.4537010,2919410,0,1035966,0
09:07:10.516,80,48,101,19,120.4809189,22.4537010,2968153,0,1086484,0
09:07:10.621,80,49,98,19,120.4809113,22.4538040,2981741,0,1103796,0
09:07:10.703,75,49,98,19,120.4809113,22.4538040,2784616,0,1098875,0
09:07:10.801,75,54,98,19,120.4809113,22.4538040,2786944,0,1204051,0
09:07:10.985,74,58,95,19,120.4809113,22.4539032,2750003,0,1283849,0
09:07:11.001,74,58,95,19,120.4809113,22.4539032,2750003,0,1283849,0
09:07:11.101,67,54,95,19,120.4809113,22.4539032,2526181,0,1211365,0
09:07:11.201,74,60,95,19,120.4809113,22.4539032,2761356,0,1325668,0
09:07:11.316,72,59,95,19,120.4809113,22.4539032,2705677,0,1319341,0
09:07:11.411,72,59,90,19,120.4809113,22.4539986,2705677,0,1319341,0
09:07:11.515,77,59,90,19,120.4809113,22.4539986,2889055,0,1310951,0
09:07:11.615,72,62,90,19,120.4809113,22.4539986,2691419,0,1383264,0
09:07:11.816,63,63,85,19,120.4808960,22.4540901,2360882,0,1389347,0
09:07:11.916,59,66,85,19,120.4808960,22.4540901,2219006,0,1454924,0
09:07:12.014,56,65,85,19,120.4808960,22.4540901,2114302,0,1435028,0
09:07:12.113,65,67,85,19,120.4808960,22.4540901,2423917,0,1483276,0
09:07:12.278,64,66,80,19,120.4808960,22.4541740,2409733,0,1453864,0
09:07:12.311,64,66,80,19,120.4808960,22.4541740,2409733,0,1453864,0
09:07:12.410,66,63,80,19,120.4808960,22.4541740,2483212,0,1389153,0
09:07:12.509,68,62,80,19,120.4808960,22.4541740,2537913,0,1370815,0
09:07:12.607,71,61,80,19,120.4808960,22.4541740,2668197,0,1347728,0
09:07:12.733,71,61,72,19,120.4808960,22.4542713,2668197,0,1347728,0
09:07:12.814,73,57,72,19,120.4808960,22.4542713,2727483,0,1262363,0
09:07:12.912,75,56,72,19,120.4808960,22.4542713,2802376,0,1253767,0
09:07:13.011,75,56,72,19,120.4808960,22.4542713,2811943,0,1249412,0
09:07:13.141,74,53,67,19,120.4808807,22.4543400,2766332,0,1176130,0
09:07:13.208,76,52,67,19,120.4808807,22.4543400,2822395,0,1165957,0
09:07:13.306,76,52,67,19,120.4808807,22.4543400,2836896,0,1166416,0
09:07:13.406,76,51,67,19,120.4808807,22.4543400,2823399,0,1136386,0
09:07:13.518,76,51,62,19,120.4808807,22.4544048,2823399,0,1136386,0
09:07:13.613,76,48,62,19,120.4808807,22.4544048,2843098,0,1084195,0
09:07:13.711,75,45,62,19,120.4808807,22.4544048,2815368,0,1012672,0
09:07:13.810,76,44,62,19,120.4808807,22.4544048,2827383,0,995432,0
09:07:13.923,76,44,58,19,120.4808731,22.4544640,2827383,0,995432,0
09:07:14.005,79,46,58,19,120.4808731,22.4544640,2943991,0,1047272,0
09:07:14.105,80,45,58,19,120.4808731,22.4544640,2982055,0,1007634,0
09:07:14.206,81,43,58,19,120.4808731,22.4544640,3026959,0,963928,0
09:07:14.334,87,42,54,18,120.4808731,22.4545212,3227276,0,961068,0
09:07:14.416,92,44,54,18,120.4808731,22.4545212,3409596,0,1003842,0
09:07:14.514,91,44,54,18,120.4808731,22.4545212,3389216,0,999792,0
09:07:14.614,91,42,54,18,120.4808731,22.4545212,3377686,0,962554,0
09:07:14.708,91,42,54,19,120.4808426,22.4545765,3377686,0,962554,0
09:07:14.805,91,42,54,19,120.4808426,22.4545765,3381613,0,953271,0
09:07:14.903,91,42,54,19,120.4808426,22.4545765,3392166,0,948968,0
09:07:15.002,92,41,54,19,120.4808426,22.4545765,3411084,0,938970,0
09:07:15.126,92,41,56,19,120.4808350,22.4546299,3411084,0,938970,0
09:07:15.210,93,41,56,19,120.4808350,22.4546299,3440796,0,941371,0
09:07:15.307,94,42,56,19,120.4808350,22.4546299,3505195,0,942548,0
09:07:15.412,96,42,56,19,120.4808350,22.4546299,3563277,0,942015,0
09:07:15.552,96,42,60,18,120.4807968,22.4546871,3563277,0,942015,0
09:07:15.602,98,44,60,18,120.4807968,22.4546871,3642655,0,990029,0
09:07:15.701,98,44,60,18,120.4807968,22.4546871,3655782,0,997214,0
09:07:15.801,98,46,60,18,120.4807968,22.4546871,3638818,0,1037448,0
09:07:15.906,98,48,64,19,120.4807587,22.4547405,3657004,0,1070591,0
09:07:16.005,98,48,64,19,120.4807587,22.4547405,3651611,0,1089332,0
09:07:16.104,97,47,64,19,120.4807587,22.4547405,3600643,0,1062592,0
09:07:16.202,95,47,64,19,120.4807587,22.4547405,3535062,0,1063243,0
09:07:16.339,92,48,70,19,120.4807205,22.4547977,3417031,0,1073735,0
09:07:16.406,92,48,70,19,120.4807205,22.4547977,3417031,0,1073735,0
09:07:16.510,84,47,70,19,120.4807205,22.4547977,3130517,0,1058129,0
09:07:16.610,82,48,70,19,120.4807205,22.4547977,3051444,0,1087016,0
09:07:16.739,82,48,73,19,120.4806671,22.4548569,3051444,0,1087016,0
09:07:16.805,81,49,73,19,120.4806671,22.4548569,3020833,0,1095718,0
09:07:16.905,79,47,73,19,120.4806671,22.4548569,2955908,0,1064408,0
09:07:17.003,80,47,73,19,120.4806671,22.4548569,2970775,0,1054496,0
09:07:17.150,81,49,71,19,120.4806137,22.4549160,3014663,0,1095903,0
09:07:17.201,81,48,71,19,120.4806137,22.4549160,3004657,0,1084888,0
09:07:17.316,80,48,71,19,120.4806137,22.4549160,2987705,0,1079783,0
09:07:17.415,81,49,71,19,120.4806137,22.4549160,3022887,0,1092551,0
09:07:17.522,81,49,69,19,120.4805603,22.4549732,3022887,0,1092551,0
09:07:17.603,81,50,69,19,120.4805603,22.4549732,3032717,0,1121890,0
09:07:17.701,83,48,69,19,120.4805603,22.4549732,3098149,0,1074421,0
09:07:17.816,84,49,69,19,120.4805603,22.4549732,3127630,0,1093385,0
09:07:17.933,84,49,66,19,120.4805222,22.4550266,3127630,0,1093385,0
09:07:18.016,87,49,66,19,120.4805222,22.4550266,3231548,0,1108291,0
09:07:18.114,87,50,66,19,120.4805222,22.4550266,3230846,0,1115923,0
09:07:18.212,81,46,66,19,120.4805222,22.4550266,3006453,0,1041632,0
09:07:18.317,81,46,66,19,120.4804840,22.4550819,3006453,0,1041632,0
09:07:18.409,80,48,66,19,120.4804840,22.4550819,2967580,0,1086266,0
09:07:18.507,81,49,66,19,120.4804840,22.4550819,3007281,0,1095358,0
09:07:18.606,81,49,66,19,120.4804840,22.4550819,3027371,0,1091014,0
09:07:18.750,83,49,63,19,120.4804382,22.4551353,3084217,0,1103026,0
09:07:18.816,83,49,63,19,120.4804382,22.4551353,3084217,0,1103026,0
09:07:18.914,87,50,63,19,120.4804382,22.4551353,3236112,0,1117903,0
09:07:19.013,87,49,63,19,120.4804382,22.4551353,3237031,0,1110754,0
09:07:19.148,87,49,62,19,120.4804001,22.4551888,3237031,0,1110754,0
09:07:19.214,87,49,62,19,120.4804001,22.4551888,3252942,0,1100339,0
09:07:19.312,88,49,62,19,120.4804001,22.4551888,3263436,0,1107215,0
09:07:19.411,88,49,62,19,120.4804001,22.4551888,3283173,0,1108567,0
09:07:19.540,88,49,62,19,120.4803696,22.4552422,3283173,0,1108567,0
09:07:19.606,87,48,62,19,120.4803696,22.4552422,3253125,0,1069341,0
09:07:19.705,87,48,62,19,120.4803696,22.4552422,3255399,0,1081821,0
09:07:19.803,87,48,62,19,120.4803696,22.4552422,3247375,0,1072751,0
09:07:19.921,87,47,61,19,120.4803314,22.4552956,3230825,0,1055108,0
09:07:20.003,81,46,61,19,120.4803314,22.4552956,3023378,0,1040737,0
09:07:20.102,79,46,61,19,120.4803314,22.4552956,2942937,0,1038407,0
09:07:20.202,78,46,61,19,120.4803314,22.4552956,2925558,0,1035100,0
09:07:20.365,78,45,61,19,120.4802933,22.4553528,2905342,0,1006491,0
09:07:20.415,78,45,61,19,120.4802933,22.4553528,2905342,0,1006491,0
09:07:20.515,78,44,61,19,120.4802933,22.4553528,2895929,0,1001364,0
09:07:20.614,77,44,61,19,120.4802933,22.4553528,2890618,0,1003270,0
09:07:20.742,77,44,58,19,120.4802704,22.4554081,2890618,0,1003270,0
09:07:20.809,77,45,58,19,120.4802704,22.4554081,2882899,0,1006364,0
09:07:20.908,79,46,58,19,120.4802704,22.4554081,2936637,0,1037228,0
09:07:21.006,79,46,58,19,120.4802704,22.4554081,2954072,0,1036295,0
09:07:21.121,81,45,55,19,120.4802551,22.4554615,3031328,0,1013431,0
09:07:21.203,83,45,55,19,120.4802551,22.4554615,3108319,0,1008411,0
09:07:21.315,85,45,55,19,120.4802551,22.4554615,3150431,0,1021321,0
09:07:21.413,86,46,55,19,120.4802551,22.4554615,3215777,0,1030097,0
09:07:21.525,86,46,55,19,120.4802322,22.4555187,3215777,0,1030097,0
09:07:21.607,87,45,55,19,120.4802322,22.4555187,3230786,0,1009639,0
09:07:21.706,86,43,55,19,120.4802322,22.4555187,3219358,0,965752,0
09:07:21.805,86,43,55,19,120.4802322,22.4555187,3215038,0,979625,0
09:07:21.918,86,43,56,19,120.4802322,22.4555759,3215038,0,979625,0
09:07:22.016,86,45,56,19,120.4802322,22.4555759,3211288,0,1016670,0
09:07:22.114,86,45,56,19,120.4802322,22.4555759,3216963,0,1007557,0
09:07:22.212,87,45,56,19,120.4802322,22.4555759,3224632,0,1009969,0
09:07:22.335,87,46,56,19,120.4802322,22.4556351,3246592,0,1038824,0
09:07:22.402,88,47,56,19,120.4802322,22.4556351,3269491,0,1054793,0
09:07:22.501,88,48,56,19,120.4802322,22.4556351,3280870,0,1069157,0
09:07:22.615,88,48,56,19,120.4802322,22.4556351,3262086,0,1079797,0
09:07:22.719,88,48,56,19,120.4802322,22.4556904,3262086,0,1079797,0
09:07:22.802,88,48,56,19,120.4802322,22.4556904,3275104,0,1075438,0
09:07:22.900,87,48,56,19,120.4802322,22.4556904,3240695,0,1073406,0
09:07:23.016,87,48,56,19,120.4802322,22.4556904,3248309,0,1083868,0
09:07:23.139,87,48,57,19,120.4802399,22.4557495,3248309,0,1083868,0
09:07:23.206,86,48,57,19,120.4802399,22.4557495,3216031,0,1089898,0
09:07:23.305,85,48,57,19,120.4802399,22.4557495,3178859,0,1078444,0
09:07:23.402,84,49,57,19,120.4802399,22.4557495,3122680,0,1097997,0
09:07:23.512,84,49,56,19,120.4802551,22.4558067,3122680,0,1097997,0
09:07:23.610,81,46,56,19,120.4802551,22.4558067,3025342,0,1043612,0
09:07:23.709,80,46,56,19,120.4802551,22.4558067,3000710,0,1030698,0
09:07:23.809,80,45,56,19,120.4802551,22.4558067,2968647,0,1022351,0
09:07:23.923,80,45,54,19,120.4802704,22.4558620,2968647,0,1022351,0
09:07:24.005,80,47,54,19,120.4802704,22.4558620,2979770,0,1062604,0
09:07:24.104,80,48,54,19,120.4802704,22.4558620,2971143,0,1070924,0
09:07:24.203,80,47,54,19,120.4802704,22.4558620,2971978,0,1068615,0
09:07:24.343,80,49,52,19,120.4802780,22.4559155,2966762,0,1090716,0
09:07:24.409,80,47,52,19,120.4802780,22.4559155,2966676,0,1064414,0
09:07:24.507,80,48,52,19,120.4802780,22.4559155,2997810,0,1068771,0
09:07:24.606,81,47,52,19,120.4802780,22.4559155,3011901,0,1061901,0
09:07:24.720,81,47,50,19,120.4803085,22.4559631,3011901,0,1061901,0
09:07:24.803,82,48,50,19,120.4803085,22.4559631,3049543,0,1069139,0
09:07:24.902,83,48,50,19,120.4803085,22.4559631,3088458,0,1069046,0
09:07:25.002,83,46,50,19,120.4803085,22.4559631,3090012,0,1046219,0
09:07:25.162,83,46,48,19,120.4803238,22.4560089,3090012,0,1046219,0
09:07:25.211,83,47,48,19,120.4803238,22.4560089,3097468,0,1060150,0
09:07:25.309,84,47,48,19,120.4803238,22.4560089,3112041,0,1057645,0
09:07:25.409,84,47,48,19,120.4803238,22.4560089,3111493,0,1053485,0
09:07:25.533,84,47,48,18,120.4803619,22.4560509,3128976,0,1051176,0
09:07:25.614,85,48,48,18,120.4803619,22.4560509,3169602,0,1070444,0
09:07:25.713,85,47,48,18,120.4803619,22.4560509,3160827,0,1068623,0
09:07:25.810,85,47,48,18,120.4803619,22.4560509,3172420,0,1064514,0
09:07:25.911,85,47,49,19,120.4803848,22.4560909,3172420,0,1064514,0
09:07:26.009,86,49,49,19,120.4803848,22.4560909,3196078,0,1093373,0
09:07:26.108,86,48,49,19,120.4803848,22.4560909,3210613,0,1079728,0
09:07:26.206,86,48,49,19,120.4803848,22.4560909,3203821,0,1081116,0
09:07:26.349,86,48,49,19,120.4804230,22.4561272,3210365,0,1084215,0
09:07:26.415,86,48,49,19,120.4804230,22.4561272,3210365,0,1084215,0
09:07:26.504,87,48,49,19,120.4804230,22.4561272,3222471,0,1087189,0
09:07:26.601,86,47,49,19,120.4804230,22.4561272,3207103,0,1064682,0
09:07:26.728,86,47,49,19,120.4804611,22.4561615,3207103,0,1064682,0
09:07:26.809,86,46,49,19,120.4804611,22.4561615,3207749,0,1034869,0
09:07:26.908,86,47,49,19,120.4804611,22.4561615,3216094,0,1061878,0
09:07:27.006,86,48,49,19,120.4804611,22.4561615,3214979,0,1081214,0
09:07:27.152,86,48,49,19,120.4804993,22.4561958,3214692,0,1080412,0
09:07:27.202,86,48,49,19,120.4804993,22.4561958,3197432,0,1081467,0
09:07:27.305,86,47,49,19,120.4804993,22.4561958,3191129,0,1066553,0
09:07:27.403,86,47,49,19,120.4804993,22.4561958,3190217,0,1065898,0
09:07:27.530,86,47,48,19,120.4805374,22.4562244,3190217,0,1065898,0
09:07:27.613,87,49,48,19,120.4805374,22.4562244,3226458,0,1090091,0
09:07:27.710,86,49,48,19,120.4805374,22.4562244,3218017,0,1091303,0
09:07:27.809,86,46,48,19,120.4805374,22.4562244,3215952,0,1043970,0
09:07:27.901,86,46,48,19,120.4805756,22.4562511,3215952,0,1043970,0
09:07:28.012,87,49,48,19,120.4805756,22.4562511,3229291,0,1107020,0
09:07:28.110,87,49,48,19,120.4805756,22.4562511,3238028,0,1102825,0
09:07:28.209,86,48,48,19,120.4805756,22.4562511,3217677,0,1081234,0
09:07:28.358,86,47,48,19,120.4806137,22.4562759,3192779,0,1064746,0
09:07:28.407,86,48,48,19,120.4806137,22.4562759,3205510,0,1076718,0
09:07:28.506,86,48,48,19,120.4806137,22.4562759,3200459,0,1087784,0
09:07:28.606,86,48,48,19,120.4806137,22.4562759,3208879,0,1070516,0
09:07:28.757,86,48,47,19,120.4806671,22.4562969,3208879,0,1070516,0
09:07:28.807,85,47,47,19,120.4806671,22.4562969,3171918,0,1048185,0
09:07:28.905,85,46,47,19,120.4806671,22.4562969,3149182,0,1032497,0
09:07:29.005,85,46,47,19,120.4806671,22.4562969,3159519,0,1027065,0
09:07:29.158,85,46,46,19,120.4807053,22.4563160,3155124,0,1031261,0
09:07:29.208,85,46,46,19,120.4807053,22.4563160,3161505,0,1047140,0
09:07:29.306,86,47,46,19,120.4807053,22.4563160,3183733,0,1048803,0
09:07:29.405,85,46,46,19,120.4807053,22.4563160,3175632,0,1044568,0
09:07:29.505,83,48,46,19,120.4807053,22.4563160,3093547,0,1078399,0
09:07:29.635,83,48,45,19,120.4807663,22.4563332,3093547,0,1078399,0
09:07:29.701,83,48,45,19,120.4807663,22.4563332,3074112,0,1082832,0
09:07:29.815,83,47,45,19,120.4807663,22.4563332,3082018,0,1068122,0
09:07:29.915,82,48,45,19,120.4807663,22.4563332,3069709,0,1086832,0
09:07:30.080,83,48,43,19,120.4808044,22.4563446,3083678,0,1088758,0
09:07:30.114,83,48,43,19,120.4808044,22.4563446,3083678,0,1088758,0
09:07:30.213,83,49,43,19,120.4808044,22.4563446,3082861,0,1094485,0
09:07:30.310,83,49,43,19,120.4808044,22.4563446,3080827,0,1092363,0
09:07:30.418,83,49,42,19,120.4808578,22.4563522,3080827,0,1092363,0
09:07:30.515,83,49,42,19,120.4808578,22.4563522,3088032,0,1098222,0
09:07:30.615,83,49,42,19,120.4808578,22.4563522,3087171,0,1097416,0
09:07:30.714,83,49,42,19,120.4808578,22.4563522,3085544,0,1094095,0
09:07:30.822,83,49,40,19,120.4808960,22.4563560,3085544,0,1094095,0
09:07:30.905,87,48,40,19,120.4808960,22.4563560,3244053,0,1086532,0
09:07:31.004,89,47,40,19,120.4808960,22.4563560,3307397,0,1064885,0
09:07:31.103,90,47,40,19,120.4808960,22.4563560,3360531,0,1062682,0
09:07:31.245,92,48,39,19,120.4809494,22.4563580,3418028,0,1070463,0
09:07:31.310,94,48,39,19,120.4809494,22.4563580,3496686,0,1089881,0
09:07:31.409,96,48,39,19,120.4809494,22.4563580,3557641,0,1088638,0
09:07:31.516,96,48,39,19,120.4809494,22.4563580,3563830,0,1079967,0
09:07:31.640,96,48,42,19,120.4809875,22.4563580,3563830,0,1079967,0
09:07:31.704,96,47,42,19,120.4809875,22.4563580,3570767,0,1066677,0
09:07:31.803,98,48,42,19,120.4809875,22.4563580,3623805,0,1074788,0
09:07:31.902,99,47,42,19,120.4809875,22.4563580,3674968,0,1062413,0
09:07:32.000,99,47,47,19,120.4810333,22.4563541,3674968,0,1062413,0
09:07:32.115,100,47,47,19,120.4810333,22.4563541,3694892,0,1067159,0
09:07:32.215,100,47,47,19,120.4810333,22.4563541,3703446,0,1060598,0
09:07:32.313,100,48,47,19,120.4810333,22.4563541,3714382,0,1085581,0
09:07:32.420,100,48,53,19,120.4810867,22.4563465,3714382,0,1085581,0
09:07:32.503,100,48,53,19,120.4810867,22.4563465,3700813,0,1084488,0
09:07:32.601,100,46,53,19,120.4810867,22.4563465,3699298,0,1038036,0
09:07:32.716,99,45,53,19,120.4810867,22.4563465,3689558,0,1006211,0
09:07:32.825,99,45,59,19,120.4811554,22.4563313,3689558,0,1006211,0
09:07:32.907,100,47,59,19,120.4811554,22.4563313,3767167,0,1048888,0
09:07:33.005,100,49,59,19,120.4811554,22.4563313,3814101,0,1090134,0
09:07:33.103,100,48,59,19,120.4811554,22.4563313,3742665,0,1069054,0
09:07:33.202,100,48,65,19,120.4812164,22.4563141,3742665,0,1069054,0
09:07:33.313,100,49,65,19,120.4812164,22.4563141,3852129,0,1105350,0
09:07:33.410,100,46,65,19,120.4812164,22.4563141,3759127,0,1041521,0
09:07:33.509,100,44,65,19,120.4812164,22.4563141,3775039,0,998209,0
09:07:33.602,100,44,72,19,120.4812775,22.4562912,3775039,0,998209,0
09:07:33.713,100,47,72,19,120.4812775,22.4562912,3800766,0,1054687,0
09:07:33.810,100,48,72,19,120.4812775,22.4562912,3786968,0,1082405,0
09:07:33.909,100,48,72,19,120.4812775,22.4562912,3840075,0,1082031,0
09:07:34.031,100,48,79,19,120.4813538,22.4562626,3840075,0,1082031,0
09:07:34.114,100,51,79,19,120.4813538,22.4562626,3894642,0,1133268,0
09:07:34.213,100,49,79,19,120.4813538,22.4562626,3808296,0,1105508,0
09:07:34.310,100,48,79,19,120.4813538,22.4562626,3802160,0,1089327,0
09:07:34.412,100,48,86,19,120.4814453,22.4562302,3802160,0,1089327,0
09:07:34.510,100,50,86,19,120.4814453,22.4562302,3837443,0,1132080,0
09:07:34.609,100,48,86,19,120.4814453,22.4562302,3841841,0,1086825,0
09:07:34.709,100,47,86,19,120.4814453,22.4562302,3872619,0,1063124,0
09:07:34.833,100,46,94,19,120.4815369,22.4561939,3840936,0,1040345,0
09:07:34.914,100,48,94,19,120.4815369,22.4561939,3860844,0,1089717,0
09:07:35.014,100,46,94,19,120.4815369,22.4561939,3890773,0,1043668,0
09:07:35.114,100,46,94,19,120.4815369,22.4561939,3863401,0,1031000,0
09:07:35.242,100,50,102,19,120.4816284,22.4561539,3892645,0,1126242,0
09:07:35.308,100,50,102,19,120.4816284,22.4561539,3892645,0,1126242,0
09:07:35.406,100,42,102,19,120.4816284,22.4561539,3892702,0,957141,0
09:07:35.505,100,47,102,19,120.4816284,22.4561539,3706599,0,1049941,0
09:07:35.623,100,47,112,19,120.4817429,22.4561157,3706599,0,1049941,0
09:07:35.706,100,45,112,19,120.4817429,22.4561157,3800730,0,1019283,0
09:07:35.805,100,43,112,19,120.4817429,22.4561157,3844930,0,967430,0
09:07:35.903,100,46,112,19,120.4817429,22.4561157,3894417,0,1031466,0
09:07:36.033,100,46,118,19,120.4818573,22.4560738,3894417,0,1031466,0
09:07:36.114,100,46,118,19,120.4818573,22.4560738,3899003,0,1045331,0
09:07:36.211,100,45,118,19,120.4818573,22.4560738,3866625,0,1011528,0
09:07:36.310,100,45,118,19,120.4818573,22.4560738,3947387,0,1006762,0
09:07:36.404,100,45,125,19,120.4819870,22.4560356,3947387,0,1006762,0
09:07:36.510,100,46,125,19,120.4819870,22.4560356,3948267,0,1027267,0
09:07:36.608,100,45,125,19,120.4819870,22.4560356,3912503,0,1020891,0
09:07:36.706,100,45,125,19,120.4819870,22.4560356,3895159,0,1018889,0
09:07:36.803,100,47,134,19,120.4821091,22.4559956,3948384,0,1062658,0
09:07:36.914,100,46,134,19,120.4821091,22.4559956,3753357,0,1033360,0
09:07:37.014,90,46,134,19,120.4821091,22.4559956,3346619,0,1034801,0
09:07:37.110,84,47,134,19,120.4821091,22.4559956,3114532,0,1056247,0
09:07:37.221,84,47,142,19,120.4822540,22.4559555,3114532,0,1056247,0
09:07:37.302,82,50,142,19,120.4822540,22.4559555,3038760,0,1111974,0
09:07:37.401,79,51,142,19,120.4822540,22.4559555,2953196,0,1134514,0
09:07:37.515,70,52,142,19,120.4822540,22.4559555,2632349,0,1173703,0
09:07:37.623,70,52,140,19,120.4824066,22.4559155,2632349,0,1173703,0
09:07:37.706,65,58,140,19,120.4824066,22.4559155,2430831,0,1298396,0
09:07:37.803,63,67,140,19,120.4824066,22.4559155,2362515,0,1477773,0
09:07:37.901,59,69,140,19,120.4824066,22.4559155,2209409,0,1533790,0
09:07:38.045,59,69,135,19,120.4825439,22.4558792,2209409,0,1533790,0
09:07:38.111,57,68,135,19,120.4825439,22.4558792,2149424,0,1507218,0
09:07:38.210,57,68,135,19,120.4825439,22.4558792,2155261,0,1497966,0
09:07:38.306,58,67,135,19,120.4825439,22.4558792,2177998,0,1487664,0
09:07:38.486,59,68,128,19,120.4826889,22.4558411,2210927,0,1502466,0
09:07:38.504,59,68,128,19,120.4826889,22.4558411,2210927,0,1502466,0
09:07:38.602,62,69,128,19,120.4826889,22.4558411,2320406,0,1534106,0
09:07:38.701,63,67,128,19,120.4826889,22.4558411,2344505,0,1490286,0
09:07:38.845,64,66,121,19,120.4828186,22.4558067,2399120,0,1471434,0
09:07:38.911,66,62,121,19,120.4828186,22.4558067,2462880,0,1365744,0
09:07:39.001,69,61,121,19,120.4828186,22.4558067,2578252,0,1350226,0
09:07:39.115,72,61,121,19,120.4828186,22.4558067,2675061,0,1353220,0
09:07:39.266,72,59,115,19,120.4829330,22.4557705,2683122,0,1311062,0
09:07:39.315,72,59,115,19,120.4829330,22.4557705,2683122,0,1311062,0
09:07:39.414,72,54,115,19,120.4829330,22.4557705,2674728,0,1214376,0
09:07:39.510,72,52,115,19,120.4829330,22.4557705,2704479,0,1168014,0
09:07:39.616,72,52,110,19,120.4830475,22.4557381,2704479,0,1168014,0
09:07:39.714,76,53,110,19,120.4830475,22.4557381,2819581,0,1194858,0
09:07:39.813,77,54,110,19,120.4830475,22.4557381,2879626,0,1202368,0
09:07:39.910,76,52,110,19,120.4830475,22.4557381,2830193,0,1160290,0
09:07:40.010,75,50,105,19,120.4831467,22.4557018,2817949,0,1122769,0
09:07:40.105,76,50,105,19,120.4831467,22.4557018,2848301,0,1111344,0
09:07:40.202,77,50,105,19,120.4831467,22.4557018,2858648,0,1118717,0
09:07:40.300,77,51,105,19,120.4831467,22.4557018,2889824,0,1144335,0
09:07:40.411,77,49,101,19,120.4832535,22.4556637,2875071,0,1107116,0
09:07:40.510,76,44,101,19,120.4832535,22.4556637,2839620,0,1004459,0
09:07:40.609,78,47,101,19,120.4832535,22.4556637,2927075,0,1054040,0
09:07:40.708,78,47,101,19,120.4832535,22.4556637,2917829,0,1057953,0
09:07:40.838,78,47,97,18,120.4833527,22.4556236,2917829,0,1057953,0
09:07:40.902,77,44,97,18,120.4833527,22.4556236,2866228,0,998739,0
09:07:41.001,77,43,97,18,120.4833527,22.4556236,2859650,0,979492,0
09:07:41.101,76,42,97,18,120.4833527,22.4556236,2818789,0,943827,0
09:07:41.236,75,40,94,18,120.4834442,22.4555817,2790661,0,914689,0
09:07:41.302,73,40,94,18,120.4834442,22.4555817,2730673,0,911005,0
09:07:41.401,71,36,94,18,120.4834442,22.4555817,2650821,0,822378,0
09:07:41.506,72,36,94,18,120.4834442,22.4555817,2684053,0,824363,0
09:07:41.632,72,36,90,18,120.4835358,22.4555321,2684053,0,824363,0
09:07:41.714,71,37,90,18,120.4835358,22.4555321,2658787,0,838366,0
09:07:41.812,70,34,90,18,120.4835358,22.4555321,2624584,0,773930,0
09:07:41.910,71,36,90,18,120.4835358,22.4555321,2659185,0,815030,0
09:07:42.077,71,36,87,18,120.4836121,22.4554806,2659185,0,815030,0
09:07:42.110,71,35,87,18,120.4836121,22.4554806,2652702,0,804501,0
09:07:42.209,71,35,87,18,120.4836121,22.4554806,2649508,0,811457,0
09:07:42.308,72,34,87,18,120.4836121,22.4554806,2676708,0,773440,0
09:07:42.406,77,35,83,19,120.4836731,22.4554214,2866812,0,796118,0
09:07:42.505,79,34,83,19,120.4836731,22.4554214,2949050,0,783934,0
09:07:42.605,80,32,83,19,120.4836731,22.4554214,2976008,0,741268,0
09:07:42.705,81,32,83,19,120.4836731,22.4554214,3001628,0,749518,0
09:07:42.812,81,33,81,19,120.4837265,22.4553604,3021637,0,756817,0
09:07:42.910,82,35,81,19,120.4837265,22.4553604,3046361,0,802129,0
09:07:43.008,81,35,81,19,120.4837265,22.4553604,3012714,0,801411,0
09:07:43.105,79,32,81,19,120.4837265,22.4553604,2955529,0,743950,0
09:07:43.279,79,32,82,19,120.4837723,22.4552917,2954508,0,730870,0
09:07:43.312,79,32,82,19,120.4837723,22.4552917,2954508,0,730870,0
09:07:43.410,81,35,82,19,120.4837723,22.4552917,3001578,0,803666,0
09:07:43.508,79,33,82,19,120.4837723,22.4552917,2948559,0,770459,0
09:07:43.622,79,33,81,19,120.4838181,22.4552174,2948559,0,770459,0
09:07:43.705,78,32,81,19,120.4838181,22.4552174,2919315,0,748918,0
09:07:43.802,79,33,81,19,120.4838181,22.4552174,2938489,0,757007,0
09:07:43.901,80,35,81,19,120.4838181,22.4552174,2986073,0,800211,0
09:07:44.058,80,34,81,19,120.4838562,22.4551411,2971003,0,789966,0
09:07:44.106,79,33,81,19,120.4838562,22.4551411,2936483,0,767336,0
09:07:44.205,79,34,81,19,120.4838562,22.4551411,2929125,0,786184,0
09:07:44.302,77,32,81,19,120.4838562,22.4551411,2879233,0,750118,0
09:07:44.412,77,32,81,19,120.4838638,22.4550629,2879233,0,750118,0
09:07:44.510,77,32,81,19,120.4838638,22.4550629,2882272,0,750220,0
09:07:44.606,77,31,81,19,120.4838638,22.4550629,2861744,0,728506,0
09:07:44.704,77,31,81,19,120.4838638,22.4550629,2858637,0,714130,0
09:07:44.808,77,31,81,19,120.4838791,22.4549828,2858637,0,714130,0
09:07:44.905,76,31,81,19,120.4838791,22.4549828,2818870,0,718693,0
09:07:45.010,76,32,81,19,120.4838791,22.4549828,2842360,0,746836,0
09:07:45.109,75,33,81,19,120.4838791,22.4549828,2805913,0,751194,0
09:07:45.212,75,33,80,19,120.4838791,22.4549026,2805913,0,751194,0
09:07:45.310,76,33,80,19,120.4838791,22.4549026,2846392,0,769728,0
09:07:45.409,77,37,80,19,120.4838791,22.4549026,2864902,0,835904,0
09:07:45.507,76,36,80,19,120.4838791,22.4549026,2844406,0,820885,0
09:07:45.654,76,36,78,19,120.4838638,22.4548264,2844406,0,820885,0
09:07:45.705,76,34,78,19,120.4838638,22.4548264,2822797,0,792026,0
09:07:45.802,76,35,78,19,120.4838638,22.4548264,2823429,0,799522,0
09:07:45.901,75,35,78,19,120.4838638,22.4548264,2810946,0,799697,0
09:07:46.024,76,34,76,19,120.4838409,22.4547520,2826513,0,792344,0
09:07:46.106,74,34,76,19,120.4838409,22.4547520,2767951,0,775714,0
09:07:46.205,75,31,76,19,120.4838409,22.4547520,2782693,0,721460,0
09:07:46.302,77,32,76,19,120.4838409,22.4547520,2871178,0,730623,0
09:07:46.405,77,32,75,19,120.4838028,22.4546833,2871178,0,730623,0
09:07:46.509,80,29,75,19,120.4838028,22.4546833,2972277,0,683976,0
09:07:46.606,80,27,75,19,120.4838028,22.4546833,2970289,0,626607,0
09:07:46.705,83,29,75,19,120.4838028,22.4546833,3095677,0,682579,0
09:07:46.825,83,29,75,19,120.4837646,22.4546185,3095677,0,682579,0
09:07:46.907,83,28,75,19,120.4837646,22.4546185,3099067,0,664497,0
09:07:47.005,86,29,75,19,120.4837646,22.4546185,3187050,0,667127,0
09:07:47.105,86,29,75,19,120.4837646,22.4546185,3198362,0,685449,0
09:07:47.225,86,29,77,19,120.4837112,22.4545593,3198362,0,685449,0
09:07:47.308,87,30,77,19,120.4837112,22.4545593,3221967,0,689473,0
09:07:47.405,87,29,77,19,120.4837112,22.4545593,3220581,0,674082,0
09:07:47.505,88,30,77,19,120.4837112,22.4545593,3261188,0,698784,0
09:07:47.610,88,30,80,19,120.4836502,22.4545097,3261188,0,698784,0
09:07:47.709,88,30,80,19,120.4836502,22.4545097,3279563,0,700003,0
09:07:47.807,90,32,80,19,120.4836502,22.4545097,3338758,0,742341,0
09:07:47.906,90,32,80,19,120.4836502,22.4545097,3347133,0,740687,0
09:07:48.098,90,32,83,19,120.4835739,22.4544601,3347133,0,740687,0
09:07:48.115,91,31,83,19,120.4835739,22.4544601,3374758,0,725035,0
09:07:48.212,92,32,83,19,120.4835739,22.4544601,3431093,0,746539,0
09:07:48.310,97,37,83,19,120.4835739,22.4544601,3610732,0,842594,0
09:07:48.424,97,37,87,19,120.4834976,22.4544201,3610732,0,842594,0
09:07:48.506,98,46,87,19,120.4834976,22.4544201,3622139,0,1041430,0
09:07:48.604,96,41,87,19,120.4834976,22.4544201,3575374,0,936209,0
09:07:48.703,98,43,87,19,120.4834976,22.4544201,3645065,0,973190,0
09:07:48.831,98,43,92,19,120.4834061,22.4543877,3645065,0,973190,0
09:07:48.914,96,41,92,19,120.4834061,22.4543877,3572360,0,928715,0
09:07:49.013,97,42,92,19,120.4834061,22.4543877,3588524,0,945371,0
09:07:49.110,93,42,92,19,120.4834061,22.4543877,3453438,0,944313,0
09:07:49.275,93,42,96,19,120.4832993,22.4543571,3453438,0,944313,0
09:07:49.309,92,40,96,19,120.4832993,22.4543571,3428119,0,905452,0
09:07:49.408,91,39,96,19,120.4832993,22.4543571,3402284,0,894034,0
09:07:49.505,92,39,96,19,120.4832993,22.4543571,3413331,0,885427,0
09:07:49.618,92,39,100,19,120.4832001,22.4543304,3413331,0,885427,0
09:07:49.715,89,37,100,19,120.4832001,22.4543304,3325389,0,840233,0
09:07:49.814,89,36,100,19,120.4832001,22.4543304,3317258,0,823065,0
09:07:49.914,89,37,100,19,120.4832001,22.4543304,3316095,0,837533,0
09:07:50.010,89,37,102,19,120.4831009,22.4543114,3316095,0,837533,0
09:07:50.109,89,36,102,19,120.4831009,22.4543114,3298587,0,831888,0
09:07:50.209,88,36,102,19,120.4831009,22.4543114,3291191,0,815351,0
09:07:50.306,88,35,102,19,120.4831009,22.4543114,3284875,0,796818,0
09:07:50.460,88,35,104,19,120.4829788,22.4542999,3284875,0,796818,0
09:07:50.509,88,34,104,19,120.4829788,22.4542999,3277606,0,786095,0
09:07:50.606,85,32,104,19,120.4829788,22.4542999,3164898,0,742289,0
09:07:50.705,83,32,104,19,120.4829788,22.4542999,3084695,0,733749,0
09:07:50.830,83,34,106,19,120.4828644,22.4542961,3074239,0,788680,0
09:07:50.912,77,29,106,19,120.4828644,22.4542961,2883331,0,681441,0
09:07:51.001,78,30,106,19,120.4828644,22.4542961,2902600,0,698062,0
09:07:51.100,82,37,106,19,120.4828644,22.4542961,3065666,0,854148,0
09:07:51.223,83,37,106,19,120.4827499,22.4543018,3086099,0,852799,0
09:07:51.305,78,24,106,19,120.4827499,22.4543018,2899025,0,575278,0
09:07:51.402,80,29,106,19,120.4827499,22.4543018,2980976,0,682402,0
09:07:51.580,80,30,106,19,120.4826508,22.4543190,2993554,0,705119,0
09:07:51.612,80,30,106,19,120.4826508,22.4543190,2993554,0,705119,0
09:07:51.710,76,34,106,19,120.4826508,22.4543190,2844107,0,782523,0
09:07:51.807,72,34,106,19,120.4826508,22.4543190,2702837,0,773740,0
09:07:51.969,70,31,106,19,120.4825363,22.4543419,2610126,0,717046,0
09:07:52.004,70,31,106,19,120.4825363,22.4543419,2610126,0,717046,0
09:07:52.101,65,26,106,19,120.4825363,22.4543419,2446542,0,623097,0
09:07:52.215,68,27,106,19,120.4825363,22.4543419,2545997,0,643469,0
09:07:52.401,72,33,102,18,120.4824219,22.4543762,2693771,0,751058,0
09:07:52.515,82,40,102,18,120.4824219,22.4543762,3070563,0,901824,0
09:07:52.612,85,40,102,18,120.4824219,22.4543762,3150199,0,910128,0
09:07:52.799,86,40,99,18,120.4823303,22.4544163,3204280,0,908150,0
09:07:52.816,86,40,99,18,120.4823303,22.4544163,3204280,0,908150,0
09:07:52.914,87,36,99,18,120.4823303,22.4544163,3229881,0,821431,0
09:07:53.012,89,37,99,18,120.4823303,22.4544163,3304501,0,836233,0
09:07:53.110,70,26,99,18,120.4823303,22.4544163,2606158,0,615667,0
09:07:53.221,70,26,100,18,120.4822388,22.4544621,2606158,0,615667,0
09:07:53.304,75,33,100,18,120.4822388,22.4544621,2793904,0,753943,0
09:07:53.402,79,44,100,18,120.4822388,22.4544621,2955261,0,993033,0
09:07:53.501,78,44,100,18,120.4822388,22.4544621,2897613,0,993886,0
09:07:53.625,74,44,98,17,120.4821472,22.4545193,2780198,0,1004948,0
09:07:53.706,72,54,98,17,120.4821472,22.4545193,2685885,0,1197464,0
09:07:53.804,69,56,98,17,120.4821472,22.4545193,2567388,0,1248144,0
09:07:53.902,66,59,98,17,120.4821472,22.4545193,2474925,0,1308206,0
09:07:54.010,66,59,95,17,120.4820709,22.4545784,2474925,0,1308206,0
09:07:54.109,66,60,95,17,120.4820709,22.4545784,2478201,0,1324426,0
09:07:54.206,70,62,95,17,120.4820709,22.4545784,2600584,0,1377949,0
09:07:54.305,69,64,95,17,120.4820709,22.4545784,2597723,0,1419274,0
09:07:54.412,69,64,90,18,120.4819946,22.4546375,2597723,0,1419274,0
09:07:54.510,64,61,90,18,120.4819946,22.4546375,2399276,0,1345715,0
09:07:54.609,65,61,90,18,120.4819946,22.4546375,2418242,0,1344718,0
09:07:54.709,64,64,90,18,120.4819946,22.4546375,2407260,0,1411982,0
09:07:54.811,64,64,85,17,120.4819336,22.4546967,2407260,0,1411982,0
09:07:54.910,61,64,85,17,120.4819336,22.4546967,2299075,0,1418670,0
09:07:55.009,61,64,85,17,120.4819336,22.4546967,2301483,0,1419194,0
09:07:55.107,62,66,85,17,120.4819336,22.4546967,2330533,0,1456340,0
09:07:55.235,62,66,79,17,120.4818726,22.4547520,2330533,0,1456340,0
09:07:55.301,63,68,79,17,120.4818726,22.4547520,2345326,0,1503745,0
09:07:55.415,62,68,79,17,120.4818726,22.4547520,2319381,0,1510217,0
09:07:55.514,60,68,79,17,120.4818726,22.4547520,2267037,0,1501606,0
09:07:55.625,59,68,73,18,120.4818192,22.4547997,2205293,0,1494285,0
09:07:55.706,57,69,73,18,120.4818192,22.4547997,2148369,0,1530837,0
09:07:55.805,55,68,73,18,120.4818192,22.4547997,2066712,0,1512600,0
09:07:55.902,54,66,73,18,120.4818192,22.4547997,2022279,0,1463501,0
09:07:56.017,54,66,67,17,120.4817505,22.4548435,2022279,0,1463501,0
09:07:56.115,53,63,67,17,120.4817505,22.4548435,2010483,0,1395106,0
09:07:56.214,53,62,67,17,120.4817505,22.4548435,1998629,0,1381221,0
09:07:56.314,52,60,67,17,120.4817505,22.4548435,1969601,0,1342095,0
09:07:56.446,52,60,60,18,120.4817047,22.4548798,1969601,0,1342095,0
09:07:56.505,54,59,60,18,120.4817047,22.4548798,2040088,0,1302921,0
09:07:56.602,60,55,60,18,120.4817047,22.4548798,2268378,0,1233998,0
09:07:56.701,67,52,60,18,120.4817047,22.4548798,2512637,0,1173602,0
09:07:56.800,69,49,53,19,120.4816513,22.4549065,2598884,0,1108885,0
09:07:56.900,67,44,53,19,120.4816513,22.4549065,2503074,0,990483,0
09:07:57.006,65,37,53,19,120.4816513,22.4549065,2432589,0,850855,0
09:07:57.105,67,34,53,19,120.4816513,22.4549065,2506687,0,791172,0
09:07:57.229,67,34,49,19,120.4815979,22.4549255,2506687,0,791172,0
09:07:57.311,68,35,49,19,120.4815979,22.4549255,2559002,0,795310,0
09:07:57.410,71,36,49,19,120.4815979,22.4549255,2647050,0,830934,0
09:07:57.508,71,40,49,19,120.4815979,22.4549255,2661981,0,905550,0
09:07:57.660,68,38,44,19,120.4815521,22.4549332,2559927,0,871224,0
09:07:57.710,68,38,44,19,120.4815521,22.4549332,2559927,0,871224,0
09:07:57.806,73,32,44,19,120.4815521,22.4549332,2719970,0,747873,0
09:07:57.906,77,33,44,19,120.4815521,22.4549332,2873865,0,763009,0
09:07:58.014,77,33,41,19,120.4815140,22.4549313,2873865,0,763009,0
09:07:58.112,80,32,41,19,120.4815140,22.4549313,3000844,0,745505,0
09:07:58.210,82,33,41,19,120.4815140,22.4549313,3053888,0,762684,0
09:07:58.309,83,35,41,19,120.4815140,22.4549313,3075563,0,805506,0
09:07:58.414,83,35,41,19,120.4814606,22.4549179,3075563,0,805506,0
09:07:58.511,80,29,41,19,120.4814606,22.4549179,2998090,0,677787,0
09:07:58.610,82,31,41,19,120.4814606,22.4549179,3049931,0,711592,0
09:07:58.709,83,33,41,19,120.4814606,22.4549179,3104246,0,762498,0
09:07:58.860,80,33,43,19,120.4814224,22.4548969,2992991,0,752148,0
09:07:58.909,82,27,43,19,120.4814224,22.4548969,3042879,0,636723,0
09:07:59.006,86,34,43,19,120.4814224,22.4548969,3212453,0,773420,0
09:07:59.105,88,37,43,19,120.4814224,22.4548969,3282649,0,844758,0
09:07:59.248,89,37,45,19,120.4813843,22.4548664,3299876,0,838120,0
09:07:59.314,89,37,45,19,120.4813843,22.4548664,3299876,0,838120,0
09:07:59.412,87,34,45,19,120.4813843,22.4548664,3231557,0,779359,0
09:07:59.510,87,32,45,19,120.4813843,22.4548664,3236178,0,730378,0
09:07:59.609,87,32,49,19,120.4813538,22.4548264,3236178,0,730378,0
09:07:59.706,91,35,49,19,120.4813538,22.4548264,3368531,0,802186,0
09:07:59.805,90,35,49,19,120.4813538,22.4548264,3364486,0,806154,0
09:07:59.904,90,33,49,19,120.4813538,22.4548264,3350800,0,750665,0
09:08:00.111,92,34,54,19,120.4813309,22.4547768,3438828,0,774515,0
09:08:00.209,96,34,54,19,120.4813309,22.4547768,3563475,0,787434,0
09:08:00.308,98,36,54,19,120.4813309,22.4547768,3637886,0,825684,0
09:08:00.405,100,37,54,19,120.4813309,22.4547768,3724855,0,855471,0
09:08:00.543,100,37,61,19,120.4813156,22.4547043,3724855,0,855471,0
09:08:00.607,100,40,61,19,120.4813156,22.4547043,3752116,0,903291,0
09:08:00.705,100,43,61,19,120.4813156,22.4547043,3827356,0,981070,0
09:08:00.805,100,46,61,19,120.4813156,22.4547043,3828534,0,1030946,0
09:08:00.949,100,46,69,19,120.4813156,22.4546375,3920736,0,1041829,0
09:08:01.000,100,46,69,19,120.4813156,22.4546375,3920736,0,1041829,0
09:08:01.115,100,48,69,19,120.4813156,22.4546375,3897237,0,1086371,0
09:08:01.214,100,48,69,19,120.4813156,22.4546375,3926902,0,1087112,0
09:08:01.362,100,49,78,19,120.4813156,22.4545631,3890693,0,1100544,0
09:08:01.411,100,49,78,19,120.4813156,22.4545631,3890693,0,1100544,0
09:08:01.500,100,46,78,19,120.4813156,22.4545631,3874584,0,1028064,0
09:08:01.615,100,48,78,19,120.4813156,22.4545631,3937583,0,1085797,0
09:08:01.714,100,48,78,19,120.4813156,22.4545631,3951380,0,1082466,0
09:08:01.814,100,48,89,19,120.4813309,22.4544601,3951380,0,1082466,0
09:08:01.914,100,49,89,19,120.4813309,22.4544601,3967661,0,1101043,0
09:08:02.014,100,49,89,19,120.4813309,22.4544601,4111122,0,1103118,0
09:08:02.113,100,51,89,19,120.4813309,22.4544601,4064555,0,1135071,0
09:08:02.265,100,44,99,19,120.4813309,22.4543629,3999895,0,1002926,0
09:08:02.315,100,44,99,19,120.4813309,22.4543629,3999895,0,1002926,0
09:08:02.414,100,48,99,19,120.4813309,22.4543629,3961910,0,1085216,0
09:08:02.514,100,47,99,19,120.4813309,22.4543629,3965669,0,1051246,0
09:08:02.614,100,47,99,19,120.4813309,22.4543629,3959226,0,1066333,0
09:08:02.777,100,49,112,19,120.4813461,22.4542313,3983652,0,1094855,0
09:08:02.810,100,49,112,19,120.4813461,22.4542313,3983652,0,1094855,0
09:08:02.909,100,50,112,19,120.4813461,22.4542313,3943695,0,1111763,0
09:08:03.006,100,51,112,19,120.4813461,22.4542313,3994481,0,1141809,0
09:08:03.131,100,50,123,19,120.4813461,22.4541111,3985102,0,1113350,0
09:08:03.214,100,50,123,19,120.4813461,22.4541111,3908296,0,1129164,0
09:08:03.314,100,51,123,19,120.4813461,22.4541111,3826372,0,1137135,0
09:08:03.415,93,47,123,19,120.4813461,22.4541111,3458863,0,1068496,0
09:08:03.511,93,47,132,19,120.4813538,22.4539814,3458863,0,1068496,0
09:08:03.610,80,48,132,19,120.4813538,22.4539814,2968874,0,1080920,0
09:08:03.709,76,46,132,19,120.4813538,22.4539814,2832170,0,1044759,0
09:08:03.806,78,48,132,19,120.4813538,22.4539814,2898685,0,1082133,0
09:08:03.919,78,48,133,19,120.4813538,22.4538441,2898685,0,1082133,0
09:08:04.000,77,49,133,19,120.4813538,22.4538441,2876568,0,1092081,0
09:08:04.115,78,52,133,19,120.4813538,22.4538441,2898083,0,1160471,0
09:08:04.214,74,51,133,19,120.4813538,22.4538441,2745574,0,1138621,0
09:08:04.341,74,51,130,19,120.4813690,22.4537106,2745574,0,1138621,0
09:08:04.406,69,56,130,19,120.4813690,22.4537106,2582032,0,1259648,0
09:08:04.505,65,59,130,19,120.4813690,22.4537106,2423960,0,1311363,0
09:08:04.602,62,60,130,19,120.4813690,22.4537106,2330661,0,1340100,0
09:08:04.726,61,62,125,19,120.4813690,22.4535828,2304653,0,1384353,0
09:08:04.809,58,63,125,19,120.4813690,22.4535828,2172489,0,1391089,0
09:08:04.909,59,65,125,19,120.4813690,22.4535828,2230698,0,1438077,0
09:08:05.006,61,68,125,19,120.4813690,22.4535828,2276734,0,1509605,0
09:08:05.154,59,68,119,19,120.4813690,22.4534607,2227110,0,1503745,0
09:08:05.204,59,68,119,19,120.4813690,22.4534607,2227110,0,1503745,0
09:08:05.302,59,69,119,19,120.4813690,22.4534607,2215689,0,1521019,0
09:08:05.400,56,71,119,19,120.4813690,22.4534607,2106953,0,1565615,0
09:08:05.508,56,71,112,19,120.4813843,22.4533463,2106953,0,1565615,0
09:08:05.606,55,72,112,19,120.4813843,22.4533463,2064688,0,1589735,0
09:08:05.706,55,72,112,19,120.4813843,22.4533463,2059051,0,1586048,0
09:08:05.900,59,70,104,19,120.4813843,22.4532394,2224947,0,1536977,0
09:08:06.015,60,67,104,19,120.4813843,22.4532394,2261414,0,1474596,0
09:08:06.114,61,65,104,19,120.4813843,22.4532394,2271357,0,1433429,0
09:08:06.213,60,65,104,19,120.4813843,22.4532394,2257283,0,1445556,0
09:08:06.360,57,49,97,19,120.4813843,22.4531403,2147437,0,1100813,0
09:08:06.410,66,53,97,19,120.4813843,22.4531403,2453558,0,1192984,0
09:08:06.515,64,53,97,19,120.4813843,22.4531403,2387341,0,1180181,0
09:08:06.614,65,51,97,19,120.4813843,22.4531403,2421880,0,1148208,0
09:08:06.709,65,51,91,19,120.4813919,22.4530487,2421880,0,1148208,0
09:08:06.808,66,50,91,19,120.4813919,22.4530487,2485250,0,1118007,0
09:08:06.905,68,50,91,19,120.4813919,22.4530487,2532335,0,1119749,0
09:08:07.002,69,50,91,19,120.4813919,22.4530487,2573880,0,1124773,0
09:08:07.127,69,50,85,19,120.4814072,22.4529610,2573880,0,1124773,0
09:08:07.210,67,49,85,19,120.4814072,22.4529610,2515492,0,1109654,0
09:08:07.309,63,47,85,19,120.4814072,22.4529610,2361429,0,1052797,0
09:08:07.409,65,46,85,19,120.4814072,22.4529610,2439726,0,1036800,0
09:08:07.535,65,46,80,19,120.4814224,22.4528809,2439726,0,1036800,0
09:08:07.602,65,40,80,19,120.4814224,22.4528809,2440710,0,904191,0
09:08:07.700,69,39,80,19,120.4814224,22.4528809,2595624,0,897854,0
09:08:07.815,68,40,80,19,120.4814224,22.4528809,2558050,0,902922,0
09:08:07.926,68,40,74,19,120.4814453,22.4528065,2558050,0,902922,0
09:08:08.009,66,36,74,19,120.4814453,22.4528065,2479467,0,817230,0
09:08:08.107,65,34,74,19,120.4814453,22.4528065,2443953,0,783559,0
09:08:08.205,65,32,74,19,120.4814453,22.4528065,2425374,0,735635,0
09:08:08.402,65,32,70,19,120.4814835,22.4527416,2425374,0,735635,0
09:08:08.500,68,34,70,19,120.4814835,22.4527416,2562691,0,788279,0
09:08:08.615,71,32,70,19,120.4814835,22.4527416,2658024,0,733032,0
09:08:08.722,71,32,66,19,120.4815216,22.4526844,2658024,0,733032,0
09:08:08.805,75,31,66,19,120.4815216,22.4526844,2804483,0,728227,0
09:08:08.902,77,31,66,19,120.4815216,22.4526844,2856223,0,713825,0
09:08:09.000,79,30,66,19,120.4815216,22.4526844,2945179,0,696540,0
09:08:09.142,82,30,65,19,120.4815750,22.4526367,3058098,0,694146,0
09:08:09.215,84,33,65,19,120.4815750,22.4526367,3129572,0,753135,0
09:08:09.314,82,29,65,19,120.4815750,22.4526367,3057862,0,682470,0
09:08:09.414,82,27,65,19,120.4815750,22.4526367,3055687,0,623839,0
09:08:09.520,82,27,68,19,120.4816360,22.4525986,3055687,0,623839,0
09:08:09.601,86,29,68,19,120.4816360,22.4525986,3202668,0,677371,0
09:08:09.715,87,31,68,19,120.4816360,22.4525986,3236722,0,720078,0
09:08:09.842,89,32,71,18,120.4817047,22.4525661,3325772,0,750495,0
09:08:09.911,89,32,71,18,120.4817047,22.4525661,3325772,0,750495,0
09:08:10.010,87,31,71,18,120.4817047,22.4525661,3238856,0,712651,0
09:08:10.110,92,32,71,18,120.4817047,22.4525661,3434348,0,741007,0
09:08:10.210,93,33,71,18,120.4817047,22.4525661,3443552,0,751008,0
09:08:10.338,93,33,74,19,120.4817810,22.4525433,3443552,0,751008,0
09:08:10.405,94,32,74,19,120.4817810,22.4525433,3490101,0,746630,0
09:08:10.502,96,34,74,19,120.4817810,22.4525433,3571237,0,779490,0
09:08:10.601,98,35,74,19,120.4817810,22.4525433,3623997,0,814014,0
09:08:10.721,99,37,80,19,120.4818573,22.4525318,3670791,0,843254,0
09:08:10.802,100,37,80,19,120.4818573,22.4525318,3789323,0,837922,0
09:08:10.901,100,40,80,19,120.4818573,22.4525318,3814933,0,909207,0
09:08:11.086,100,41,87,19,120.4819489,22.4525242,3851453,0,934931,0
09:08:11.119,100,41,87,19,120.4819489,22.4525242,3798838,0,931449,0
09:08:11.202,100,46,87,19,120.4819489,22.4525242,3904756,0,1034468,0
09:08:11.301,100,47,87,19,120.4819489,22.4525242,3871183,0,1057927,0
09:08:11.415,100,47,87,19,120.4819489,22.4525242,3947709,0,1059342,0
09:08:11.549,100,47,97,19,120.4820480,22.4525280,3916324,0,1056763,0
09:08:11.615,100,47,97,19,120.4820480,22.4525280,3916324,0,1056763,0
09:08:11.714,100,47,97,19,120.4820480,22.4525280,3948889,0,1052692,0
09:08:11.897,100,46,106,19,120.4821625,22.4525337,3923429,0,1036851,0
09:08:11.914,100,46,106,19,120.4821625,22.4525337,3923429,0,1036851,0
09:08:12.014,99,49,106,19,120.4821625,22.4525337,3687721,0,1103589,0
09:08:12.114,85,47,106,19,120.4821625,22.4525337,3170324,0,1063580,0
09:08:12.212,78,49,106,19,120.4821625,22.4525337,2911230,0,1097450,0
09:08:12.375,78,49,115,19,120.4822769,22.4525433,2911230,0,1097450,0
09:08:12.409,77,49,115,19,120.4822769,22.4525433,2855550,0,1106553,0
09:08:12.507,74,59,115,19,120.4822769,22.4525433,2757403,0,1307104,0
09:08:12.605,65,62,115,19,120.4822769,22.4525433,2429252,0,1377319,0
09:08:12.711,57,67,112,19,120.4824066,22.4525547,2150842,0,1487798,0
09:08:12.810,52,69,112,19,120.4824066,22.4525547,1948884,0,1520031,0
09:08:12.910,51,69,112,19,120.4824066,22.4525547,1926460,0,1524589,0
09:08:13.010,52,68,112,19,120.4824066,22.4525547,1963419,0,1511450,0
09:08:13.182,53,70,106,19,120.4825211,22.4525623,2012563,0,1537142,0
09:08:13.215,53,70,106,19,120.4825211,22.4525623,2012563,0,1537142,0
09:08:13.314,55,76,106,19,120.4825211,22.4525623,2059146,0,1674141,0
09:08:13.414,52,76,106,19,120.4825211,22.4525623,1974348,0,1667769,0
09:08:13.520,52,76,98,19,120.4826355,22.4525719,1974348,0,1667769,0
09:08:13.602,53,76,98,19,120.4826355,22.4525719,1985259,0,1675110,0
09:08:13.701,53,76,98,19,120.4826355,22.4525719,2010551,0,1681598,0
09:08:13.815,53,75,98,19,120.4826355,22.4525719,1994581,0,1661873,0
09:08:13.926,54,74,90,19,120.4827423,22.4525776,2021886,0,1627382,0
09:08:14.009,56,75,90,19,120.4827423,22.4525776,2099906,0,1646292,0
09:08:14.107,55,74,90,19,120.4827423,22.4525776,2085231,0,1638353,0
09:08:14.205,55,74,90,19,120.4827423,22.4525776,2052490,0,1630695,0
09:08:14.350,54,75,82,19,120.4828262,22.4525814,2027612,0,1645983,0
09:08:14.400,54,75,82,19,120.4828262,22.4525814,2027612,0,1645983,0
09:08:14.501,55,77,82,19,120.4828262,22.4525814,2054697,0,1685644,0
09:08:14.614,56,74,82,19,120.4828262,22.4525814,2114084,0,1635604,0
09:08:14.705,56,74,74,19,120.4829025,22.4525814,2114084,0,1635604,0
09:08:14.805,58,64,74,19,120.4829025,22.4525814,2162652,0,1426313,0
09:08:14.902,64,61,74,19,120.4829025,22.4525814,2410410,0,1358483,0
09:08:15.001,66,63,74,19,120.4829025,22.4525814,2457779,0,1405108,0
09:08:15.135,66,63,67,19,120.4829788,22.4525795,2457779,0,1405108,0
09:08:15.202,63,62,67,19,120.4829788,22.4525795,2351006,0,1381910,0
09:08:15.300,63,60,67,19,120.4829788,22.4525795,2375106,0,1338890,0
09:08:15.415,63,59,67,19,120.4829788,22.4525795,2361896,0,1312894,0
09:08:15.524,60,57,62,19,120.4830627,22.4525719,2264242,0,1269612,0
09:08:15.606,58,56,62,19,120.4830627,22.4525719,2190549,0,1241193,0
09:08:15.705,58,56,62,19,120.4830627,22.4525719,2173811,0,1242081,0
09:08:15.802,56,55,62,19,120.4830627,22.4525719,2101266,0,1228700,0
09:08:15.924,56,55,56,19,120.4831238,22.4525604,2101266,0,1228700,0
09:08:16.006,55,54,56,19,120.4831238,22.4525604,2080526,0,1197788,0
09:08:16.105,58,50,56,19,120.4831238,22.4525604,2187466,0,1119156,0
09:08:16.202,65,49,56,19,120.4831238,22.4525604,2438494,0,1100512,0
09:08:16.322,65,49,50,19,120.4831772,22.4525433,2438494,0,1100512,0
09:08:16.405,67,45,50,19,120.4831772,22.4525433,2509146,0,1014709,0
09:08:16.510,67,39,50,19,120.4831772,22.4525433,2491386,0,891854,0
09:08:16.609,67,37,50,19,120.4831772,22.4525433,2491636,0,846332,0
09:08:16.714,67,37,47,19,120.4832230,22.4525166,2491636,0,846332,0
09:08:16.814,67,39,47,19,120.4832230,22.4525166,2516991,0,878873,0
09:08:16.911,67,37,47,19,120.4832230,22.4525166,2515971,0,835948,0
09:08:17.010,68,37,47,19,120.4832230,22.4525166,2528453,0,838210,0
09:08:17.141,68,37,43,19,120.4832611,22.4524860,2528453,0,838210,0
09:08:17.208,68,36,43,19,120.4832611,22.4524860,2536737,0,821202,0
09:08:17.306,67,36,43,19,120.4832611,22.4524860,2509659,0,823261,0
09:08:17.441,66,36,40,19,120.4832916,22.4524517,2483032,0,825647,0
09:08:17.506,65,34,40,19,120.4832916,22.4524517,2442055,0,776489,0
09:08:17.605,65,33,40,19,120.4832916,22.4524517,2428181,0,759504,0
09:08:17.702,65,34,40,19,120.4832916,22.4524517,2449889,0,778332,0
09:08:17.800,67,36,40,19,120.4832916,22.4524517,2514442,0,821472,0
09:08:17.951,67,36,37,19,120.4832993,22.4524136,2514442,0,821472,0
09:08:18.000,67,36,37,19,120.4832993,22.4524136,2514442,0,821472,0
09:08:18.114,71,31,37,19,120.4832993,22.4524136,2659491,0,718588,0
09:08:18.212,72,31,37,19,120.4832993,22.4524136,2693784,0,710462,0
09:08:18.335,72,31,36,19,120.4832993,22.4523735,2693784,0,710462,0
09:08:18.402,75,30,36,19,120.4832993,22.4523735,2816707,0,701055,0
09:08:18.501,83,32,36,19,120.4832993,22.4523735,3091272,0,745029,0
09:08:18.614,85,33,36,19,120.4832993,22.4523735,3158185,0,750741,0
09:08:18.745,85,33,38,19,120.4832993,22.4523373,3158185,0,750741,0
09:08:18.810,87,33,38,19,120.4832993,22.4523373,3243554,0,766292,0
09:08:18.910,89,35,38,19,120.4832993,22.4523373,3327436,0,793901,0
09:08:19.010,90,34,38,19,120.4832993,22.4523373,3341091,0,773640,0
09:08:19.142,91,34,43,19,120.4832764,22.4523029,3382318,0,776525,0
09:08:19.207,93,35,43,19,120.4832764,22.4523029,3458016,0,804785,0
09:08:19.306,92,35,43,19,120.4832764,22.4523029,3430315,0,796407,0
09:08:19.405,92,34,43,19,120.4832764,22.4523029,3406387,0,785433,0
09:08:19.550,93,34,49,19,120.4832382,22.4522686,3440714,0,772751,0
09:08:19.615,93,34,49,19,120.4832382,22.4522686,3440714,0,772751,0
09:08:19.714,94,34,49,19,120.4832382,22.4522686,3506540,0,781844,0
09:08:19.814,96,34,49,19,120.4832382,22.4522686,3554123,0,790509,0
09:08:19.920,96,34,55,19,120.4831848,22.4522400,3554123,0,790509,0
09:08:20.002,99,36,55,19,120.4831848,22.4522400,3670218,0,834880,0
09:08:20.101,99,37,55,19,120.4831848,22.4522400,3685882,0,855437,0
09:08:20.215,100,39,55,19,120.4831848,22.4522400,3711912,0,882636,0
09:08:20.340,100,39,62,19,120.4831390,22.4522152,3711912,0,882636,0
09:08:20.406,99,39,62,19,120.4831390,22.4522152,3690938,0,888239,0
09:08:20.505,100,39,62,19,120.4831390,22.4522152,3724873,0,886826,0
09:08:20.605,100,40,62,19,120.4831390,22.4522152,3737827,0,910966,0
09:08:20.729,100,40,70,19,120.4830627,22.4521961,3754857,0,906308,0
09:08:20.811,100,41,70,19,120.4830627,22.4521961,3752050,0,939326,0
09:08:20.910,100,43,70,19,120.4830627,22.4521961,3804698,0,966207,0
09:08:21.010,100,43,70,19,120.4830627,22.4521961,3840900,0,967395,0
09:08:21.106,100,43,79,19,120.4829788,22.4521809,3840900,0,967395,0
09:08:21.205,100,41,79,19,120.4829788,22.4521809,3795792,0,924935,0
09:08:21.305,100,43,79,19,120.4829788,22.4521809,3795590,0,983331,0
09:08:21.402,100,43,79,19,120.4829788,22.4521809,3840100,0,976262,0
09:08:21.510,100,43,88,19,120.4828949,22.4521732,3840100,0,976262,0
09:08:21.614,100,41,88,19,120.4828949,22.4521732,3817437,0,928939,0
09:08:21.714,100,42,88,19,120.4828949,22.4521732,3826955,0,957754,0
09:08:21.811,100,43,88,19,120.4828949,22.4521732,3860793,0,971845,0
09:08:21.922,100,43,97,19,120.4827881,22.4521694,3860793,0,971845,0
09:08:22.005,89,47,97,19,120.4827881,22.4521694,3298534,0,1061673,0
09:08:22.102,82,48,97,19,120.4827881,22.4521694,3068093,0,1088238,0
09:08:22.201,80,49,97,19,120.4827881,22.4521694,2996238,0,1104198,0
09:08:22.369,79,47,105,19,120.4826889,22.4521732,2937143,0,1060180,0
09:08:22.402,79,47,105,19,120.4826889,22.4521732,2937143,0,1060180,0
09:08:22.501,81,51,105,19,120.4826889,22.4521732,3012898,0,1132704,0
09:08:22.676,81,51,102,19,120.4825745,22.4521790,3004418,0,1141824,0
09:08:22.706,81,51,102,19,120.4825745,22.4521790,3004418,0,1141824,0
09:08:22.805,76,47,102,19,120.4825745,22.4521790,2823996,0,1054292,0
09:08:22.902,75,52,102,19,120.4825745,22.4521790,2812660,0,1156301,0
09:08:23.001,73,54,102,19,120.4825745,22.4521790,2714809,0,1213312,0
09:08:23.125,73,54,99,19,120.4824677,22.4521866,2714809,0,1213312,0
09:08:23.206,71,57,99,19,120.4824677,22.4521866,2661869,0,1265221,0
09:08:23.305,70,59,99,19,120.4824677,22.4521866,2619397,0,1317201,0
09:08:23.405,66,57,99,19,120.4824677,22.4521866,2480671,0,1276654,0
09:08:23.527,66,57,94,19,120.4823685,22.4521961,2480671,0,1276654,0
09:08:23.610,68,60,94,19,120.4823685,22.4521961,2540329,0,1328987,0
09:08:23.710,66,61,94,19,120.4823685,22.4521961,2456489,0,1345180,0
09:08:23.899,64,59,89,19,120.4822693,22.4521999,2386748,0,1322376,0
09:08:23.916,64,60,89,19,120.4822693,22.4521999,2409651,0,1341541,0
09:08:24.015,64,62,89,19,120.4822693,22.4521999,2408366,0,1382170,0
09:08:24.114,62,62,89,19,120.4822693,22.4521999,2337034,0,1380372,0
09:08:24.211,60,62,89,19,120.4822693,22.4521999,2248266,0,1376420,0
09:08:24.334,59,63,83,19,120.4821777,22.4522038,2207897,0,1406984,0
09:08:24.401,59,63,83,19,120.4821777,22.4522038,2207897,0,1406984,0
09:08:24.515,56,67,83,19,120.4821777,22.4522038,2117430,0,1478225,0
09:08:24.614,56,66,83,19,120.4821777,22.4522038,2101580,0,1464475,0
09:08:24.719,56,66,76,19,120.4820862,22.4522018,2101580,0,1464475,0
09:08:24.801,56,65,76,19,120.4820862,22.4522018,2105414,0,1439107,0
09:08:24.915,57,63,76,19,120.4820862,22.4522018,2150095,0,1389845,0
09:08:25.014,58,63,76,19,120.4820862,22.4522018,2184798,0,1394018,0
09:08:25.106,58,63,69,19,120.4820099,22.4521961,2184798,0,1394018,0
09:08:25.202,56,62,69,19,120.4820099,22.4521961,2109707,0,1386426,0
09:08:25.301,56,64,69,19,120.4820099,22.4521961,2121087,0,1416848,0
09:08:25.485,53,64,63,19,120.4819489,22.4521866,1991389,0,1412560,0
09:08:25.518,53,64,63,19,120.4819489,22.4521866,1991389,0,1412560,0
09:08:25.601,51,61,63,19,120.4819489,22.4521866,1922516,0,1351434,0
09:08:25.715,52,62,63,19,120.4819489,22.4521866,1970216,0,1368830,0
09:08:25.814,53,62,63,19,120.4819489,22.4521866,1992167,0,1378547,0
09:08:25.911,54,59,55,19,120.4818802,22.4521732,2037017,0,1310378,0
09:08:26.010,64,53,55,19,120.4818802,22.4521732,2412611,0,1175565,0
09:08:26.110,67,49,55,19,120.4818802,22.4521732,2519946,0,1105351,0
09:08:26.206,67,45,55,19,120.4818802,22.4521732,2510495,0,1009076,0
09:08:26.341,66,39,49,19,120.4818268,22.4521542,2489775,0,894494,0
09:08:26.406,67,39,49,19,120.4818268,22.4521542,2507219,0,880429,0
09:08:26.511,65,36,49,19,120.4818268,22.4521542,2452376,0,834244,0
09:08:26.610,64,35,49,19,120.4818268,22.4521542,2414689,0,802750,0
09:08:26.719,64,35,45,19,120.4817886,22.4521275,2414689,0,802750,0
09:08:26.801,65,34,45,19,120.4817886,22.4521275,2439336,0,771890,0
09:08:26.915,65,33,45,19,120.4817886,22.4521275,2441042,0,758832,0
09:08:27.010,66,32,45,19,120.4817886,22.4521275,2455311,0,745199,0
09:08:27.134,66,32,42,19,120.4817505,22.4520969,2455311,0,745199,0
09:08:27.201,68,33,42,19,120.4817505,22.4520969,2544048,0,766610,0
09:08:27.314,72,32,42,19,120.4817505,22.4520969,2691465,0,736361,0
09:08:27.414,74,32,42,19,120.4817505,22.4520969,2779733,0,741365,0
09:08:27.520,75,32,39,19,120.4817276,22.4520607,2814044,0,740942,0
09:08:27.602,76,33,39,19,120.4817276,22.4520607,2843295,0,751980,0
09:08:27.700,76,31,39,19,120.4817276,22.4520607,2850525,0,715803,0
09:08:27.889,77,31,39,19,120.4817276,22.4520226,2865903,0,711978,0
09:08:27.906,77,31,39,19,120.4817276,22.4520226,2865903,0,711978,0
09:08:28.006,80,32,39,19,120.4817276,22.4520226,2968291,0,734857,0
09:08:28.106,81,32,39,19,120.4817276,22.4520226,3013344,0,741010,0
09:08:28.205,82,33,39,19,120.4817276,22.4520226,3047930,0,753944,0
09:08:28.362,83,33,41,19,120.4817276,22.4519806,3107004,0,765043,0
09:08:28.411,83,33,41,19,120.4817276,22.4519806,3107004,0,765043,0
09:08:28.510,88,35,41,19,120.4817276,22.4519806,3290089,0,812877,0
09:08:28.610,89,34,41,19,120.4817276,22.4519806,3321026,0,774802,0
09:08:28.705,89,34,44,19,120.4817429,22.4519386,3321026,0,774802,0
09:08:28.805,90,34,44,19,120.4817429,22.4519386,3357307,0,773101,0
09:08:28.902,91,34,44,19,120.4817429,22.4519386,3385930,0,781970,0
09:08:29.001,93,35,44,19,120.4817429,22.4519386,3471228,0,813003,0
09:08:29.125,94,36,49,19,120.4817657,22.4518967,3480720,0,819968,0
09:08:29.209,93,40,49,19,120.4817657,22.4518967,3469233,0,909643,0
09:08:29.306,93,37,49,19,120.4817657,22.4518967,3473032,0,838310,0
09:08:29.405,94,33,49,19,120.4817657,22.4518967,3488679,0,771720,0
09:08:29.550,95,36,54,19,120.4817886,22.4518585,3516403,0,818624,0
09:08:29.601,95,36,54,19,120.4817886,22.4518585,3516403,0,818624,0
09:08:29.715,96,37,54,19,120.4817886,22.4518585,3562308,0,843168,0
09:08:29.814,98,38,54,19,120.4817886,22.4518585,3652569,0,868847,0
09:08:29.934,98,38,59,19,120.4818420,22.4518185,3652569,0,868847,0
09:08:30.001,100,44,59,19,120.4818420,22.4518185,3740235,0,1002927,0
09:08:30.101,100,49,59,19,120.4818420,22.4518185,3832223,0,1107840,0
09:08:30.214,100,54,59,19,120.4818420,22.4518185,3795378,0,1201227,0
09:08:30.339,100,54,64,19,120.4818954,22.4517803,3795378,0,1201227,0
09:08:30.405,89,53,64,19,120.4818954,22.4517803,3308807,0,1177151,0
09:08:30.505,78,49,64,19,120.4818954,22.4517803,2902436,0,1092864,0
09:08:30.602,73,43,64,19,120.4818954,22.4517803,2718340,0,978296,0
09:08:30.725,73,40,70,19,120.4819565,22.4517403,2712802,0,914858,0
09:08:30.809,75,44,70,19,120.4819565,22.4517403,2803867,0,989696,0
09:08:30.906,75,45,70,19,120.4819565,22.4517403,2810466,0,1021763,0
09:08:31.005,77,45,70,19,120.4819565,22.4517403,2862617,0,1019195,0
09:08:31.117,80,46,66,18,120.4820099,22.4517002,2969342,0,1028588,0
09:08:31.209,80,46,66,18,120.4820099,22.4517002,2969342,0,1028588,0
09:08:31.309,86,44,66,18,120.4820099,22.4517002,3187111,0,983940,0
09:08:31.406,84,42,66,18,120.4820099,22.4517002,3111495,0,945298,0
09:08:31.524,84,42,65,19,120.4820709,22.4516563,3111495,0,945298,0
09:08:31.605,82,37,65,19,120.4820709,22.4516563,3059405,0,837234,0
09:08:31.705,81,35,65,19,120.4820709,22.4516563,3013129,0,804037,0
09:08:31.896,80,34,66,19,120.4821091,22.4516048,2971560,0,775798,0
09:08:31.914,83,34,66,19,120.4821091,22.4516048,3095871,0,774306,0
09:08:32.014,85,34,66,19,120.4821091,22.4516048,3171125,0,777206,0
09:08:32.114,86,35,66,19,120.4821091,22.4516048,3197791,0,803650,0
09:08:32.214,86,34,66,19,120.4821091,22.4516048,3204599,0,776546,0
09:08:32.379,86,34,67,18,120.4821472,22.4515495,3209388,0,782327,0
09:08:32.412,86,34,67,18,120.4821472,22.4515495,3209388,0,782327,0
09:08:32.510,87,32,67,18,120.4821472,22.4515495,3226698,0,744119,0
09:08:32.609,87,32,67,18,120.4821472,22.4515495,3243147,0,744027,0
09:08:32.709,88,31,67,18,120.4821472,22.4515495,3267454,0,724534,0
09:08:32.814,90,34,71,18,120.4821854,22.4514675,3331271,0,789199,0
09:08:32.915,91,36,71,18,120.4821854,22.4514675,3399751,0,834176,0
09:08:33.005,91,36,71,18,120.4821854,22.4514675,3392809,0,823077,0
09:08:33.226,91,35,75,19,120.4822159,22.4513931,3378370,0,813544,0
09:08:33.309,95,44,75,19,120.4822159,22.4513931,3516216,0,988068,0
09:08:33.406,93,43,75,19,120.4822159,22.4513931,3446164,0,974941,0
09:08:33.506,95,41,75,19,120.4822159,22.4513931,3517087,0,935431,0
09:08:33.616,95,44,79,18,120.4822159,22.4513168,3539450,0,994155,0
09:08:33.714,95,47,79,18,120.4822159,22.4513168,3543879,0,1062094,0
09:08:33.814,96,49,79,18,120.4822159,22.4513168,3582392,0,1098698,0
09:08:33.914,96,51,79,18,120.4822159,22.4513168,3585004,0,1132938,0
09:08:34.022,96,51,82,18,120.4822159,22.4512348,3585004,0,1132938,0
09:08:34.105,97,49,82,18,120.4822159,22.4512348,3591366,0,1098269,0
09:08:34.202,97,49,82,18,120.4822159,22.4512348,3603343,0,1110056,0
09:08:34.366,97,50,85,19,120.4822159,22.4511528,3604950,0,1122204,0
09:08:34.415,97,50,85,19,120.4822159,22.4511528,3604950,0,1122204,0
09:08:34.514,95,48,85,19,120.4822159,22.4511528,3545159,0,1088516,0
09:08:34.614,96,50,85,19,120.4822159,22.4511528,3567372,0,1126964,0
09:08:34.799,92,50,88,19,120.4822159,22.4510632,3412624,0,1124355,0
09:08:34.816,92,50,88,19,120.4822159,22.4510632,3412624,0,1124355,0
09:08:34.914,79,48,88,19,120.4822159,22.4510632,2958860,0,1073516,0
09:08:35.014,79,49,88,19,120.4822159,22.4510632,2952767,0,1094117,0
09:08:35.114,79,48,88,19,120.4822159,22.4510632,2928475,0,1082936,0
09:08:35.241,79,48,89,19,120.4822159,22.4509659,2928475,0,1082936,0
09:08:35.309,81,47,89,19,120.4822159,22.4509659,3001280,0,1060044,0
09:08:35.406,84,48,89,19,120.4822159,22.4509659,3110850,0,1086914,0
09:08:35.522,86,49,88,19,120.4822159,22.4508724,3203789,0,1104985,0
09:08:35.614,87,49,88,19,120.4822159,22.4508724,3246347,0,1106252,0
09:08:35.714,88,47,88,19,120.4822159,22.4508724,3259892,0,1056827,0
09:08:35.814,86,46,88,19,120.4822159,22.4508724,3193460,0,1028122,0
09:08:35.914,82,45,88,19,120.4822159,22.4508724,3039866,0,1015581,0
09:08:36.010,82,45,89,19,120.4822159,22.4507790,3039866,0,1015581,0
09:08:36.110,79,47,89,19,120.4822159,22.4507790,2953474,0,1063526,0
09:08:36.209,78,47,89,19,120.4822159,22.4507790,2917464,0,1056167,0
09:08:36.307,79,49,89,19,120.4822159,22.4507790,2941072,0,1095249,0
09:08:36.417,79,49,86,19,120.4822159,22.4506893,2941072,0,1095249,0
09:08:36.505,78,52,86,19,120.4822159,22.4506893,2909163,0,1162142,0
09:08:36.605,77,54,86,19,120.4822159,22.4506893,2879662,0,1206207,0
09:08:36.702,77,55,86,19,120.4822159,22.4506893,2878343,0,1229343,0
09:08:36.807,77,55,83,19,120.4822159,22.4506016,2878343,0,1229343,0
09:08:36.906,76,55,83,19,120.4822159,22.4506016,2830008,0,1222610,0
09:08:37.006,74,53,83,19,120.4822159,22.4506016,2774806,0,1178823,0
09:08:37.105,72,51,83,19,120.4822159,22.4506016,2695786,0,1145354,0
09:08:37.242,72,51,79,19,120.4822235,22.4505177,2695786,0,1145354,0
09:08:37.309,70,47,79,19,120.4822235,22.4505177,2623583,0,1066817,0
09:08:37.407,70,45,79,19,120.4822235,22.4505177,2635690,0,1014046,0
09:08:37.506,71,44,79,19,120.4822235,22.4505177,2654240,0,989806,0
09:08:37.614,71,42,75,19,120.4822235,22.4504414,2659416,0,951649,0
09:08:37.714,72,40,75,19,120.4822235,22.4504414,2686092,0,917221,0
09:08:37.814,74,42,75,19,120.4822235,22.4504414,2766981,0,960279,0
09:08:37.914,76,43,75,19,120.4822235,22.4504414,2820952,0,975544,0
09:08:38.040,76,43,71,19,120.4822388,22.4503689,2820952,0,975544,0
09:08:38.106,75,43,71,19,120.4822388,22.4503689,2813818,0,980749,0
09:08:38.206,73,41,71,19,120.4822388,22.4503689,2733066,0,938469,0
09:08:38.305,72,40,71,19,120.4822388,22.4503689,2698812,0,901747,0
09:08:38.401,72,40,67,19,120.4822540,22.4503002,2698812,0,901747,0
09:08:38.514,79,38,67,19,120.4822540,22.4503002,2963416,0,877255,0
09:08:38.614,82,36,67,19,120.4822540,22.4503002,3063733,0,835078,0
09:08:38.714,85,37,67,19,120.4822540,22.4503002,3168046,0,841036,0
09:08:38.822,86,38,65,18,120.4822769,22.4502392,3214177,0,857288,0
09:08:38.905,87,36,65,18,120.4822769,22.4502392,3220924,0,824136,0
09:08:39.004,88,37,65,18,120.4822769,22.4502392,3286420,0,850041,0
09:08:39.110,88,37,65,18,120.4822769,22.4502392,3271692,0,852636,0
09:08:39.239,88,37,68,19,120.4823151,22.4501801,3271692,0,852636,0
09:08:39.304,88,37,68,19,120.4823151,22.4501801,3292535,0,847753,0
09:08:39.402,89,38,68,19,120.4823151,22.4501801,3313538,0,860172,0
09:08:39.501,88,37,68,19,120.4823151,22.4501801,3272536,0,843765,0
09:08:39.627,88,37,70,19,120.4823685,22.4501209,3272536,0,843765,0
09:08:39.710,85,33,70,19,120.4823685,22.4501209,3152267,0,771525,0
09:08:39.809,84,32,70,19,120.4823685,22.4501209,3118126,0,733307,0
09:08:39.907,86,34,70,19,120.4823685,22.4501209,3213707,0,791317,0
09:08:40.055,87,35,72,19,120.4824219,22.4500694,3229913,0,811619,0
09:08:40.105,86,30,72,19,120.4824219,22.4500694,3190113,0,693400,0
09:08:40.204,89,30,72,19,120.4824219,22.4500694,3294478,0,698350,0
09:08:40.302,90,34,72,19,120.4824219,22.4500694,3357943,0,775915,0
09:08:40.426,90,34,76,19,120.4824829,22.4500217,3357943,0,775915,0
09:08:40.509,90,32,76,19,120.4824829,22.4500217,3347277,0,730266,0
09:08:40.608,94,33,76,19,120.4824829,22.4500217,3490653,0,763212,0
09:08:40.706,97,34,76,19,120.4824829,22.4500217,3586208,0,776947,0
09:08:40.811,97,34,80,19,120.4825439,22.4499798,3586208,0,776947,0
09:08:40.910,99,36,80,19,120.4825439,22.4499798,3674207,0,825349,0
09:08:41.009,98,36,80,19,120.4825439,22.4499798,3656577,0,815242,0
09:08:41.107,100,41,80,19,120.4825439,22.4499798,3807420,0,939345,0
09:08:41.219,100,41,86,19,120.4826355,22.4499416,3807420,0,939345,0
09:08:41.301,100,39,86,19,120.4826355,22.4499416,3777384,0,888531,0
09:08:41.401,100,36,86,19,120.4826355,22.4499416,3756882,0,830511,0
09:08:41.506,100,40,86,19,120.4826355,22.4499416,3770975,0,905912,0
09:08:41.605,100,43,93,19,120.4827271,22.4499111,3851240,0,971802,0
09:08:41.705,100,44,93,19,120.4827271,22.4499111,3858179,0,1003394,0
09:08:41.804,100,43,93,19,120.4827271,22.4499111,3793683,0,976707,0
09:08:41.902,100,43,93,19,120.4827271,22.4499111,3794738,0,966086,0
09:08:42.074,100,44,102,19,120.4828262,22.4498844,3835658,0,1004056,0
09:08:42.109,100,44,102,19,120.4828262,22.4498844,3835658,0,1004056,0
09:08:42.206,97,46,102,19,120.4828262,22.4498844,3616099,0,1045023,0
09:08:42.307,95,47,102,19,120.4828262,22.4498844,3540350,0,1061536,0
09:08:42.415,95,47,110,19,120.4829407,22.4498615,3540350,0,1061536,0
09:08:42.514,82,43,110,19,120.4829407,22.4498615,3043910,0,982949,0
09:08:42.614,78,45,110,19,120.4829407,22.4498615,2894728,0,1014399,0
09:08:42.731,75,44,113,19,120.4830704,22.4498425,2791293,0,991933,0
09:08:42.849,75,44,113,19,120.4830704,22.4498425,2791293,0,991933,0
09:08:42.915,77,44,113,19,120.4830704,22.4498425,2864716,0,1002739,0
09:08:43.014,76,46,113,19,120.4830704,22.4498425,2840533,0,1030250,0
09:08:43.111,76,44,113,19,120.4830704,22.4498425,2820253,0,1004999,0
09:08:43.229,76,44,109,19,120.4831848,22.4498272,2838357,0,996822,0
09:08:43.311,76,46,109,19,120.4831848,22.4498272,2854496,0,1033830,0
09:08:43.409,76,45,109,19,120.4831848,22.4498272,2839677,0,1013893,0
09:08:43.507,76,45,109,19,120.4831848,22.4498272,2830280,0,1018945,0
09:08:43.615,76,45,105,19,120.4832993,22.4498177,2830280,0,1018945,0
09:08:43.714,69,53,105,19,120.4832993,22.4498177,2581400,0,1188905,0
09:08:43.812,65,54,105,19,120.4832993,22.4498177,2435785,0,1204681,0
09:08:43.910,64,57,105,19,120.4832993,22.4498177,2411968,0,1264904,0
09:08:44.036,64,57,101,19,120.4834213,22.4498119,2411968,0,1264904,0
09:08:44.102,63,61,101,19,120.4834213,22.4498119,2375653,0,1353403,0
09:08:44.200,62,60,101,19,120.4834213,22.4498119,2319545,0,1333438,0
09:08:44.301,65,60,101,19,120.4834213,22.4498119,2421713,0,1331186,0
09:08:44.421,65,60,95,19,120.4835205,22.4498100,2421713,0,1331186,0
09:08:44.502,65,55,95,19,120.4835205,22.4498100,2418858,0,1238107,0
09:08:44.601,65,52,95,19,120.4835205,22.4498100,2445260,0,1162342,0
09:08:44.784,67,52,89,19,120.4836197,22.4498119,2511695,0,1170666,0
09:08:44.801,67,52,89,19,120.4836197,22.4498119,2511695,0,1170666,0
09:08:44.915,68,53,89,19,120.4836197,22.4498119,2531795,0,1183411,0
09:08:45.005,66,53,89,19,120.4836197,22.4498119,2478112,0,1175491,0
09:08:45.105,63,50,89,19,120.4836197,22.4498119,2375580,0,1124487,0
09:08:45.239,65,52,84,19,120.4837112,22.4498196,2445554,0,1153974,0
09:08:45.305,60,53,84,19,120.4837112,22.4498196,2267083,0,1177213,0
09:08:45.402,60,51,84,19,120.4837112,22.4498196,2240274,0,1135921,0
09:08:45.501,60,51,84,19,120.4837112,22.4498196,2269426,0,1149838,0
09:08:45.612,60,51,79,19,120.4838028,22.4498329,2269426,0,1149838,0
09:08:45.710,58,49,79,19,120.4838028,22.4498329,2177679,0,1101725,0
09:08:45.808,54,43,79,19,120.4838028,22.4498329,2041343,0,965124,0
09:08:45.906,58,43,79,19,120.4838028,22.4498329,2176549,0,963695,0
09:08:46.014,58,43,73,19,120.4838791,22.4498520,2176549,0,963695,0
09:08:46.114,65,47,73,19,120.4838791,22.4498520,2450288,0,1064617,0
09:08:46.214,66,40,73,19,120.4838791,22.4498520,2481477,0,907994,0
09:08:46.314,67,37,73,19,120.4838791,22.4498520,2493448,0,850972,0
09:08:46.409,67,37,67,19,120.4839554,22.4498787,2493448,0,850972,0
09:08:46.514,67,36,67,19,120.4839554,22.4498787,2508674,0,832981,0
09:08:46.614,67,36,67,19,120.4839554,22.4498787,2521838,0,818294,0
09:08:46.710,67,35,67,19,120.4839554,22.4498787,2517584,0,802406,0
09:08:46.800,67,35,64,19,120.4840088,22.4499111,2517584,0,802406,0
09:08:46.905,71,33,64,19,120.4840088,22.4499111,2659325,0,751584,0
09:08:47.002,75,33,64,19,120.4840088,22.4499111,2795549,0,752669,0
09:08:47.101,77,32,64,19,120.4840088,22.4499111,2859875,0,749877,0
09:08:47.211,77,31,61,19,120.4840546,22.4499512,2866594,0,713084,0
09:08:47.310,80,31,61,19,120.4840546,22.4499512,2972915,0,723102,0
09:08:47.410,82,33,61,19,120.4840546,22.4499512,3052032,0,765525,0
09:08:47.510,83,33,61,19,120.4840546,22.4499512,3083147,0,768984,0
09:08:47.627,83,33,61,19,120.4841080,22.4499989,3083147,0,768984,0
09:08:47.710,83,35,61,19,120.4841080,22.4499989,3094755,0,793016,0
09:08:47.810,81,35,61,19,120.4841080,22.4499989,3031106,0,807659,0
09:08:47.910,81,36,61,19,120.4841080,22.4499989,3029607,0,818853,0
09:08:48.071,81,36,63,19,120.4841309,22.4500523,3029607,0,818853,0
09:08:48.105,78,35,63,19,120.4841309,22.4500523,2921413,0,798750,0
09:08:48.204,78,34,63,19,120.4841309,22.4500523,2899124,0,784188,0
09:08:48.302,76,31,63,19,120.4841309,22.4500523,2830865,0,724416,0
09:08:48.410,76,32,63,19,120.4841614,22.4501133,2839792,0,735313,0
09:08:48.509,75,33,63,19,120.4841614,22.4501133,2782685,0,754230,0
09:08:48.606,74,31,63,19,120.4841614,22.4501133,2749034,0,724266,0
09:08:48.705,71,31,63,19,120.4841614,22.4501133,2667376,0,713224,0
09:08:48.811,71,31,64,19,120.4841690,22.4501781,2667376,0,713224,0
09:08:48.910,73,30,64,19,120.4841690,22.4501781,2743048,0,705755,0
09:08:49.009,74,32,64,19,120.4841690,22.4501781,2781387,0,733694,0
09:08:49.106,75,34,64,19,120.4841690,22.4501781,2817994,0,782189,0
09:08:49.221,75,34,63,19,120.4841690,22.4502411,2817994,0,782189,0
09:08:49.301,73,32,63,19,120.4841690,22.4502411,2743382,0,737496,0
09:08:49.415,81,49,63,19,120.4841690,22.4502411,3020625,0,1092149,0
09:08:49.514,72,37,63,19,120.4841690,22.4502411,2674267,0,856011,0
09:08:49.640,72,37,62,19,120.4841690,22.4503040,2674267,0,856011,0
09:08:49.706,70,33,62,19,120.4841690,22.4503040,2614856,0,759930,0
09:08:49.805,73,35,62,19,120.4841690,22.4503040,2716850,0,807198,0
09:08:49.902,74,36,62,19,120.4841690,22.4503040,2751031,0,829930,0
09:08:50.026,73,36,60,19,120.4841461,22.4503613,2744067,0,820086,0
09:08:50.110,73,35,60,19,120.4841461,22.4503613,2721594,0,801099,0
09:08:50.209,72,33,60,19,120.4841461,22.4503613,2701658,0,770082,0
09:08:50.306,72,33,60,19,120.4841461,22.4503613,2690651,0,751202,0
09:08:50.434,73,34,59,19,120.4841232,22.4504166,2738827,0,786030,0
09:08:50.501,73,34,59,19,120.4841232,22.4504166,2738827,0,786030,0
09:08:50.601,71,29,59,19,120.4841232,22.4504166,2644829,0,672750,0
09:08:50.715,73,33,59,19,120.4841232,22.4504166,2710850,0,753947,0
09:08:50.821,73,33,58,19,120.4840698,22.4504623,2710850,0,753947,0
09:08:50.902,74,35,58,19,120.4840698,22.4504623,2776806,0,796922,0
09:08:51.000,73,33,58,19,120.4840698,22.4504623,2726427,0,764321,0
09:08:51.105,74,32,58,19,120.4840698,22.4504623,2746259,0,746310,0
09:08:51.209,74,32,57,19,120.4840317,22.4505005,2746259,0,746310,0
09:08:51.307,77,32,57,19,120.4840317,22.4505005,2861885,0,735462,0
09:08:51.406,77,30,57,19,120.4840317,22.4505005,2885146,0,702453,0
09:08:51.514,78,30,57,19,120.4840317,22.4505005,2897499,0,695209,0
09:08:51.684,78,30,56,19,120.4839783,22.4505291,2897499,0,695209,0
09:08:51.701,78,30,56,19,120.4839783,22.4505291,2897499,0,695209,0
09:08:51.815,80,33,56,19,120.4839783,22.4505291,2977628,0,762618,0
09:08:51.915,80,34,56,19,120.4839783,22.4505291,2978433,0,781721,0
09:08:52.006,80,34,57,19,120.4839172,22.4505463,2978433,0,781721,0
09:08:52.106,80,33,57,19,120.4839172,22.4505463,2967320,0,751799,0
09:08:52.205,80,32,57,19,120.4839172,22.4505463,2989176,0,734998,0
09:08:52.302,81,32,57,19,120.4839172,22.4505463,3030335,0,747393,0
09:08:52.457,81,32,59,19,120.4838562,22.4505558,3030335,0,747393,0
09:08:52.506,83,33,59,19,120.4838562,22.4505558,3080865,0,752051,0
09:08:52.606,85,33,59,19,120.4838562,22.4505558,3175561,0,768355,0
09:08:52.706,87,34,59,19,120.4838562,22.4505558,3243902,0,791871,0
09:08:52.834,89,34,61,19,120.4837875,22.4505520,3299115,0,781712,0
09:08:52.901,89,32,61,19,120.4837875,22.4505520,3299733,0,744070,0
09:08:53.001,90,32,61,19,120.4837875,22.4505520,3347224,0,729980,0
09:08:53.101,92,32,61,19,120.4837875,22.4505520,3404079,0,748307,0
09:08:53.246,93,33,65,19,120.4837265,22.4505367,3445742,0,768630,0
09:08:53.314,93,33,65,19,120.4837265,22.4505367,3445742,0,768630,0
09:08:53.414,93,32,65,19,120.4837265,22.4505367,3450853,0,736876,0
09:08:53.514,95,34,65,19,120.4837265,22.4505367,3540294,0,772995,0
09:08:53.634,95,34,70,19,120.4836578,22.4505138,3540294,0,772995,0
09:08:53.701,97,37,70,19,120.4836578,22.4505138,3594968,0,850656,0
09:08:53.815,98,38,70,19,120.4836578,22.4505138,3626272,0,873089,0
09:08:53.914,93,39,70,19,120.4836578,22.4505138,3443589,0,884141,0
09:08:54.040,93,39,76,19,120.4835815,22.4504776,3443589,0,884141,0
09:08:54.106,84,42,76,19,120.4835815,22.4504776,3118330,0,949937,0
09:08:54.205,81,46,76,19,120.4835815,22.4504776,3033987,0,1032458,0
09:08:54.305,80,47,76,19,120.4835815,22.4504776,2986834,0,1049725,0
09:08:54.412,80,47,80,19,120.4835052,22.4504318,2986834,0,1049725,0
09:08:54.510,80,51,80,19,120.4835052,22.4504318,2987412,0,1143243,0
09:08:54.610,81,54,80,19,120.4835052,22.4504318,3015706,0,1198441,0
09:08:54.710,80,53,80,19,120.4835052,22.4504318,2988834,0,1188433,0
09:08:54.815,80,53,77,19,120.4834442,22.4503841,2988834,0,1188433,0
09:08:54.914,78,52,77,19,120.4834442,22.4503841,2903330,0,1166234,0
09:08:55.011,78,52,77,19,120.4834442,22.4503841,2894693,0,1168973,0
09:08:55.110,77,53,77,19,120.4834442,22.4503841,2870312,0,1182730,0
09:08:55.251,77,53,74,19,120.4833755,22.4503365,2870312,0,1182730,0
09:08:55.301,75,52,74,19,120.4833755,22.4503365,2818202,0,1166529,0
09:08:55.415,73,49,74,19,120.4833755,22.4503365,2723731,0,1109708,0
09:08:55.514,72,48,74,19,120.4833755,22.4503365,2703306,0,1073632,0
09:08:55.610,72,48,71,19,120.4833145,22.4502926,2703306,0,1073632,0
09:08:55.710,68,47,71,19,120.4833145,22.4502926,2552122,0,1050154,0
09:08:55.806,67,46,71,19,120.4833145,22.4502926,2510647,0,1041031,0
09:08:55.905,65,45,71,19,120.4833145,22.4502926,2445142,0,1024300,0
09:08:56.008,65,45,67,19,120.4832611,22.4502544,2417491,0,1016811,0
09:08:56.106,62,42,67,19,120.4832611,22.4502544,2328299,0,954607,0
09:08:56.204,65,41,67,19,120.4832611,22.4502544,2419200,0,921033,0
09:08:56.412,66,37,62,19,120.4832001,22.4502239,2458837,0,850858,0
09:08:56.514,66,34,62,19,120.4832001,22.4502239,2474366,0,790034,0
09:08:56.614,67,34,62,19,120.4832001,22.4502239,2504745,0,783678,0
09:08:56.714,68,35,62,19,120.4832001,22.4502239,2559092,0,798436,0
09:08:56.812,71,37,59,19,120.4831390,22.4502068,2649087,0,837080,0
09:08:56.910,72,34,59,19,120.4831390,22.4502068,2694245,0,771846,0
09:08:57.010,72,32,59,19,120.4831390,22.4502068,2708682,0,738668,0
09:08:57.110,75,33,59,19,120.4831390,22.4502068,2784902,0,752064,0
09:08:57.274,77,32,56,19,120.4830704,22.4501991,2865125,0,746913,0
09:08:57.307,77,32,56,19,120.4830704,22.4501991,2865125,0,746913,0
09:08:57.406,78,30,56,19,120.4830704,22.4501991,2906053,0,696383,0
09:08:57.506,78,30,56,19,120.4830704,22.4501991,2920139,0,691441,0
09:08:57.630,80,30,57,19,120.4830093,22.4502010,2983069,0,689584,0
09:08:57.714,83,33,57,19,120.4830093,22.4502010,3104149,0,760807,0
09:08:57.812,83,33,57,19,120.4830093,22.4502010,3105665,0,759361,0
09:08:57.910,84,33,57,19,120.4830093,22.4502010,3119689,0,766865,0
09:08:58.037,84,34,58,19,120.4829559,22.4502163,3133813,0,780114,0
09:08:58.102,84,34,58,19,120.4829559,22.4502163,3133813,0,780114,0
09:08:58.201,84,34,58,19,120.4829559,22.4502163,3130165,0,780148,0
09:08:58.314,83,33,58,19,120.4829559,22.4502163,3082521,0,765698,0
09:08:58.409,83,33,60,19,120.4828949,22.4502411,3082521,0,765698,0
09:08:58.507,80,31,60,19,120.4828949,22.4502411,2984438,0,716510,0
09:08:58.606,80,33,60,19,120.4828949,22.4502411,2975061,0,760287,0
09:08:58.705,78,33,60,19,120.4828949,22.4502411,2921832,0,752638,0
09:08:58.807,78,33,62,19,120.4828415,22.4502773,2921832,0,752638,0
09:08:58.905,74,29,62,19,120.4828415,22.4502773,2772555,0,672478,0
09:08:59.002,74,29,62,19,120.4828415,22.4502773,2771208,0,681229,0
09:08:59.101,72,28,62,19,120.4828415,22.4502773,2706337,0,648529,0
09:08:59.220,72,28,62,19,120.4827881,22.4503212,2706337,0,648529,0
09:08:59.302,71,25,62,19,120.4827881,22.4503212,2652849,0,599094,0
09:08:59.416,71,25,62,19,120.4827881,22.4503212,2660367,0,601990,0
09:08:59.515,74,24,62,19,120.4827881,22.4503212,2766008,0,574392,0
09:08:59.652,74,24,61,19,120.4827499,22.4503727,2766008,0,574392,0
09:08:59.701,81,26,61,19,120.4827499,22.4503727,3010905,0,615367,0
09:08:59.815,86,31,61,19,120.4827499,22.4503727,3211771,0,711843,0
09:08:59.915,87,35,61,19,120.4827499,22.4503727,3234601,0,807053,0
09:09:00.049,85,35,62,19,120.4827271,22.4504280,3163684,0,794055,0
09:09:00.114,84,36,62,19,120.4827271,22.4504280,3115043,0,815764,0
09:09:00.214,79,36,62,19,120.4827271,22.4504280,2952183,0,823686,0
09:09:00.402,78,38,64,19,120.4827118,22.4504929,2908878,0,865546,0
09:09:00.501,69,35,64,19,120.4827118,22.4504929,2584663,0,800953,0
09:09:00.615,67,31,64,19,120.4827118,22.4504929,2514676,0,716732,0
09:09:00.774,69,31,62,19,120.4827042,22.4505577,2576374,0,719729,0
09:09:00.807,69,31,62,19,120.4827042,22.4505577,2576374,0,719729,0
09:09:00.906,75,33,62,19,120.4827042,22.4505577,2815838,0,759919,0
09:09:01.092,74,31,60,19,120.4827118,22.4506187,2758482,0,725963,0
09:09:01.109,74,31,60,19,120.4827118,22.4506187,2758482,0,725963,0
09:09:01.207,75,31,60,19,120.4827118,22.4506187,2799291,0,721123,0
09:09:01.318,74,32,60,19,120.4827118,22.4506626,2778831,0,730749,0
09:09:01.416,71,26,60,19,120.4827118,22.4506626,2665758,0,613030,0
09:09:01.504,75,24,60,19,120.4827118,22.4506626,2796126,0,580468,0
09:09:01.660,80,28,60,19,120.4827423,22.4507046,2980891,0,651972,0
09:09:01.710,80,24,60,19,120.4827423,22.4507046,2976222,0,570637,0
09:09:01.881,84,25,61,18,120.4827499,22.4507294,3141624,0,581988,0
09:09:01.914,84,25,61,18,120.4827499,22.4507294,3141624,0,581988,0
09:09:02.014,88,28,61,18,120.4827499,22.4507294,3260404,0,650832,0
09:09:02.146,86,26,65,19,120.4827881,22.4507675,3219352,0,604533,0
09:09:02.214,88,26,65,19,120.4827881,22.4507675,3275539,0,613352,0
09:09:02.314,89,27,65,19,120.4827881,22.4507675,3301245,0,631454,0
09:09:02.461,90,28,68,19,120.4828262,22.4508038,3363802,0,661198,0
09:09:02.510,92,31,68,19,120.4828262,22.4508038,3421104,0,720704,0
09:09:02.610,90,27,68,19,120.4828262,22.4508038,3333121,0,632575,0
09:09:02.747,91,28,71,19,120.4828644,22.4508343,3377363,0,656779,0
09:09:02.814,91,30,71,19,120.4828644,22.4508343,3385781,0,694180,0
09:09:02.914,92,30,71,19,120.4828644,22.4508343,3430451,0,707355,0
09:09:03.086,92,32,75,18,120.4829178,22.4508648,3418482,0,749773,0
09:09:03.104,91,32,75,18,120.4829178,22.4508648,3379090,0,743479,0
09:09:03.202,91,33,75,18,120.4829178,22.4508648,3377789,0,753506,0
09:09:03.342,92,33,78,18,120.4829712,22.4508896,3403619,0,767120,0
09:09:03.409,90,32,78,18,120.4829712,22.4508896,3341517,0,742549,0
09:09:03.507,91,33,78,18,120.4829712,22.4508896,3388764,0,768292,0
09:09:03.656,94,35,81,18,120.4830322,22.4509087,3477393,0,807951,0
09:09:03.706,94,35,81,18,120.4830322,22.4509087,3477393,0,807951,0
09:09:03.806,92,36,81,18,120.4830322,22.4509087,3430620,0,825161,0
09:09:04.001,93,36,84,18,120.4831009,22.4509258,3456254,0,814842,0
09:09:04.101,96,38,84,18,120.4831009,22.4509258,3565120,0,866238,0
09:09:04.242,97,40,87,18,120.4831619,22.4509411,3616914,0,905043,0
09:09:04.309,100,44,87,18,120.4831619,22.4509411,3758508,0,991152,0
09:09:04.409,100,50,87,18,120.4831619,22.4509411,3834627,0,1113866,0
09:09:04.549,100,49,92,18,120.4832382,22.4509506,3771674,0,1092877,0
09:09:04.615,100,44,92,18,120.4832382,22.4509506,3698426,0,1003396,0
09:09:04.714,100,47,92,18,120.4832382,22.4509506,3807733,0,1050507,0
09:09:04.849,100,49,97,18,120.4833145,22.4509583,3799299,0,1101941,0
09:09:04.915,100,47,97,18,120.4833145,22.4509583,3803688,0,1064214,0
09:09:05.014,100,48,97,18,120.4833145,22.4509583,3823792,0,1081452,0
09:09:05.184,100,49,102,18,120.4833908,22.4509640,3822755,0,1091312,0
09:09:05.201,100,49,102,18,120.4833908,22.4509640,3822755,0,1091312,0
09:09:05.301,100,49,102,18,120.4833908,22.4509640,3815770,0,1101678,0
09:09:05.431,98,48,108,18,120.4834824,22.4509716,3656992,0,1077079,0
09:09:05.514,88,49,108,18,120.4834824,22.4509716,3257105,0,1098759,0
09:09:05.654,79,49,110,18,120.4835434,22.4509735,2929958,0,1095795,0
09:09:05.705,78,48,110,18,120.4835434,22.4509735,2925574,0,1083183,0
09:09:05.805,77,47,110,18,120.4835434,22.4509735,2888105,0,1062767,0
09:09:05.902,77,47,110,18,120.4835434,22.4509735,2890014,0,1067858,0
09:09:06.015,76,50,106,18,120.4836197,22.4509792,2830678,0,1111931,0
09:09:06.114,74,52,106,18,120.4836197,22.4509792,2777151,0,1162212,0
09:09:06.256,73,54,103,18,120.4837112,22.4509830,2731209,0,1198588,0
09:09:06.306,70,53,103,18,120.4837112,22.4509830,2619598,0,1190027,0
09:09:06.406,70,54,103,18,120.4837112,22.4509830,2634410,0,1197577,0
09:09:06.564,70,55,99,18,120.4837875,22.4509850,2624946,0,1231109,0
09:09:06.614,70,55,99,18,120.4837875,22.4509850,2624946,0,1231109,0
09:09:06.714,59,57,99,18,120.4837875,22.4509850,2220604,0,1264531,0
09:09:06.827,59,57,95,18,120.4838791,22.4509850,2220604,0,1264531,0
09:09:06.910,58,61,95,18,120.4838791,22.4509850,2172494,0,1354829,0
09:09:07.070,53,61,91,18,120.4839172,22.4509830,2014006,0,1349005,0
09:09:07.105,54,59,91,18,120.4839172,22.4509830,2037718,0,1315833,0
09:09:07.202,56,59,91,18,120.4839172,22.4509830,2093462,0,1308184,0
09:09:07.372,55,57,85,18,120.4839935,22.4509754,2058493,0,1267584,0
09:09:07.405,59,53,85,18,120.4839935,22.4509754,2202411,0,1187599,0
09:09:07.505,63,44,85,18,120.4839935,22.4509754,2358307,0,1004304,0
09:09:07.645,67,41,80,18,120.4840546,22.4509659,2499851,0,935009,0
09:09:07.711,74,44,80,18,120.4840546,22.4509659,2747540,0,998153,0
09:09:07.810,73,45,80,18,120.4840546,22.4509659,2734535,0,1014169,0
09:09:07.945,69,42,78,18,120.4841232,22.4509525,2574350,0,948628,0
09:09:08.011,69,36,78,18,120.4841232,22.4509525,2585852,0,828920,0
09:09:08.110,71,38,78,18,120.4841232,22.4509525,2640294,0,857286,0
09:09:08.259,69,35,75,18,120.4841843,22.4509335,2586323,0,796999,0
09:09:08.309,69,35,75,18,120.4841843,22.4509335,2586323,0,796999,0
09:09:08.407,81,29,75,18,120.4841843,22.4509335,3031920,0,680989,0
09:09:08.534,81,29,73,18,120.4842377,22.4509106,3031920,0,680989,0
09:09:08.601,82,28,73,18,120.4842377,22.4509106,3039908,0,664399,0
09:09:08.715,91,35,73,18,120.4842377,22.4509106,3383807,0,801990,0
09:09:08.829,91,35,76,18,120.4842911,22.4508801,3383807,0,801990,0
09:09:08.906,89,32,76,18,120.4842911,22.4508801,3317721,0,732905,0
09:09:09.006,87,24,76,18,120.4842911,22.4508801,3234390,0,564523,0
09:09:09.166,89,26,78,18,120.4843369,22.4508457,3321828,0,611715,0
09:09:09.216,92,30,78,18,120.4843369,22.4508457,3416090,0,689273,0
09:09:09.305,94,34,78,18,120.4843369,22.4508457,3484155,0,781314,0
09:09:09.446,92,32,83,18,120.4843903,22.4508038,3430579,0,747258,0
09:09:09.514,93,34,83,18,120.4843903,22.4508038,3454093,0,782542,0
09:09:09.652,92,34,85,18,120.4844131,22.4507732,3426165,0,780447,0
09:09:09.701,92,34,85,18,120.4844131,22.4507732,3426165,0,780447,0
09:09:09.815,92,35,85,18,120.4844131,22.4507732,3405876,0,803893,0
09:09:09.936,92,36,87,18,120.4844666,22.4507217,3438210,0,816925,0
09:09:10.011,92,36,87,18,120.4844666,22.4507217,3438210,0,816925,0
09:09:10.110,86,33,87,18,120.4844666,22.4507217,3187174,0,752643,0
09:09:10.275,89,43,90,19,120.4845047,22.4506664,3307886,0,972204,0
09:09:10.309,89,43,90,19,120.4845047,22.4506664,3307886,0,972204,0
09:09:10.407,78,30,90,19,120.4845047,22.4506664,2912127,0,693899,0
09:09:10.542,84,34,92,19,120.4845428,22.4506073,3144838,0,777394,0
09:09:10.607,88,42,92,19,120.4845428,22.4506073,3287933,0,946097,0
09:09:10.706,84,33,92,19,120.4845428,22.4506073,3145339,0,751509,0
09:09:10.847,81,21,93,19,120.4845734,22.4505444,3026096,0,507163,0
09:09:10.914,84,26,93,19,120.4845734,22.4505444,3146500,0,613558,0
09:09:11.010,88,32,93,19,120.4845734,22.4505444,3285606,0,749474,0
09:09:11.151,90,35,95,19,120.4846115,22.4504776,3348778,0,796097,0
09:09:11.201,90,34,95,19,120.4846115,22.4504776,3340761,0,782285,0
09:09:11.315,90,38,95,19,120.4846115,22.4504776,3330300,0,868858,0
09:09:11.449,80,38,97,19,120.4846191,22.4504089,2982976,0,874128,0
09:09:11.505,73,38,97,19,120.4846191,22.4504089,2720377,0,869382,0
09:09:11.602,71,38,97,19,120.4846191,22.4504089,2641444,0,858474,0
09:09:11.760,69,37,94,19,120.4846497,22.4503384,2597448,0,838033,0
09:09:11.810,63,47,94,19,120.4846497,22.4503384,2353080,0,1066054,0
09:09:11.909,55,50,94,19,120.4846497,22.4503384,2074124,0,1126226,0
09:09:12.007,53,50,94,19,120.4846497,22.4503384,2006104,0,1115230,0
09:09:12.115,53,50,91,19,120.4846573,22.4502697,2006104,0,1115230,0
09:09:12.214,55,56,91,19,120.4846573,22.4502697,2061757,0,1242226,0
09:09:12.337,55,56,85,19,120.4846725,22.4502029,2061757,0,1242226,0
09:09:12.402,52,56,85,19,120.4846725,22.4502029,1949493,0,1250168,0
09:09:12.501,53,55,85,19,120.4846725,22.4502029,1995644,0,1221827,0
09:09:12.639,58,54,80,19,120.4846725,22.4501400,2194358,0,1215117,0
09:09:12.705,64,50,80,19,120.4846725,22.4501400,2380825,0,1118451,0
09:09:12.804,67,45,80,19,120.4846725,22.4501400,2511070,0,1017101,0
09:09:12.974,68,41,76,19,120.4846573,22.4500809,2547588,0,926477,0
09:09:13.008,68,41,76,19,120.4846573,22.4500809,2547588,0,926477,0
09:09:13.106,72,41,76,19,120.4846573,22.4500809,2696347,0,921590,0
09:09:13.249,75,41,73,19,120.4846573,22.4500256,2811898,0,933241,0
09:09:13.315,72,32,73,19,120.4846573,22.4500256,2702589,0,738233,0
09:09:13.414,71,23,73,19,120.4846573,22.4500256,2664333,0,554993,0
09:09:13.586,78,29,72,19,120.4846497,22.4499722,2903578,0,685279,0
09:09:13.604,79,33,72,19,120.4846497,22.4499722,2937925,0,761832,0
09:09:13.702,77,32,72,19,120.4846497,22.4499722,2887542,0,748997,0
09:09:13.860,77,32,73,19,120.4846191,22.4499207,2867714,0,730120,0
09:09:13.910,77,32,73,19,120.4846191,22.4499207,2867714,0,730120,0
09:09:14.010,76,33,73,19,120.4846191,22.4499207,2849284,0,752220,0
09:09:14.170,73,29,73,19,120.4845963,22.4498711,2739002,0,678127,0
09:09:14.204,73,29,73,19,120.4845963,22.4498711,2739002,0,678127,0
09:09:14.302,71,26,73,19,120.4845963,22.4498711,2671039,0,607219,0
09:09:14.460,74,28,72,19,120.4845581,22.4498234,2768106,0,656822,0
09:09:14.510,74,28,72,19,120.4845581,22.4498234,2768106,0,656822,0
09:09:14.609,75,25,72,19,120.4845581,22.4498234,2808036,0,598173,0
09:09:14.750,82,31,72,19,120.4845200,22.4497833,3065888,0,710716,0
09:09:14.800,84,30,72,19,120.4845200,22.4497833,3110852,0,704791,0
09:09:14.915,81,27,72,19,120.4845200,22.4497833,3011408,0,640090,0
09:09:15.089,86,28,74,19,120.4844818,22.4497433,3189752,0,657995,0
09:09:15.106,86,28,74,19,120.4844818,22.4497433,3189752,0,657995,0
09:09:15.205,87,28,74,19,120.4844818,22.4497433,3220737,0,651107,0
09:09:15.351,89,29,77,19,120.4844284,22.4497108,3321895,0,676278,0
09:09:15.401,89,29,77,19,120.4844284,22.4497108,3316728,0,667479,0
09:09:15.515,89,26,77,19,120.4844284,22.4497108,3293976,0,621334,0
09:09:15.654,90,27,81,19,120.4843750,22.4496822,3364151,0,636683,0
09:09:15.704,93,30,81,19,120.4843750,22.4496822,3455156,0,699947,0
09:09:15.802,93,28,81,19,120.4843750,22.4496822,3464006,0,650318,0
09:09:15.947,95,28,86,19,120.4843140,22.4496555,3519125,0,665615,0
09:09:16.014,97,30,86,19,120.4843140,22.4496555,3616090,0,688081,0
09:09:16.114,100,34,86,19,120.4843140,22.4496555,3716996,0,775251,0
09:09:16.267,100,40,92,19,120.4842377,22.4496346,3808997,0,900371,0
09:09:16.301,100,40,92,19,120.4842377,22.4496346,3808997,0,900371,0
09:09:16.415,100,43,92,19,120.4842377,22.4496346,3806426,0,968379,0
09:09:16.544,100,43,97,19,120.4841690,22.4496155,3806426,0,968379,0
09:09:16.610,100,43,97,19,120.4841690,22.4496155,3758740,0,969533,0
09:09:16.708,99,41,97,19,120.4841690,22.4496155,3668057,0,926237,0
09:09:16.850,99,39,103,19,120.4840851,22.4496002,3669530,0,888022,0
09:09:16.900,98,39,103,19,120.4840851,22.4496002,3647964,0,897607,0
09:09:17.015,98,41,103,19,120.4840851,22.4496002,3632159,0,939702,0
09:09:17.141,99,41,108,19,120.4840088,22.4495888,3690948,0,920485,0
09:09:17.206,100,40,108,19,120.4840088,22.4495888,3799958,0,901674,0
09:09:17.306,100,42,108,19,120.4840088,22.4495888,3694764,0,950794,0
09:09:17.477,100,41,114,19,120.4839172,22.4495792,3751215,0,926171,0
09:09:17.510,98,40,114,19,120.4839172,22.4495792,3655161,0,903422,0
09:09:17.610,95,45,114,19,120.4839172,22.4495792,3542247,0,1011045,0
09:09:17.752,99,43,118,19,120.4838181,22.4495735,3675983,0,974373,0
09:09:17.801,100,39,118,19,120.4838181,22.4495735,3796364,0,898642,0
09:09:17.901,100,42,118,19,120.4838181,22.4495735,3859949,0,950127,0
09:09:18.000,100,43,118,19,120.4838181,22.4495735,3894411,0,962818,0
09:09:18.112,100,43,123,19,120.4837265,22.4495716,3894411,0,962818,0
09:09:18.210,100,43,123,19,120.4837265,22.4495716,3872452,0,971269,0
09:09:18.345,100,43,129,19,120.4836197,22.4495716,3866067,0,979657,0
09:09:18.411,100,43,129,19,120.4836197,22.4495716,3866067,0,979657,0
09:09:18.510,100,45,129,19,120.4836197,22.4495716,3896693,0,1020634,0
09:09:18.655,100,44,136,19,120.4835052,22.4495754,3859847,0,987992,0
09:09:18.705,100,44,136,19,120.4835052,22.4495754,3859847,0,987992,0
09:09:18.805,100,45,136,19,120.4835052,22.4495754,3900413,0,1009188,0
09:09:18.979,100,45,142,19,120.4833908,22.4495811,3905134,0,1010561,0
09:09:19.012,100,45,142,19,120.4833908,22.4495811,3905134,0,1010561,0
09:09:19.110,100,47,142,19,120.4833908,22.4495811,3968689,0,1051334,0
09:09:19.269,100,48,148,19,120.4832764,22.4495888,3896676,0,1079883,0
09:09:19.302,100,46,148,19,120.4832764,22.4495888,3905527,0,1039357,0
09:09:19.401,100,49,148,19,120.4832764,22.4495888,3874474,0,1090786,0
09:09:19.567,100,48,155,18,120.4831619,22.4495983,3900301,0,1070397,0
09:09:19.600,100,51,155,18,120.4831619,22.4495983,3964573,0,1151710,0
09:09:19.715,100,50,155,18,120.4831619,22.4495983,3826457,0,1130288,0
09:09:19.855,100,46,161,18,120.4830322,22.4496098,3708928,0,1045801,0
09:09:19.905,86,46,161,18,120.4830322,22.4496098,3203964,0,1041036,0
09:09:20.004,80,45,161,18,120.4830322,22.4496098,2966763,0,1023250,0
09:09:20.148,80,49,163,18,120.4828949,22.4496231,2983340,0,1097817,0
09:09:20.214,81,51,163,18,120.4828949,22.4496231,3010711,0,1140603,0
09:09:20.312,78,49,163,18,120.4828949,22.4496231,2906243,0,1105975,0
09:09:20.466,76,44,158,17,120.4827652,22.4496346,2833849,0,996924,0
09:09:20.501,76,44,158,17,120.4827652,22.4496346,2833849,0,996924,0
09:09:20.601,80,51,158,17,120.4827652,22.4496346,2982303,0,1138911,0
09:09:20.742,72,49,154,17,120.4826355,22.4496441,2694227,0,1107267,0
09:09:20.808,63,57,154,17,120.4826355,22.4496441,2369161,0,1264939,0
09:09:20.906,56,60,154,17,120.4826355,22.4496441,2089756,0,1335593,0
09:09:21.047,56,66,149,18,120.4825211,22.4496517,2114039,0,1466730,0
09:09:21.112,53,69,149,18,120.4825211,22.4496517,2011106,0,1527253,0
09:09:21.201,51,76,149,18,120.4825211,22.4496517,1919362,0,1664672,0
09:09:21.359,47,79,142,19,120.4824066,22.4496555,1786479,0,1747374,0
09:09:21.408,42,81,142,19,120.4824066,22.4496555,1603314,0,1774168,0
09:09:21.514,40,82,142,19,120.4824066,22.4496555,1521675,0,1806772,0
09:09:21.665,42,85,134,19,120.4822922,22.4496593,1606985,0,1859939,0
09:09:21.714,44,86,134,19,120.4822922,22.4496593,1658847,0,1895462,0
09:09:21.814,42,81,134,19,120.4822922,22.4496593,1577893,0,1776074,0
09:09:21.974,43,80,125,19,120.4821854,22.4496632,1643264,0,1767526,0
09:09:22.008,48,75,125,19,120.4821854,22.4496632,1819731,0,1657285,0
09:09:22.106,49,76,125,19,120.4821854,22.4496632,1851005,0,1682972,0
09:09:22.229,48,99,119,18,120.4820862,22.4496632,1805851,0,2164858,0
09:09:22.310,46,82,119,18,120.4820862,22.4496632,1751719,0,1792076,0
09:09:22.409,46,82,119,18,120.4820862,22.4496632,1732082,0,1796530,0
09:09:22.539,46,82,113,17,120.4819946,22.4496632,1732082,0,1796530,0
09:09:22.605,44,81,113,17,120.4819946,22.4496632,1684358,0,1774949,0
09:09:22.736,46,81,109,18,120.4819336,22.4496651,1757108,0,1773885,0
09:09:22.804,48,77,109,18,120.4819336,22.4496651,1796943,0,1693921,0
09:09:22.902,47,75,109,18,120.4819336,22.4496651,1794136,0,1647453,0
09:09:23.081,50,76,100,19,120.4818573,22.4496651,1877781,0,1679273,0
09:09:23.115,51,80,100,19,120.4818573,22.4496651,1921126,0,1765088,0
09:09:23.214,49,80,100,19,120.4818573,22.4496651,1839101,0,1761672,0
09:09:23.369,48,79,95,17,120.4817657,22.4496689,1815889,0,1745280,0
09:09:23.402,48,79,95,17,120.4817657,22.4496689,1815889,0,1745280,0
09:09:23.501,46,80,95,17,120.4817657,22.4496689,1759683,0,1767361,0
09:09:23.662,45,77,87,18,120.4817047,22.4496670,1692984,0,1696347,0
09:09:23.711,45,77,87,18,120.4817047,22.4496670,1692984,0,1696347,0
09:09:23.841,44,74,85,18,120.4816513,22.4496670,1683646,0,1632736,0
09:09:23.908,45,75,85,18,120.4816513,22.4496670,1721376,0,1650708,0
09:09:24.006,44,74,85,18,120.4816513,22.4496670,1679335,0,1637268,0
09:09:24.161,42,68,79,17,120.4815903,22.4496708,1591598,0,1503164,0
09:09:24.210,46,67,79,17,120.4815903,22.4496708,1759249,0,1478762,0
09:09:24.310,47,65,79,17,120.4815903,22.4496708,1767286,0,1446206,0
09:09:24.455,54,54,72,16,120.4815369,22.4496784,2028647,0,1197342,0
09:09:24.504,68,47,72,16,120.4815369,22.4496784,2539722,0,1059495,0
09:09:24.604,70,47,72,16,120.4815369,22.4496784,2629115,0,1051040,0
09:09:24.728,70,47,66,14,120.4814835,22.4496937,2629115,0,1051040,0
09:09:24.810,69,43,66,14,120.4814835,22.4496937,2579449,0,969853,0
09:09:24.949,68,38,63,15,120.4814606,22.4497032,2549309,0,870977,0
09:09:25.014,71,37,63,15,120.4814606,22.4497032,2671979,0,835650,0
09:09:25.147,79,36,62,14,120.4814224,22.4497185,2962180,0,820291,0
09:09:25.214,77,26,62,14,120.4814224,22.4497185,2866382,0,621093,0
09:09:25.314,77,20,62,14,120.4814224,22.4497185,2891130,0,477730,0
09:09:25.459,81,23,63,14,120.4813843,22.4497433,3025818,0,549762,0
09:09:25.509,81,23,63,14,120.4813843,22.4497433,3025818,0,549762,0
09:09:25.640,82,27,65,15,120.4813538,22.4497623,3057503,0,643602,0
09:09:25.706,83,28,65,15,120.4813538,22.4497623,3104899,0,659621,0
09:09:25.805,83,30,65,15,120.4813538,22.4497623,3093037,0,705768,0
09:09:25.950,83,29,67,16,120.4813156,22.4497986,3094031,0,678634,0
09:09:26.016,84,31,67,16,120.4813156,22.4497986,3125969,0,712748,0
09:09:26.115,82,29,67,16,120.4813156,22.4497986,3043199,0,676481,0
09:09:26.261,82,27,68,16,120.4812775,22.4498367,3051679,0,624288,0
09:09:26.311,87,29,68,16,120.4812775,22.4498367,3250757,0,680497,0
09:09:26.444,88,30,70,16,120.4812546,22.4498672,3280557,0,700785,0
09:09:26.516,91,32,70,16,120.4812546,22.4498672,3378681,0,739349,0
09:09:26.616,94,34,70,16,120.4812546,22.4498672,3483282,0,785749,0
09:09:26.742,93,34,74,17,120.4812317,22.4499149,3471447,0,781797,0
09:09:26.807,93,34,74,17,120.4812317,22.4499149,3471447,0,781797,0
09:09:26.905,94,32,74,17,120.4812317,22.4499149,3481156,0,748083,0
09:09:27.077,93,33,78,17,120.4812164,22.4499683,3465159,0,754300,0
09:09:27.101,93,33,78,17,120.4812164,22.4499683,3465159,0,754300,0
09:09:27.216,94,34,78,17,120.4812164,22.4499683,3507701,0,789259,0
09:09:27.357,94,33,83,17,120.4811935,22.4500294,3499946,0,771346,0
09:09:27.407,94,33,83,17,120.4811935,22.4500294,3487764,0,754833,0
09:09:27.505,98,37,83,17,120.4811935,22.4500294,3634758,0,850769,0
09:09:27.649,100,41,87,17,120.4811783,22.4500904,3735531,0,934342,0
09:09:27.700,98,38,87,17,120.4811783,22.4500904,3629480,0,874732,0
09:09:27.836,96,36,90,17,120.4811783,22.4501362,3552986,0,822738,0
09:09:27.904,96,36,90,17,120.4811783,22.4501362,3552986,0,822738,0
09:09:28.004,100,45,90,17,120.4811783,22.4501362,3765895,0,1026018,0
09:09:28.104,100,46,90,17,120.4811783,22.4501362,3706085,0,1039377,0
09:09:28.215,100,46,95,17,120.4811630,22.4502068,3706085,0,1039377,0
09:09:28.315,100,45,95,17,120.4811630,22.4502068,3776159,0,1022505,0
09:09:28.459,100,54,100,17,120.4811630,22.4502792,3865225,0,1213694,0
09:09:28.509,98,46,100,17,120.4811630,22.4502792,3647507,0,1029311,0
09:09:28.607,100,41,100,17,120.4811630,22.4502792,3698452,0,933972,0
09:09:28.720,100,43,105,17,120.4811630,22.4503593,3808630,0,982725,0
09:09:28.814,100,52,105,17,120.4811630,22.4503593,3847998,0,1172274,0
09:09:28.912,100,45,105,17,120.4811630,22.4503593,3829927,0,1014054,0
09:09:29.070,100,44,110,17,120.4811783,22.4504375,3781861,0,995741,0
09:09:29.104,100,47,110,17,120.4811783,22.4504375,3859550,0,1054808,0
09:09:29.202,100,46,110,17,120.4811783,22.4504375,3889356,0,1029941,0
09:09:29.361,100,45,116,17,120.4811783,22.4505234,3831722,0,1025294,0
09:09:29.411,100,45,116,17,120.4811783,22.4505234,3852596,0,1011805,0
09:09:29.510,100,48,116,17,120.4811783,22.4505234,3871235,0,1086759,0
09:09:29.661,100,51,123,18,120.4811783,22.4506130,3959212,0,1135889,0
09:09:29.711,100,51,123,18,120.4811783,22.4506130,3959212,0,1135889,0
09:09:29.810,100,49,123,18,120.4811783,22.4506130,3948385,0,1106057,0
09:09:29.909,100,52,123,18,120.4811783,22.4506130,3964345,0,1174402,0
09:09:30.040,100,52,130,18,120.4811935,22.4507084,3964345,0,1174402,0
09:09:30.106,100,53,130,18,120.4811935,22.4507084,3829428,0,1187385,0
09:09:30.241,100,53,137,18,120.4812012,22.4508095,3884164,0,1192512,0
09:09:30.308,100,47,137,18,120.4812012,22.4508095,3868297,0,1057308,0
09:09:30.408,100,48,137,18,120.4812012,22.4508095,3878367,0,1080493,0
09:09:30.510,100,49,142,18,120.4812012,22.4509144,3866554,0,1094430,0
09:09:30.606,100,47,142,18,120.4812012,22.4509144,3922881,0,1053464,0
09:09:30.704,100,49,142,18,120.4812012,22.4509144,3950547,0,1097958,0
09:09:30.882,100,50,148,17,120.4812164,22.4510231,3968923,0,1115673,0
09:09:30.914,100,48,148,17,120.4812164,22.4510231,3875716,0,1080568,0
09:09:31.013,100,47,148,17,120.4812164,22.4510231,3952633,0,1062691,0
09:09:31.172,100,46,155,16,120.4812164,22.4511395,3860435,0,1045404,0
09:09:31.204,100,46,155,16,120.4812164,22.4511395,3860435,0,1045404,0
09:09:31.303,100,46,155,16,120.4812164,22.4511395,3910411,0,1037365,0
09:09:31.419,100,46,161,18,120.4812317,22.4512577,3910411,0,1037365,0
09:09:31.506,100,46,161,18,120.4812317,22.4512577,3983875,0,1037599,0
09:09:31.655,100,52,165,18,120.4812317,22.4513416,3965478,0,1167245,0
09:09:31.704,100,43,165,18,120.4812317,22.4513416,3906719,0,966567,0
09:09:31.801,100,46,165,18,120.4812317,22.4513416,3951051,0,1027495,0
09:09:31.960,97,47,173,18,120.4812317,22.4514694,3617129,0,1062688,0
09:09:32.009,100,45,173,18,120.4812317,22.4514694,3747454,0,1007397,0
09:09:32.106,100,41,173,18,120.4812317,22.4514694,3864387,0,928140,0
09:09:32.259,100,44,176,18,120.4812317,22.4515991,3812528,0,1002594,0
09:09:32.308,100,47,176,18,120.4812317,22.4515991,3886523,0,1053478,0
09:09:32.405,100,49,176,18,120.4812317,22.4515991,3849852,0,1109585,0
09:09:32.536,100,48,182,18,120.4812317,22.4517345,3917523,0,1075414,0
09:09:32.601,100,48,182,18,120.4812317,22.4517345,3901716,0,1078832,0
09:09:32.715,100,46,182,18,120.4812317,22.4517345,3912311,0,1033021,0
09:09:32.896,100,52,187,19,120.4812317,22.4518738,3938899,0,1165317,0
09:09:32.914,100,52,187,19,120.4812317,22.4518738,3938899,0,1165317,0
09:09:33.003,100,50,187,19,120.4812317,22.4518738,3883647,0,1120344,0
09:09:33.174,100,46,193,19,120.4812317,22.4520168,3883514,0,1031074,0
09:09:33.206,100,46,193,19,120.4812317,22.4520168,3883514,0,1031074,0
09:09:33.304,100,47,193,19,120.4812317,22.4520168,3912286,0,1054577,0
09:09:33.462,100,48,198,19,120.4812164,22.4521637,3830405,0,1079442,0
09:09:33.509,100,48,198,19,120.4812164,22.4521637,3830405,0,1079442,0
09:09:33.605,99,46,198,19,120.4812164,22.4521637,3674581,0,1028314,0
09:09:33.703,88,46,203,19,120.4812164,22.4523144,3274606,0,1045319,0
09:09:33.806,83,49,203,19,120.4812164,22.4523144,3088592,0,1107447,0
09:09:33.903,81,49,203,19,120.4812164,22.4523144,3012524,0,1101766,0
09:09:34.000,79,45,203,19,120.4812164,22.4523144,2944065,0,1022495,0
09:09:34.101,82,50,199,19,120.4812164,22.4524651,3043279,0,1114124,0
09:09:34.215,81,48,199,19,120.4812164,22.4524651,3001843,0,1088531,0
09:09:34.357,79,47,194,19,120.4812012,22.4526138,2942103,0,1052066,0
09:09:34.406,81,48,194,19,120.4812012,22.4526138,3036302,0,1073790,0
09:09:34.504,90,50,194,19,120.4812012,22.4526138,3360429,0,1111558,0
09:09:34.662,91,48,190,19,120.4812012,22.4527588,3386948,0,1088355,0
09:09:34.710,84,48,190,19,120.4812012,22.4527588,3124876,0,1075643,0
09:09:34.808,73,53,190,19,120.4812012,22.4527588,2712598,0,1185240,0
09:09:34.965,62,57,188,19,120.4812012,22.4528999,2329023,0,1277635,0
09:09:35.014,56,69,188,19,120.4812012,22.4528999,2124582,0,1518926,0
09:09:35.112,52,71,188,19,120.4812012,22.4528999,1950256,0,1560029,0
09:09:35.264,58,72,180,19,120.4811935,22.4530392,2179087,0,1583282,0
09:09:35.312,57,76,180,19,120.4811935,22.4530392,2158634,0,1663282,0
09:09:35.409,52,71,180,19,120.4811935,22.4530392,1978114,0,1570653,0
09:09:35.541,54,74,173,18,120.4811935,22.4531727,2028620,0,1624875,0
09:09:35.606,52,75,173,18,120.4811935,22.4531727,1955821,0,1661861,0
09:09:35.704,51,76,173,18,120.4811935,22.4531727,1909274,0,1668644,0
09:09:35.889,51,78,165,19,120.4811935,22.4532986,1939291,0,1723206,0
09:09:35.905,51,78,165,19,120.4811935,22.4532986,1939291,0,1723206,0
09:09:36.004,50,78,165,19,120.4811935,22.4532986,1892269,0,1707094,0
09:09:36.101,50,76,165,19,120.4811935,22.4532986,1875533,0,1664182,0
09:09:36.205,50,76,157,18,120.4811935,22.4534206,1875533,0,1664182,0
09:09:36.303,50,77,157,18,120.4811935,22.4534206,1897394,0,1692786,0
09:09:36.446,51,77,150,18,120.4811783,22.4535351,1925042,0,1703608,0
09:09:36.501,51,77,150,18,120.4811783,22.4535351,1925042,0,1703608,0
09:09:36.615,52,73,150,18,120.4811783,22.4535351,1965104,0,1607040,0
09:09:36.755,58,73,142,18,120.4811783,22.4536457,2163507,0,1601604,0
09:09:36.804,58,73,142,18,120.4811783,22.4536457,2163507,0,1601604,0
09:09:36.901,61,69,142,18,120.4811783,22.4536457,2288372,0,1534058,0
09:09:37.091,69,62,136,18,120.4811783,22.4537525,2592012,0,1371148,0
09:09:37.108,69,62,136,18,120.4811783,22.4537525,2592012,0,1371148,0
09:09:37.205,77,54,136,18,120.4811783,22.4537525,2862307,0,1209198,0
09:09:37.362,77,53,131,19,120.4811783,22.4538536,2884169,0,1182599,0
09:09:37.409,79,50,131,19,120.4811783,22.4538536,2954734,0,1113177,0
09:09:37.505,89,49,131,19,120.4811783,22.4538536,3297245,0,1110360,0
09:09:37.671,92,50,128,19,120.4811630,22.4539509,3417497,0,1112427,0
09:09:37.704,90,49,128,19,120.4811630,22.4539509,3344706,0,1091272,0
09:09:37.801,88,49,128,19,120.4811630,22.4539509,3285749,0,1102190,0
09:09:37.922,86,49,129,19,120.4811630,22.4540462,3208270,0,1109924,0
09:09:38.006,84,47,129,19,120.4811630,22.4540462,3139811,0,1049394,0
09:09:38.104,84,49,129,19,120.4811630,22.4540462,3114310,0,1103655,0
09:09:38.275,81,50,128,19,120.4811554,22.4541435,3013866,0,1119820,0
09:09:38.308,75,45,128,19,120.4811554,22.4541435,2794852,0,1012168,0
09:09:38.405,74,42,128,19,120.4811554,22.4541435,2771058,0,947131,0
09:09:38.565,77,39,124,19,120.4811401,22.4542389,2859696,0,895658,0
09:09:38.614,80,42,124,19,120.4811401,22.4542389,2992214,0,959928,0
09:09:38.711,78,43,124,19,120.4811401,22.4542389,2894065,0,975115,0
09:09:38.864,75,37,122,19,120.4811249,22.4543304,2796518,0,855219,0
09:09:38.913,75,37,122,19,120.4811249,22.4543304,2796518,0,855219,0
09:09:39.011,78,40,122,19,120.4811249,22.4543304,2904025,0,919707,0
09:09:39.165,78,37,120,19,120.4811172,22.4544201,2909883,0,848695,0
09:09:39.214,78,37,120,19,120.4811172,22.4544201,2909883,0,848695,0
09:09:39.313,75,35,120,19,120.4811172,22.4544201,2814472,0,810897,0
09:09:39.432,76,35,119,19,120.4810867,22.4545097,2854563,0,813516,0
09:09:39.511,78,38,119,19,120.4810867,22.4545097,2897991,0,872295,0
09:09:39.609,77,39,119,19,120.4810867,22.4545097,2889351,0,884533,0
09:09:39.749,77,37,117,19,120.4810638,22.4545918,2885018,0,849110,0
09:09:39.814,73,31,117,19,120.4810638,22.4545918,2736638,0,710892,0
09:09:39.913,72,30,117,19,120.4810638,22.4545918,2700488,0,691447,0
09:09:40.082,69,25,115,19,120.4810257,22.4546738,2578887,0,589648,0
09:09:40.141,69,25,115,19,120.4810257,22.4546738,2578887,0,589648,0
09:09:40.206,71,26,115,19,120.4810257,22.4546738,2645356,0,605604,0
09:09:40.318,73,24,115,19,120.4809875,22.4547520,2723624,0,574300,0
09:09:40.413,84,36,115,19,120.4809875,22.4547520,3116448,0,816922,0
09:09:40.509,80,37,115,19,120.4809875,22.4547520,3000983,0,837876,0
09:09:40.692,75,27,115,19,120.4809341,22.4548264,2801654,0,642922,0
09:09:40.708,75,27,115,19,120.4809341,22.4548264,2801654,0,642922,0
09:09:40.805,73,27,116,19,120.4808960,22.4548759,2717747,0,627410,0
09:09:40.904,73,31,116,19,120.4808960,22.4548759,2730721,0,714981,0
09:09:41.001,74,38,116,19,120.4808960,22.4548759,2780086,0,860368,0
09:09:41.133,73,42,113,19,120.4808426,22.4549446,2721128,0,955981,0
09:09:41.214,69,49,113,19,120.4808426,22.4549446,2570618,0,1104292,0
09:09:41.311,64,55,113,19,120.4808426,22.4549446,2393265,0,1223173,0
09:09:41.441,64,55,108,19,120.4807816,22.4550076,2393265,0,1223173,0
09:09:41.511,74,59,108,19,120.4807816,22.4550076,2777965,0,1313373,0
09:09:41.609,93,72,108,19,120.4807816,22.4550076,3442998,0,1583687,0
09:09:41.727,85,53,105,19,120.4807281,22.4550667,3155750,0,1189208,0
09:09:41.808,79,48,105,19,120.4807281,22.4550667,2941760,0,1080575,0
09:09:41.905,78,46,105,19,120.4807281,22.4550667,2923009,0,1038395,0
09:09:42.001,82,51,105,19,120.4807281,22.4550667,3038904,0,1150035,0
09:09:42.103,82,51,102,19,120.4806671,22.4551258,3038904,0,1150035,0
09:09:42.200,80,50,102,19,120.4806671,22.4551258,2992990,0,1111680,0
09:09:42.379,80,50,99,19,120.4806137,22.4551830,2992990,0,1111680,0
09:09:42.412,81,49,99,19,120.4806137,22.4551830,3019298,0,1108607,0
09:09:42.508,81,49,98,19,120.4805756,22.4552212,3019298,0,1108607,0
09:09:42.605,81,49,98,19,120.4805756,22.4552212,3016074,0,1104208,0
09:09:42.732,80,48,96,19,120.4805527,22.4552574,2977997,0,1070302,0
09:09:42.813,77,47,96,19,120.4805527,22.4552574,2887164,0,1049017,0
09:09:42.927,75,45,94,19,120.4805145,22.4552956,2788063,0,1014961,0
09:09:43.007,71,38,94,19,120.4805145,22.4552956,2646862,0,862150,0
09:09:43.138,70,35,92,19,120.4804840,22.4553337,2600166,0,800994,0
09:09:43.203,69,35,92,19,120.4804840,22.4553337,2595173,0,796991,0
09:09:43.300,68,33,92,19,120.4804840,22.4553337,2553491,0,769403,0
09:09:43.441,69,33,89,19,120.4804459,22.4553909,2565515,0,759169,0
09:09:43.505,69,33,89,19,120.4804459,22.4553909,2565515,0,759169,0
09:09:43.634,70,33,87,19,120.4804230,22.4554291,2620084,0,765237,0
09:09:43.715,73,34,87,19,120.4804230,22.4554291,2723485,0,788538,0
09:09:43.829,72,32,85,19,120.4804077,22.4554672,2690337,0,736031,0
09:09:43.910,75,34,85,19,120.4804077,22.4554672,2813148,0,782672,0
09:09:44.022,74,34,85,19,120.4803848,22.4555073,2765566,0,786603,0
09:09:44.101,74,37,85,19,120.4803848,22.4555073,2774028,0,843359,0
09:09:44.215,70,34,85,19,120.4803848,22.4555073,2623682,0,778240,0
09:09:44.334,70,31,82,19,120.4803696,22.4555664,2615953,0,724254,0
09:09:44.400,74,32,82,19,120.4803696,22.4555664,2759896,0,746768,0
09:09:44.528,74,32,81,19,120.4803619,22.4556065,2759896,0,746768,0
09:09:44.609,74,31,81,19,120.4803619,22.4556065,2780845,0,720053,0
09:09:44.778,74,32,81,19,120.4803467,22.4556465,2758600,0,738018,0
09:09:44.803,74,32,81,19,120.4803467,22.4556465,2758600,0,738018,0
09:09:44.905,71,31,80,19,120.4803467,22.4556885,2639819,0,728091,0
09:09:45.001,68,31,80,19,120.4803467,22.4556885,2533061,0,718608,0
09:09:45.120,67,31,78,19,120.4803467,22.4557285,2515742,0,712284,0
09:09:45.213,67,29,78,19,120.4803467,22.4557285,2492747,0,675027,0
09:09:45.309,70,30,78,19,120.4803467,22.4557285,2627231,0,699257,0
09:09:45.486,73,29,75,19,120.4803619,22.4557838,2728255,0,667554,0
09:09:45.503,73,29,75,19,120.4803619,22.4557838,2728255,0,667554,0
09:09:45.610,74,24,75,19,120.4803619,22.4558220,2752928,0,564457,0
09:09:45.708,78,27,75,19,120.4803619,22.4558220,2904733,0,641031,0
09:09:45.839,78,27,76,19,120.4803696,22.4558582,2904733,0,641031,0
09:09:45.904,79,27,76,19,120.4803696,22.4558582,2943317,0,643139,0
09:09:46.050,79,26,76,19,120.4803848,22.4558945,2952819,0,615797,0
09:09:46.115,80,27,76,19,120.4803848,22.4558945,2967858,0,623745,0
09:09:46.213,82,28,76,19,120.4803848,22.4558945,3040287,0,661899,0
09:09:46.314,82,29,77,19,120.4804077,22.4559460,3068807,0,674360,0
09:09:46.413,82,28,77,19,120.4804077,22.4559460,3062227,0,660748,0
09:09:46.572,82,28,78,19,120.4804382,22.4559784,3062227,0,660748,0
09:09:46.604,84,31,78,19,120.4804382,22.4559784,3118950,0,725094,0
09:09:46.705,84,31,79,19,120.4804611,22.4560127,3117931,0,718441,0
09:09:46.804,85,32,79,19,120.4804611,22.4560127,3158933,0,743352,0
09:09:46.925,86,34,80,19,120.4804840,22.4560432,3213499,0,792248,0
09:09:47.005,84,33,80,19,120.4804840,22.4560432,3119274,0,752452,0
09:09:47.164,83,31,81,19,120.4805145,22.4560738,3089498,0,721795,0
09:09:47.213,83,31,81,19,120.4805145,22.4560738,3089498,0,721795,0
09:09:47.309,83,31,81,19,120.4805145,22.4560738,3090363,0,715295,0
09:09:47.418,82,31,82,19,120.4805603,22.4561157,3054938,0,708834,0
09:09:47.513,79,26,82,19,120.4805603,22.4561157,2951374,0,605338,0
09:09:47.624,81,27,83,19,120.4805984,22.4561405,3018579,0,627156,0
09:09:47.704,81,26,83,19,120.4805984,22.4561405,3012855,0,614757,0
09:09:47.832,81,26,84,19,120.4806366,22.4561634,3012855,0,614757,0
09:09:47.913,81,25,84,19,120.4806366,22.4561634,3022583,0,585187,0
09:09:48.010,84,26,84,19,120.4806366,22.4561634,3146762,0,618768,0
09:09:48.105,84,26,85,19,120.4806747,22.4561844,3146762,0,618768,0
09:09:48.203,87,28,85,19,120.4806747,22.4561844,3233350,0,648758,0
09:09:48.329,89,30,87,19,120.4807434,22.4562111,3298459,0,697545,0
09:09:48.409,85,27,87,19,120.4807434,22.4562111,3182286,0,629018,0
09:09:48.538,86,26,89,19,120.4807968,22.4562263,3198727,0,613726,0
09:09:48.603,90,33,89,19,120.4807968,22.4562263,3338868,0,751059,0
09:09:48.704,90,30,91,19,120.4808350,22.4562359,3349889,0,701024,0
09:09:48.801,89,27,91,19,120.4808350,22.4562359,3316359,0,637795,0
09:09:48.913,88,27,92,19,120.4808807,22.4562473,3293018,0,637174,0
09:09:49.009,93,31,92,19,120.4808807,22.4562473,3469790,0,709698,0
09:09:49.139,94,34,95,19,120.4809341,22.4562550,3478369,0,792718,0
09:09:49.204,94,34,95,19,120.4809341,22.4562550,3478369,0,792718,0
09:09:49.301,91,29,95,19,120.4809341,22.4562550,3389999,0,683638,0
09:09:49.483,91,29,98,19,120.4810104,22.4562607,3389999,0,683638,0
09:09:49.515,92,33,98,19,120.4810104,22.4562607,3425797,0,768876,0
09:09:49.611,92,33,101,19,120.4810638,22.4562607,3425797,0,768876,0
09:09:49.709,95,31,101,19,120.4810638,22.4562607,3531141,0,717433,0
09:09:49.837,93,38,103,19,120.4811249,22.4562588,3469671,0,872840,0
09:09:49.901,94,36,103,19,120.4811249,22.4562588,3497082,0,834571,0
09:09:50.048,92,31,106,19,120.4811783,22.4562569,3436286,0,708167,0
09:09:50.113,100,45,106,19,120.4811783,22.4562569,3775057,0,1014496,0
09:09:50.209,100,53,106,19,120.4811783,22.4562569,3750677,0,1183849,0
09:09:50.349,100,45,110,19,120.4812698,22.4562473,3773618,0,1011255,0
09:09:50.414,97,44,110,19,120.4812698,22.4562473,3618544,0,986398,0
09:09:50.546,98,46,113,19,120.4813309,22.4562397,3657515,0,1046712,0
09:09:50.611,98,46,113,19,120.4813309,22.4562397,3657515,0,1046712,0
09:09:50.729,98,48,115,19,120.4813843,22.4562302,3649237,0,1085117,0
09:09:50.809,99,46,115,19,120.4813843,22.4562302,3673021,0,1037974,0
09:09:50.905,99,46,115,19,120.4813843,22.4562302,3693712,0,1044063,0
09:09:51.001,100,46,115,19,120.4813843,22.4562302,3769406,0,1046351,0
09:09:51.136,100,47,120,19,120.4815140,22.4562073,3773559,0,1049337,0
09:09:51.200,100,47,120,19,120.4815140,22.4562073,3773559,0,1049337,0
09:09:51.313,100,46,120,19,120.4815140,22.4562073,3769289,0,1044380,0
09:09:51.479,100,46,125,19,120.4816132,22.4561863,3769289,0,1044380,0
09:09:51.501,100,48,125,19,120.4816132,22.4561863,3910889,0,1081776,0
09:09:51.600,100,50,129,19,120.4816742,22.4561729,3857499,0,1123459,0
09:09:51.714,100,49,129,19,120.4816742,22.4561729,3847193,0,1090028,0
09:09:51.865,100,49,133,19,120.4817505,22.4561577,3887311,0,1104266,0
09:09:51.914,100,49,133,19,120.4817505,22.4561577,3887311,0,1104266,0
09:09:52.056,100,48,137,19,120.4818192,22.4561386,3878028,0,1073610,0
09:09:52.104,100,47,137,19,120.4818192,22.4561386,3848340,0,1057824,0
09:09:52.200,100,48,137,19,120.4818192,22.4561386,3909114,0,1069027,0
09:09:52.309,100,49,144,19,120.4819336,22.4561100,3911063,0,1102736,0
09:09:52.405,100,46,144,19,120.4819336,22.4561100,3813278,0,1043188,0
09:09:52.534,100,49,147,19,120.4820099,22.4560890,3918414,0,1108982,0
09:09:52.615,100,49,147,19,120.4820099,22.4560890,3788043,0,1108735,0
09:09:52.727,100,49,151,19,120.4820862,22.4560680,3788043,0,1108735,0
09:09:52.808,99,48,151,19,120.4820862,22.4560680,3677432,0,1072721,0
09:09:52.935,87,48,155,19,120.4821625,22.4560471,3241422,0,1073971,0
09:09:53.000,79,48,155,19,120.4821625,22.4560471,2955986,0,1080178,0
09:09:53.129,78,48,154,19,120.4822388,22.4560242,2914016,0,1077907,0
09:09:53.209,81,50,154,19,120.4822388,22.4560242,3017677,0,1131605,0
09:09:53.306,80,49,154,19,120.4822388,22.4560242,2969450,0,1109204,0
09:09:53.440,79,49,150,19,120.4823532,22.4559898,2941834,0,1091389,0
09:09:53.504,80,49,150,19,120.4823532,22.4559898,2965570,0,1103824,0
09:09:53.601,77,47,148,19,120.4824295,22.4559689,2884876,0,1058302,0
09:09:53.715,80,48,148,19,120.4824295,22.4559689,2966086,0,1070328,0
09:09:53.825,80,50,145,19,120.4825058,22.4559460,2995059,0,1119163,0
09:09:53.908,79,51,145,19,120.4825058,22.4559460,2941569,0,1137997,0
09:09:54.004,74,51,145,19,120.4825058,22.4559460,2761442,0,1147799,0
09:09:54.124,74,51,143,19,120.4825821,22.4559231,2761442,0,1147799,0
09:09:54.204,61,59,143,19,120.4825821,22.4559231,2298149,0,1305835,0
09:09:54.305,56,64,139,19,120.4827042,22.4558907,2088709,0,1415790,0
09:09:54.403,55,67,139,19,120.4827042,22.4558907,2072751,0,1472752,0
09:09:54.534,56,67,134,19,120.4827652,22.4558697,2122948,0,1472655,0
09:09:54.615,59,65,134,19,120.4827652,22.4558697,2200950,0,1447929,0
09:09:54.758,60,66,130,19,120.4828262,22.4558487,2252662,0,1463652,0
09:09:54.806,60,66,130,19,120.4828262,22.4558487,2252662,0,1463652,0
09:09:54.939,61,65,128,19,120.4828949,22.4558258,2290577,0,1448881,0
09:09:55.004,64,67,128,19,120.4828949,22.4558258,2388602,0,1478604,0
09:09:55.153,63,68,124,18,120.4829559,22.4558048,2378329,0,1496186,0
09:09:55.203,61,66,124,18,120.4829559,22.4558048,2280795,0,1468709,0
09:09:55.300,60,66,124,18,120.4829559,22.4558048,2249176,0,1460771,0
09:09:55.439,59,65,119,17,120.4830627,22.4557724,2228786,0,1442992,0
09:09:55.504,59,65,119,17,120.4830627,22.4557724,2228786,0,1442992,0
09:09:55.600,60,62,114,18,120.4831085,22.4557495,2251169,0,1386482,0
09:09:55.713,67,58,114,18,120.4831085,22.4557495,2501609,0,1290613,0
09:09:55.809,70,53,114,18,120.4831085,22.4557495,2603924,0,1177789,0
09:09:55.959,73,50,109,18,120.4832001,22.4557171,2717322,0,1129909,0
09:09:56.007,75,48,109,18,120.4832001,22.4557171,2783428,0,1073275,0
09:09:56.104,74,46,109,18,120.4832001,22.4557171,2773363,0,1027132,0
09:09:56.273,75,43,106,18,120.4832764,22.4556808,2782306,0,973618,0
09:09:56.306,75,43,106,18,120.4832764,22.4556808,2782306,0,973618,0
09:09:56.439,77,43,104,18,120.4833298,22.4556561,2877183,0,972970,0
09:09:56.509,79,42,104,18,120.4833298,22.4556561,2942791,0,957698,0
09:09:56.613,78,40,104,18,120.4833298,22.4556561,2912411,0,913149,0
09:09:56.748,79,39,102,18,120.4833908,22.4556160,2930904,0,898545,0
09:09:56.813,76,38,102,18,120.4833908,22.4556160,2849375,0,859643,0
09:09:56.911,77,36,102,18,120.4833908,22.4556160,2880554,0,819704,0
09:09:57.070,77,36,101,19,120.4834595,22.4555721,2870124,0,827665,0
09:09:57.103,77,36,101,19,120.4834595,22.4555721,2870124,0,827665,0
09:09:57.200,79,37,101,19,120.4834595,22.4555721,2943096,0,837217,0
09:09:57.334,77,33,101,19,120.4835205,22.4555225,2874801,0,765973,0
09:09:57.415,76,34,101,19,120.4835205,22.4555225,2849137,0,784641,0
09:09:57.513,67,31,101,19,120.4835205,22.4555225,2520215,0,718756,0
09:09:57.654,64,26,100,19,120.4835815,22.4554729,2407263,0,615255,0
09:09:57.704,64,26,100,19,120.4835815,22.4554729,2407263,0,615255,0
09:09:57.835,68,30,97,19,120.4836197,22.4554348,2551879,0,694742,0
09:09:57.900,69,33,97,19,120.4836197,22.4554348,2593156,0,752657,0
09:09:58.013,68,30,97,19,120.4836197,22.4554348,2542167,0,687571,0
09:09:58.170,68,30,94,19,120.4836731,22.4553776,2561228,0,698023,0
09:09:58.204,68,30,94,19,120.4836731,22.4553776,2561228,0,698023,0
09:09:58.300,73,33,94,19,120.4836731,22.4553776,2714596,0,750765,0
09:09:58.402,71,32,91,19,120.4837112,22.4553204,2644044,0,732690,0
09:09:58.515,72,31,91,19,120.4837112,22.4553204,2685729,0,718817,0
09:09:58.623,74,31,90,19,120.4837341,22.4552803,2769780,0,723269,0
09:09:58.704,77,33,90,19,120.4837341,22.4552803,2866256,0,758306,0
09:09:58.871,77,32,90,19,120.4837494,22.4552383,2855823,0,748749,0
09:09:58.904,77,32,90,19,120.4837494,22.4552383,2855823,0,748749,0
09:09:59.018,75,32,90,19,120.4837723,22.4551964,2806864,0,729737,0
09:09:59.115,72,27,90,19,120.4837723,22.4551964,2683890,0,631546,0
09:09:59.211,73,28,90,19,120.4837723,22.4551964,2710986,0,648099,0
09:09:59.367,72,28,89,19,120.4837875,22.4551315,2707720,0,659945,0
09:09:59.400,72,28,89,19,120.4837875,22.4551315,2707720,0,659945,0
09:09:59.559,68,29,88,19,120.4838028,22.4550877,2546239,0,674314,0
09:09:59.608,68,30,88,19,120.4838028,22.4550877,2530127,0,691857,0
09:09:59.704,68,31,88,19,120.4838028,22.4550877,2528361,0,712454,0
09:09:59.810,68,31,86,18,120.4838181,22.4550228,2528361,0,712454,0
09:09:59.907,69,33,86,18,120.4838181,22.4550228,2591557,0,751285,0
09:10:00.066,69,32,84,18,120.4838181,22.4549809,2571659,0,740350,0
09:10:00.115,69,32,84,18,120.4838181,22.4549809,2571659,0,740350,0
09:10:00.213,71,29,84,18,120.4838181,22.4549809,2646157,0,685809,0
09:10:00.354,71,29,82,19,120.4838181,22.4549179,2646157,0,685809,0
09:10:00.404,71,29,82,19,120.4838181,22.4549179,2666842,0,670163,0
09:10:00.501,72,28,81,19,120.4838028,22.4548759,2681387,0,657538,0
09:10:00.613,71,27,81,19,120.4838028,22.4548759,2663456,0,635138,0
09:10:00.711,71,27,81,19,120.4838028,22.4548759,2668079,0,631941,0
09:10:00.838,71,27,80,19,120.4837875,22.4548168,2668079,0,631941,0
09:10:00.904,71,28,80,19,120.4837875,22.4548168,2663866,0,654424,0
09:10:01.088,71,27,80,19,120.4837723,22.4547768,2666525,0,643864,0
09:10:01.104,71,27,80,19,120.4837723,22.4547768,2666525,0,643864,0
09:10:01.201,68,21,80,19,120.4837723,22.4547768,2541927,0,501127,0
09:10:01.339,68,21,79,19,120.4837494,22.4547234,2541927,0,501127,0
09:10:01.404,72,22,79,19,120.4837494,22.4547234,2704714,0,537176,0
09:10:01.541,78,24,79,19,120.4837265,22.4546871,2911701,0,578731,0
09:10:01.605,79,25,79,19,120.4837265,22.4546871,2959938,0,596632,0
09:10:01.701,81,28,79,19,120.4837265,22.4546871,3011654,0,646761,0
09:10:01.858,79,25,81,18,120.4836884,22.4546394,2932300,0,598598,0
09:10:01.906,80,25,81,18,120.4836884,22.4546394,2999698,0,595199,0
09:10:02.059,82,27,82,18,120.4836578,22.4546089,3049730,0,631502,0
09:10:02.108,83,27,82,18,120.4836578,22.4546089,3099632,0,629906,0
09:10:02.206,83,25,82,18,120.4836578,22.4546089,3081845,0,600864,0
09:10:02.314,82,25,84,18,120.4836121,22.4545650,3070344,0,596233,0
09:10:02.403,82,25,84,18,120.4836121,22.4545650,3070344,0,596233,0
09:10:02.501,86,29,84,18,120.4836121,22.4545650,3192639,0,671779,0
09:10:02.664,86,29,87,19,120.4835587,22.4545269,3192639,0,671779,0
09:10:02.713,88,30,87,19,120.4835587,22.4545269,3269817,0,705675,0
09:10:02.841,88,30,88,19,120.4835205,22.4545021,3278415,0,699630,0
09:10:02.905,84,28,88,19,120.4835205,22.4545021,3145178,0,655773,0
09:10:03.000,85,25,88,19,120.4835205,22.4545021,3164153,0,585613,0
09:10:03.125,90,31,90,19,120.4834595,22.4544697,3344386,0,722352,0
09:10:03.208,92,37,90,19,120.4834595,22.4544697,3428945,0,856568,0
09:10:03.305,90,36,90,19,120.4834595,22.4544697,3334277,0,815621,0
09:10:03.446,90,33,93,19,120.4833755,22.4544430,3332735,0,763401,0
09:10:03.513,92,36,93,19,120.4833755,22.4544430,3405497,0,826944,0
09:10:03.609,93,39,93,19,120.4833755,22.4544430,3439084,0,884477,0
09:10:03.741,94,37,97,19,120.4833145,22.4544201,3475801,0,839222,0
09:10:03.810,97,44,97,19,120.4833145,22.4544201,3619914,0,998415,0
09:10:03.908,96,46,97,19,120.4833145,22.4544201,3581756,0,1043593,0
09:10:04.018,96,44,100,19,120.4832382,22.4543991,3560014,0,990304,0
09:10:04.114,96,42,100,19,120.4832382,22.4543991,3550191,0,962470,0
09:10:04.211,96,43,100,19,120.4832382,22.4543991,3575782,0,975138,0
09:10:04.388,94,42,102,19,120.4831467,22.4543800,3505531,0,959902,0
09:10:04.404,94,42,102,19,120.4831467,22.4543800,3505531,0,959902,0
09:10:04.530,95,42,104,19,120.4831009,22.4543705,3524942,0,952896,0
09:10:04.613,93,43,104,19,120.4831009,22.4543705,3445093,0,978025,0
09:10:04.744,90,42,106,19,120.4830475,22.4543629,3350978,0,959425,0
09:10:04.809,83,41,106,19,120.4830475,22.4543629,3076948,0,939653,0
09:10:04.910,78,40,107,19,120.4829788,22.4543571,2914573,0,914736,0
09:10:05.008,77,41,107,19,120.4829788,22.4543571,2884717,0,936595,0
09:10:05.161,76,42,105,19,120.4829330,22.4543514,2831851,0,945111,0
09:10:05.209,76,42,105,19,120.4829330,22.4543514,2831851,0,945111,0
09:10:05.306,76,37,105,19,120.4829330,22.4543514,2834151,0,856243,0
09:10:05.409,76,37,103,19,120.4828415,22.4543495,2834151,0,856243,0
09:10:05.508,80,37,103,19,120.4828415,22.4543495,2967086,0,854670,0
09:10:05.623,80,37,103,19,120.4827881,22.4543495,2967086,0,854670,0
09:10:05.704,78,35,103,19,120.4827881,22.4543495,2924021,0,806209,0
09:10:05.801,82,37,103,19,120.4827881,22.4543495,3064284,0,838437,0
09:10:06.000,82,39,102,19,120.4827042,22.4543533,3067100,0,879329,0
09:10:06.114,75,24,102,19,120.4827042,22.4543533,2812191,0,567007,0
09:10:06.246,80,29,102,19,120.4826202,22.4543629,2972560,0,675106,0
09:10:06.310,84,32,102,19,120.4826202,22.4543629,3115203,0,736326,0
09:10:06.403,84,32,102,19,120.4825745,22.4543743,3115203,0,736326,0
09:10:06.504,81,33,102,19,120.4825745,22.4543743,3032206,0,769223,0
09:10:06.600,77,35,102,19,120.4825745,22.4543743,2864633,0,795460,0
09:10:06.766,71,34,102,19,120.4824829,22.4543896,2640039,0,786662,0
09:10:06.815,71,34,102,19,120.4824829,22.4543896,2640039,0,786662,0
09:10:06.927,63,26,100,19,120.4824295,22.4544048,2367852,0,621864,0
09:10:07.008,66,25,100,19,120.4824295,22.4544048,2453529,0,584864,0
09:10:07.138,70,31,99,18,120.4823837,22.4544201,2633921,0,724283,0
09:10:07.203,70,31,99,18,120.4823837,22.4544201,2633921,0,724283,0
09:10:07.330,77,37,97,18,120.4823456,22.4544430,2877638,0,843032,0
09:10:07.413,80,39,97,18,120.4823456,22.4544430,2995524,0,898768,0
09:10:07.540,81,39,96,18,120.4822922,22.4544659,3029010,0,888368,0
09:10:07.605,80,35,96,18,120.4822922,22.4544659,2995868,0,804144,0
09:10:07.703,82,33,96,18,120.4822388,22.4544888,3041521,0,761041,0
09:10:07.800,85,39,96,18,120.4822388,22.4544888,3178048,0,891032,0
09:10:07.909,78,31,96,18,120.4822006,22.4545135,2901379,0,713617,0
09:10:08.005,75,26,96,18,120.4822006,22.4545135,2813635,0,618673,0
09:10:08.135,81,33,96,18,120.4821625,22.4545422,3006012,0,763650,0
09:10:08.201,81,33,96,18,120.4821625,22.4545422,3006012,0,763650,0
09:10:08.330,85,47,96,16,120.4821091,22.4545708,3160922,0,1050571,0
09:10:08.410,79,44,96,16,120.4821091,22.4545708,2943331,0,997125,0
09:10:08.560,78,44,94,18,120.4820709,22.4546013,2925778,0,1001313,0
09:10:08.609,79,47,94,18,120.4820709,22.4546013,2947797,0,1052358,0
09:10:08.700,79,47,93,18,120.4820328,22.4546337,2947797,0,1052358,0
09:10:08.813,70,56,93,18,120.4820328,22.4546337,2617748,0,1259663,0
09:10:08.915,70,56,92,18,120.4819946,22.4546661,2617748,0,1259663,0
09:10:09.013,65,61,92,18,120.4819946,22.4546661,2444966,0,1363684,0
09:10:09.161,65,68,89,18,120.4819717,22.4546967,2437979,0,1508169,0
09:10:09.209,60,68,89,18,120.4819717,22.4546967,2261151,0,1495222,0
09:10:09.305,58,67,89,18,120.4819717,22.4546967,2164479,0,1480391,0
09:10:09.444,58,68,84,18,120.4819183,22.4547424,2168733,0,1498969,0
09:10:09.509,58,70,84,18,120.4819183,22.4547424,2188308,0,1556010,0
09:10:09.606,56,70,84,18,120.4819183,22.4547424,2120790,0,1551952,0
09:10:09.735,55,70,78,19,120.4818726,22.4547844,2076113,0,1554032,0
09:10:09.800,55,72,78,19,120.4818726,22.4547844,2066053,0,1597506,0
09:10:09.914,55,74,78,19,120.4818726,22.4547844,2082886,0,1632001,0
09:10:10.060,56,76,73,19,120.4818268,22.4548244,2106193,0,1664796,0
09:10:10.109,56,76,73,19,120.4818268,22.4548244,2120047,0,1665880,0
09:10:10.205,56,75,73,19,120.4818268,22.4548244,2101826,0,1652077,0
09:10:10.323,55,72,68,19,120.4817810,22.4548588,2071072,0,1580691,0
09:10:10.404,56,68,68,19,120.4817810,22.4548588,2116928,0,1500470,0
09:10:10.501,57,67,68,19,120.4817810,22.4548588,2156775,0,1482522,0
09:10:10.669,56,64,62,19,120.4817429,22.4548893,2115635,0,1411877,0
09:10:10.701,56,64,62,19,120.4817429,22.4548893,2115635,0,1411877,0
09:10:10.829,56,58,60,19,120.4817123,22.4549065,2119583,0,1289864,0
09:10:10.909,57,58,60,19,120.4817123,22.4549065,2145494,0,1289617,0
09:10:11.005,57,58,57,19,120.4816895,22.4549236,2143033,0,1293854,0
09:10:11.100,56,57,57,19,120.4816895,22.4549236,2110586,0,1263165,0
09:10:11.213,61,49,57,19,120.4816895,22.4549236,2298995,0,1106582,0
09:10:11.361,61,49,53,19,120.4816513,22.4549427,2298995,0,1106582,0
09:10:11.409,68,45,53,19,120.4816513,22.4549427,2551586,0,1015572,0
09:10:11.527,68,45,51,19,120.4816284,22.4549522,2551586,0,1015572,0
09:10:11.607,69,42,51,19,120.4816284,22.4549522,2598946,0,952373,0
09:10:11.716,64,36,49,19,120.4815979,22.4549599,2402027,0,835327,0
09:10:11.813,61,27,49,19,120.4815979,22.4549599,2291792,0,637389,0
09:10:11.941,63,25,47,18,120.4815750,22.4549656,2356202,0,599778,0
09:10:12.005,73,34,47,18,120.4815750,22.4549656,2719254,0,792863,0
09:10:12.103,73,41,47,18,120.4815750,22.4549656,2745086,0,932366,0
09:10:12.243,69,37,46,18,120.4815369,22.4549656,2592243,0,851863,0
09:10:12.308,68,34,46,18,120.4815369,22.4549656,2548090,0,774660,0
09:10:12.404,68,33,46,18,120.4815369,22.4549656,2535579,0,757266,0
09:10:12.516,73,33,43,19,120.4814987,22.4549599,2732250,0,760133,0
09:10:12.613,78,32,43,19,120.4814987,22.4549599,2909005,0,750305,0
09:10:12.742,79,32,44,18,120.4814682,22.4549541,2960573,0,733703,0
09:10:12.806,81,29,44,18,120.4814682,22.4549541,3003113,0,679879,0
09:10:12.935,81,30,45,19,120.4814606,22.4549446,3033224,0,704568,0
09:10:13.000,80,30,45,19,120.4814606,22.4549446,2994300,0,698742,0
09:10:13.114,80,29,45,19,120.4814606,22.4549446,2970413,0,674246,0
09:10:13.258,80,30,47,19,120.4814224,22.4549255,3000518,0,689750,0
09:10:13.308,80,30,47,19,120.4814224,22.4549255,3000518,0,689750,0
09:10:13.404,82,33,47,19,120.4814224,22.4549255,3038857,0,760580,0
09:10:13.521,80,27,49,19,120.4813919,22.4549007,2967187,0,642543,0
09:10:13.601,79,29,49,19,120.4813919,22.4549007,2963413,0,685934,0
09:10:13.700,83,32,49,19,120.4813919,22.4549007,3105966,0,744962,0
09:10:13.855,84,34,52,19,120.4813690,22.4548683,3118564,0,781975,0
09:10:13.915,84,34,52,19,120.4813690,22.4548683,3118564,0,781975,0
09:10:14.059,82,31,52,19,120.4813538,22.4548473,3061767,0,712401,0
09:10:14.109,84,28,52,19,120.4813538,22.4548473,3120282,0,654893,0
09:10:14.206,88,30,52,19,120.4813538,22.4548473,3258501,0,697792,0
09:10:14.346,88,32,55,19,120.4813461,22.4548073,3258400,0,740429,0
09:10:14.411,88,31,55,19,120.4813461,22.4548073,3280119,0,718759,0
09:10:14.520,90,33,57,19,120.4813309,22.4547806,3331306,0,762076,0
09:10:14.608,91,34,57,19,120.4813309,22.4547806,3369355,0,779015,0
09:10:14.704,91,34,57,19,120.4813309,22.4547806,3391255,0,777580,0
09:10:14.880,94,35,60,19,120.4813156,22.4547367,3492418,0,811047,0
09:10:14.913,94,35,60,19,120.4813156,22.4547367,3492418,0,811047,0
09:10:15.009,96,34,60,19,120.4813156,22.4547367,3582997,0,783997,0
09:10:15.106,99,35,60,19,120.4813156,22.4547367,3693369,0,802370,0
09:10:15.215,99,35,65,19,120.4813156,22.4546871,3693369,0,802370,0
09:10:15.312,100,44,65,19,120.4813156,22.4546871,3833367,0,999796,0
09:10:15.428,100,46,71,19,120.4813156,22.4546375,3903347,0,1039314,0
09:10:15.509,100,52,71,19,120.4813156,22.4546375,3940282,0,1155700,0
09:10:15.604,100,53,71,19,120.4813156,22.4546375,3911357,0,1178544,0
09:10:15.760,100,50,78,19,120.4813156,22.4545803,3950912,0,1126196,0
09:10:15.810,100,50,78,19,120.4813156,22.4545803,3963469,0,1122689,0
09:10:15.929,100,50,82,19,120.4813156,22.4545403,3897889,0,1116912,0
09:10:16.011,100,44,82,19,120.4813156,22.4545403,3847427,0,997135,0
09:10:16.109,100,44,82,19,120.4813156,22.4545403,3886696,0,1000589,0
09:10:16.261,100,49,88,19,120.4813309,22.4544773,3864061,0,1100535,0
09:10:16.310,100,49,88,19,120.4813309,22.4544773,3864061,0,1100535,0
09:10:16.408,100,50,88,19,120.4813309,22.4544773,3937532,0,1114017,0
09:10:16.539,100,50,97,19,120.4813309,22.4544067,3937532,0,1114017,0
09:10:16.604,100,50,97,19,120.4813309,22.4544067,4076741,0,1122989,0
09:10:16.701,100,52,97,19,120.4813309,22.4544067,4010252,0,1154307,0
09:10:16.854,100,47,105,19,120.4813309,22.4543304,3973693,0,1056127,0
09:10:16.904,100,48,105,19,120.4813309,22.4543304,4004746,0,1070142,0
09:10:17.030,100,49,111,19,120.4813309,22.4542751,4007668,0,1104762,0
09:10:17.111,100,48,111,19,120.4813309,22.4542751,3991544,0,1081264,0
09:10:17.209,100,48,111,19,120.4813309,22.4542751,3936729,0,1086323,0
09:10:17.349,100,49,119,19,120.4813461,22.4541893,3953151,0,1109147,0
09:10:17.414,100,49,119,19,120.4813461,22.4541893,3935624,0,1094268,0
09:10:17.530,100,47,124,19,120.4813461,22.4541264,3968181,0,1058485,0
09:10:17.610,100,49,124,19,120.4813461,22.4541264,3905359,0,1108098,0
09:10:17.708,100,46,124,19,120.4813461,22.4541264,3953418,0,1038870,0
09:10:17.879,100,45,132,19,120.4813461,22.4540291,3994719,0,1015023,0
09:10:17.913,100,45,132,19,120.4813461,22.4540291,3994719,0,1015023,0
09:10:18.010,100,49,132,19,120.4813461,22.4540291,3916130,0,1092471,0
09:10:18.114,100,45,137,19,120.4813461,22.4539604,3812012,0,1025610,0
09:10:18.211,96,46,137,19,120.4813461,22.4539604,3579353,0,1039189,0
09:10:18.320,86,44,142,19,120.4813461,22.4538536,3208525,0,989394,0
09:10:18.401,79,46,142,19,120.4813461,22.4538536,2952020,0,1044414,0
09:10:18.515,78,47,140,19,120.4813538,22.4537849,2904461,0,1057639,0
09:10:18.601,78,47,140,19,120.4813538,22.4537849,2904461,0,1057639,0
09:10:18.731,78,47,137,19,120.4813538,22.4537144,2897771,0,1055451,0
09:10:18.811,75,49,137,19,120.4813538,22.4537144,2807950,0,1100132,0
09:10:18.939,73,56,135,19,120.4813538,22.4536457,2716464,0,1243463,0
09:10:19.004,65,58,135,19,120.4813538,22.4536457,2438269,0,1299881,0
09:10:19.101,62,62,135,19,120.4813538,22.4536457,2343540,0,1371782,0
09:10:19.206,62,62,132,19,120.4813538,22.4535789,2341716,0,1385742,0
09:10:19.304,61,59,132,19,120.4813538,22.4535789,2300832,0,1302170,0
09:10:19.459,63,60,126,19,120.4813538,22.4534817,2376333,0,1328788,0
09:10:19.508,64,65,126,19,120.4813538,22.4534817,2380818,0,1430612,0
09:10:19.604,60,65,126,19,120.4813538,22.4534817,2245370,0,1450450,0
09:10:19.744,59,66,121,19,120.4813690,22.4533882,2216085,0,1468386,0
09:10:19.809,58,71,121,19,120.4813690,22.4533882,2175805,0,1561967,0
09:10:19.906,55,71,121,19,120.4813690,22.4533882,2087410,0,1573499,0
09:10:20.004,55,72,121,19,120.4813690,22.4533882,2068681,0,1578459,0
09:10:20.115,55,72,115,19,120.4813690,22.4533005,2068681,0,1578459,0
09:10:20.211,55,71,115,19,120.4813690,22.4533005,2059928,0,1566017,0
09:10:20.353,53,69,109,19,120.4813690,22.4532166,1992493,0,1526821,0
09:10:20.403,53,69,109,19,120.4813690,22.4532166,1992493,0,1526821,0
09:10:20.509,52,67,109,19,120.4813690,22.4532166,1946320,0,1490484,0
09:10:20.651,51,70,102,19,120.4813843,22.4531384,1942171,0,1538340,0
09:10:20.700,50,54,102,19,120.4813843,22.4531384,1891060,0,1200844,0
09:10:20.814,58,61,102,19,120.4813843,22.4531384,2172905,0,1356229,0
09:10:20.928,55,59,96,19,120.4813919,22.4530621,2075649,0,1313610,0
09:10:21.006,59,54,96,19,120.4813919,22.4530621,2204618,0,1214225,0
09:10:21.104,62,54,96,19,120.4813919,22.4530621,2308776,0,1197628,0
09:10:21.205,63,54,93,19,120.4813919,22.4530163,2379394,0,1215647,0
09:10:21.304,64,55,93,19,120.4813919,22.4530163,2401166,0,1224776,0
09:10:21.446,65,56,89,19,120.4814072,22.4529495,2440008,0,1255680,0
09:10:21.501,65,56,89,19,120.4814072,22.4529495,2440008,0,1255680,0
09:10:21.615,57,47,89,19,120.4814072,22.4529495,2135275,0,1066066,0
09:10:21.728,62,45,84,19,120.4814301,22.4528866,2322867,0,1013417,0
09:10:21.809,68,48,84,19,120.4814301,22.4528866,2562266,0,1085763,0
09:10:21.906,67,42,84,19,120.4814301,22.4528866,2508263,0,949430,0
09:10:22.003,68,41,84,19,120.4814301,22.4528866,2535319,0,926071,0
09:10:22.109,66,35,80,19,120.4814606,22.4528275,2457572,0,796916,0
09:10:22.205,65,34,80,19,120.4814606,22.4528275,2423186,0,779187,0
09:10:22.348,65,33,77,19,120.4814835,22.4527740,2420370,0,755040,0
09:10:22.413,62,28,77,19,120.4814835,22.4527740,2341494,0,650910,0
09:10:22.510,66,31,77,19,120.4814835,22.4527740,2458115,0,727397,0
09:10:22.689,66,32,73,18,120.4815216,22.4527264,2459663,0,744145,0
09:10:22.705,66,32,73,18,120.4815216,22.4527264,2459663,0,744145,0
09:10:22.804,64,32,73,18,120.4815216,22.4527264,2410331,0,731274,0
09:10:22.946,63,29,71,18,120.4815521,22.4526825,2351712,0,682434,0
09:10:23.013,66,30,71,18,120.4815521,22.4526825,2457191,0,699378,0
09:10:23.109,70,31,71,18,120.4815521,22.4526825,2627257,0,709812,0
09:10:23.250,74,30,68,19,120.4815979,22.4526463,2773967,0,707209,0
09:10:23.315,83,32,68,19,120.4815979,22.4526463,3084207,0,734266,0
09:10:23.411,84,34,68,19,120.4815979,22.4526463,3140459,0,774668,0
09:10:23.553,81,29,70,19,120.4816360,22.4526157,3025026,0,686905,0
09:10:23.601,82,29,70,19,120.4816360,22.4526157,3056948,0,676464,0
09:10:23.738,83,30,71,19,120.4816742,22.4525986,3097291,0,700049,0
09:10:23.803,82,29,71,19,120.4816742,22.4525986,3064158,0,684765,0
09:10:23.900,86,30,71,19,120.4816742,22.4525986,3216394,0,687920,0
09:10:24.013,88,33,71,19,120.4816742,22.4525986,3257653,0,752960,0
09:10:24.119,88,33,73,19,120.4817276,22.4525757,3257653,0,752960,0
09:10:24.200,87,29,73,19,120.4817276,22.4525757,3229970,0,679058,0
09:10:24.356,90,31,76,19,120.4817810,22.4525566,3353228,0,728568,0
09:10:24.404,90,31,76,19,120.4817810,22.4525566,3353228,0,728568,0
09:10:24.501,91,31,76,19,120.4817810,22.4525566,3392366,0,722653,0
09:10:24.661,93,32,79,19,120.4818420,22.4525433,3451454,0,733516,0
09:10:24.710,94,33,79,19,120.4818420,22.4525433,3505854,0,767686,0
09:10:24.810,94,33,82,19,120.4818954,22.4525394,3511703,0,768168,0
09:10:24.909,96,32,82,19,120.4818954,22.4525394,3569108,0,731396,0
09:10:25.038,100,34,85,19,120.4819336,22.4525356,3733916,0,777118,0
09:10:25.105,100,37,85,19,120.4819336,22.4525356,3750937,0,837406,0
09:10:25.203,100,35,85,19,120.4819336,22.4525356,3714602,0,797911,0
09:10:25.347,100,39,92,19,120.4820099,22.4525337,3797953,0,879473,0
09:10:25.411,100,39,92,19,120.4820099,22.4525337,3797953,0,879473,0
09:10:25.530,100,46,97,19,120.4820633,22.4525356,3863884,0,1031289,0
09:10:25.611,100,45,97,19,120.4820633,22.4525356,3919299,0,1012543,0
09:10:25.709,100,49,97,19,120.4820633,22.4525356,3983789,0,1092840,0
09:10:25.858,100,49,103,19,120.4821396,22.4525414,3854286,0,1105925,0
09:10:25.906,100,49,103,19,120.4821396,22.4525414,3854286,0,1105925,0
09:10:26.004,100,46,103,19,120.4821396,22.4525414,3909345,0,1044306,0
09:10:26.114,100,49,110,18,120.4822235,22.4525471,3952961,0,1100833,0
09:10:26.209,100,51,110,18,120.4822235,22.4525471,3871209,0,1153439,0
09:10:26.306,100,46,110,18,120.4822235,22.4525471,3775647,0,1037831,0
09:10:26.420,95,47,117,19,120.4823151,22.4525566,3535963,0,1051413,0
09:10:26.508,80,47,117,19,120.4823151,22.4525566,2974097,0,1063412,0
09:10:26.605,76,46,117,19,120.4823151,22.4525566,2823897,0,1046795,0
09:10:26.745,78,48,115,19,120.4824219,22.4525642,2894102,0,1076360,0
09:10:26.809,79,50,115,19,120.4824219,22.4525642,2938358,0,1116413,0
09:10:26.923,80,51,113,19,120.4824677,22.4525719,2969247,0,1150368,0
09:10:27.004,75,51,113,19,120.4824677,22.4525719,2806063,0,1145719,0
09:10:27.101,69,54,113,19,120.4824677,22.4525719,2574141,0,1202035,0
09:10:27.289,62,56,109,19,120.4825592,22.4525795,2331055,0,1259519,0
09:10:27.306,62,56,109,19,120.4825592,22.4525795,2331055,0,1259519,0
09:10:27.408,58,64,106,19,120.4826202,22.4525833,2178583,0,1416190,0
09:10:27.504,57,66,106,19,120.4826202,22.4525833,2147937,0,1470443,0
09:10:27.665,55,69,102,19,120.4826736,22.4525871,2073643,0,1516353,0
09:10:27.714,51,72,102,19,120.4826736,22.4525871,1938054,0,1581858,0
09:10:27.811,49,77,102,19,120.4826736,22.4525871,1844073,0,1692115,0
09:10:27.951,46,78,96,19,120.4827652,22.4525909,1744668,0,1716401,0
09:10:28.000,44,79,96,19,120.4827652,22.4525909,1685541,0,1741311,0
09:10:28.113,44,82,96,19,120.4827652,22.4525909,1680789,0,1797298,0
09:10:28.238,44,82,88,19,120.4828262,22.4525928,1657625,0,1800788,0
09:10:28.304,43,80,88,19,120.4828262,22.4525928,1631003,0,1752889,0
09:10:28.400,45,79,88,19,120.4828262,22.4525928,1696253,0,1738547,0
09:10:28.524,46,80,80,19,120.4829025,22.4525928,1739299,0,1751808,0
09:10:28.604,46,81,80,19,120.4829025,22.4525928,1744975,0,1785160,0
09:10:28.701,44,80,80,19,120.4829025,22.4525928,1674469,0,1748209,0
09:10:28.804,43,76,74,19,120.4829712,22.4525909,1648670,0,1683700,0
09:10:28.901,43,76,74,19,120.4829712,22.4525909,1648670,0,1683700,0
09:10:29.043,47,75,69,19,120.4830093,22.4525871,1775520,0,1661277,0
09:10:29.108,48,75,69,19,120.4830093,22.4525871,1816234,0,1655897,0
09:10:29.205,48,71,69,19,120.4830093,22.4525871,1817549,0,1573153,0
09:10:29.301,49,69,63,19,120.4830627,22.4525814,1868968,0,1525474,0
09:10:29.410,51,66,63,19,120.4830627,22.4525814,1920200,0,1470188,0
09:10:29.508,52,64,63,19,120.4830627,22.4525814,1946328,0,1410773,0
09:10:29.660,52,62,58,19,120.4831085,22.4525719,1969492,0,1384131,0
09:10:29.709,53,61,58,19,120.4831085,22.4525719,1991898,0,1355136,0
09:10:29.807,52,60,55,19,120.4831390,22.4525623,1967693,0,1325409,0
09:10:29.905,51,55,55,19,120.4831390,22.4525623,1926458,0,1218179,0
09:10:30.088,55,47,52,19,120.4831619,22.4525509,2082016,0,1059281,0
09:10:30.104,55,47,52,19,120.4831619,22.4525509,2082016,0,1059281,0
09:10:30.201,70,43,52,19,120.4831619,22.4525509,2628981,0,983209,0
09:10:30.345,70,43,50,19,120.4832001,22.4525337,2628981,0,983209,0
09:10:30.411,68,40,50,19,120.4832001,22.4525337,2561635,0,917461,0
09:10:30.541,67,37,48,19,120.4832153,22.4525166,2521457,0,840947,0
09:10:30.605,67,35,48,19,120.4832153,22.4525166,2490352,0,802993,0
09:10:30.703,66,34,48,19,120.4832153,22.4525166,2486945,0,784463,0
09:10:30.843,66,34,45,19,120.4832535,22.4524937,2468584,0,779814,0
09:10:30.909,65,33,45,19,120.4832535,22.4524937,2417333,0,765161,0
09:10:31.018,63,32,44,19,120.4832611,22.4524746,2372754,0,730083,0
09:10:31.114,64,32,44,19,120.4832611,22.4524746,2390632,0,736178,0
09:10:31.211,64,33,44,19,120.4832611,22.4524746,2396664,0,768025,0
09:10:31.349,63,33,42,19,120.4832764,22.4524460,2364392,0,756307,0
09:10:31.413,63,30,42,19,120.4832764,22.4524460,2375219,0,691050,0
09:10:31.500,68,29,42,19,120.4832764,22.4524460,2539396,0,670785,0
09:10:31.664,71,30,40,19,120.4832764,22.4524250,2639815,0,694300,0
09:10:31.713,72,30,40,19,120.4832764,22.4524250,2674081,0,701298,0
09:10:31.811,72,31,40,19,120.4832764,22.4524250,2701978,0,711097,0
09:10:31.908,72,30,40,19,120.4832764,22.4524250,2708511,0,703425,0
09:10:32.005,74,31,40,19,120.4832764,22.4524250,2766546,0,717650,0
09:10:32.151,76,30,41,19,120.4832916,22.4523888,2850298,0,703455,0
09:10:32.200,76,30,41,19,120.4832916,22.4523888,2850298,0,703455,0
09:10:32.313,80,27,41,19,120.4832916,22.4523888,2967146,0,639304,0
09:10:32.402,80,27,41,19,120.4832916,22.4523888,2988637,0,636303,0
09:10:32.505,80,27,42,19,120.4832916,22.4523487,2988637,0,636303,0
09:10:32.603,84,31,42,19,120.4832916,22.4523487,3139597,0,710061,0
09:10:32.700,84,31,42,19,120.4832916,22.4523487,3139395,0,727606,0
09:10:32.844,83,28,45,19,120.4832611,22.4523106,3098128,0,659271,0
09:10:32.924,83,28,45,19,120.4832611,22.4523106,3098128,0,659271,0
09:10:33.004,85,26,45,19,120.4832611,22.4523106,3173707,0,607085,0
09:10:33.100,88,28,45,19,120.4832611,22.4523106,3258324,0,653626,0
09:10:33.213,90,30,45,19,120.4832611,22.4523106,3364195,0,702116,0
09:10:33.310,92,31,50,19,120.4832230,22.4522762,3409643,0,725790,0
09:10:33.409,94,33,50,19,120.4832230,22.4522762,3476611,0,761877,0
09:10:33.505,94,34,50,19,120.4832230,22.4522762,3487341,0,776586,0
09:10:33.601,95,34,50,19,120.4832230,22.4522762,3527181,0,783504,0
09:10:33.720,96,35,56,19,120.4831772,22.4522476,3573249,0,794914,0
09:10:33.801,95,33,56,19,120.4831772,22.4522476,3547468,0,766914,0
09:10:33.913,97,33,56,19,120.4831772,22.4522476,3594763,0,760887,0
09:10:34.077,98,35,63,19,120.4831238,22.4522247,3640989,0,811800,0
09:10:34.110,98,35,63,19,120.4831238,22.4522247,3657999,0,796147,0
09:10:34.208,99,35,63,19,120.4831238,22.4522247,3664025,0,794018,0
09:10:34.304,99,35,63,19,120.4831238,22.4522247,3681732,0,810391,0
09:10:34.400,99,36,63,19,120.4831238,22.4522247,3687509,0,822434,0
09:10:34.505,99,36,70,19,120.4830475,22.4522076,3687509,0,822434,0
09:10:34.604,100,42,70,19,120.4830475,22.4522076,3805476,0,944644,0
09:10:34.700,100,41,70,19,120.4830475,22.4522076,3748575,0,922744,0
09:10:34.814,100,41,70,19,120.4830475,22.4522076,3780093,0,924076,0
09:10:34.922,100,41,79,19,120.4829712,22.4521980,3780093,0,924076,0
09:10:35.003,100,42,79,19,120.4829712,22.4521980,3798490,0,941626,0
09:10:35.100,100,45,79,19,120.4829712,22.4521980,3811715,0,1014540,0
09:10:35.284,100,44,87,19,120.4828796,22.4521961,3802005,0,1003652,0
09:10:35.300,100,44,87,19,120.4828796,22.4521961,3802005,0,1003652,0
09:10:35.413,100,47,87,19,120.4828796,22.4521961,3859793,0,1056027,0
09:10:35.510,100,47,87,19,120.4828796,22.4521961,3861599,0,1062135,0
09:10:35.694,100,47,96,19,120.4827805,22.4521961,3893331,0,1053894,0
09:10:35.710,100,47,96,19,120.4827805,22.4521961,3893331,0,1053894,0
09:10:35.808,100,51,96,19,120.4827805,22.4521961,3980761,0,1147112,0
09:10:35.906,100,54,96,19,120.4827805,22.4521961,3936365,0,1216425,0
09:10:36.004,88,50,96,19,120.4827805,22.4521961,3264916,0,1129817,0
09:10:36.121,88,50,105,19,120.4826736,22.4522018,3264916,0,1129817,0
09:10:36.203,82,51,105,19,120.4826736,22.4522018,3061404,0,1134509,0
09:10:36.300,81,50,105,19,120.4826736,22.4522018,3011329,0,1117158,0
09:10:36.501,79,50,104,19,120.4825592,22.4522076,2938859,0,1112940,0
09:10:36.604,78,48,104,19,120.4825592,22.4522076,2918102,0,1072446,0
09:10:36.701,78,47,104,19,120.4825592,22.4522076,2915437,0,1068602,0
09:10:36.925,77,49,101,19,120.4824448,22.4522152,2876818,0,1110076,0
09:10:37.005,68,52,101,19,120.4824448,22.4522152,2534226,0,1172829,0
09:10:37.101,65,54,101,19,120.4824448,22.4522152,2416960,0,1201366,0
09:10:37.213,63,59,101,19,120.4824448,22.4522152,2372909,0,1304559,0
09:10:37.318,63,59,98,19,120.4823303,22.4522209,2372909,0,1304559,0
09:10:37.400,60,64,98,19,120.4823303,22.4522209,2236907,0,1422754,0
09:10:37.513,56,68,98,19,120.4823303,22.4522209,2104069,0,1503328,0
09:10:37.689,57,70,91,19,120.4822235,22.4522247,2126113,0,1539823,0
09:10:37.705,57,70,91,19,120.4822235,22.4522247,2126113,0,1539823,0
09:10:37.803,55,70,91,19,120.4822235,22.4522247,2060435,0,1552993,0
09:10:37.900,54,72,91,19,120.4822235,22.4522247,2025717,0,1581465,0
09:10:38.013,52,72,91,19,120.4822235,22.4522247,1974971,0,1592410,0
09:10:38.124,52,72,83,19,120.4821396,22.4522247,1974971,0,1592410,0
09:10:38.206,50,73,83,19,120.4821396,22.4522247,1872139,0,1605423,0
09:10:38.303,47,73,83,19,120.4821396,22.4522247,1779809,0,1611296,0
09:10:38.401,46,74,83,19,120.4821396,22.4522247,1741759,0,1638490,0
09:10:38.551,46,74,75,19,120.4820480,22.4522209,1741759,0,1638490,0
09:10:38.600,46,74,75,19,120.4820480,22.4522209,1741759,0,1638490,0
09:10:38.713,45,69,75,19,120.4820480,22.4522209,1696765,0,1531089,0
09:10:38.898,47,68,66,19,120.4819717,22.4522152,1767918,0,1505341,0
09:10:38.915,47,68,66,19,120.4819717,22.4522152,1767918,0,1505341,0
09:10:39.012,47,68,66,19,120.4819717,22.4522152,1793339,0,1503981,0
09:10:39.109,55,58,66,19,120.4819717,22.4522152,2065972,0,1300336,0
09:10:39.208,64,54,66,19,120.4819717,22.4522152,2412180,0,1207312,0
09:10:39.300,64,54,58,19,120.4819107,22.4521999,2412180,0,1207312,0
09:10:39.413,67,46,58,19,120.4819107,22.4521999,2525741,0,1042965,0
09:10:39.509,67,41,58,19,120.4819107,22.4521999,2514632,0,939825,0
09:10:39.608,56,41,58,19,120.4819107,22.4521999,2092044,0,933991,0
09:10:39.713,56,41,53,19,120.4818573,22.4521770,2092044,0,933991,0
09:10:39.809,53,34,53,19,120.4818573,22.4521770,1982949,0,792112,0
09:10:39.905,60,37,53,19,120.4818573,22.4521770,2252963,0,847806,0
09:10:40.004,66,39,53,19,120.4818573,22.4521770,2453972,0,897225,0
09:10:40.129,68,40,48,19,120.4818039,22.4521503,2544712,0,909764,0
09:10:40.210,71,40,48,19,120.4818039,22.4521503,2664328,0,915683,0
09:10:40.338,70,40,47,19,120.4817657,22.4521141,2635746,0,913781,0
09:10:40.403,70,40,47,19,120.4817657,22.4521141,2635746,0,913781,0
09:10:40.515,67,34,45,19,120.4817505,22.4520912,2500898,0,782486,0
09:10:40.613,66,34,45,19,120.4817505,22.4520912,2483918,0,780595,0
09:10:40.709,66,33,45,19,120.4817505,22.4520912,2479018,0,751810,0
09:10:40.856,67,33,43,19,120.4817276,22.4520607,2505050,0,770837,0
09:10:40.904,68,35,43,19,120.4817276,22.4520607,2542035,0,803974,0
09:10:41.000,69,35,43,19,120.4817276,22.4520607,2596048,0,807533,0
09:10:41.156,71,33,41,19,120.4817276,22.4520283,2645062,0,769987,0
09:10:41.204,73,34,41,19,120.4817276,22.4520283,2728289,0,783075,0
09:10:41.301,74,34,41,19,120.4817276,22.4520283,2753718,0,773437,0
09:10:41.494,74,33,41,19,120.4817276,22.4519958,2772315,0,754749,0
09:10:41.518,74,33,41,19,120.4817276,22.4519958,2772315,0,754749,0
09:10:41.604,78,33,41,19,120.4817276,22.4519749,2900806,0,754711,0
09:10:41.700,79,33,41,19,120.4817276,22.4519749,2959505,0,768085,0
09:10:41.869,80,32,42,19,120.4817276,22.4519539,2974198,0,748938,0
09:10:41.901,80,32,42,19,120.4817276,22.4519539,2974198,0,748938,0
09:10:42.000,82,32,42,19,120.4817276,22.4519539,3068883,0,738583,0
09:10:42.113,85,32,44,19,120.4817429,22.4519329,3168328,0,747729,0
09:10:42.210,85,32,44,19,120.4817429,22.4519329,3148060,0,732037,0
09:10:42.333,88,32,46,19,120.4817505,22.4519005,3277772,0,737005,0
09:10:42.404,88,32,46,19,120.4817505,22.4519005,3277772,0,737005,0
09:10:42.500,91,34,46,19,120.4817505,22.4519005,3386341,0,783237,0
09:10:42.611,91,33,50,19,120.4817810,22.4518719,3386340,0,759552,0
09:10:42.711,93,34,50,19,120.4817810,22.4518719,3454727,0,775000,0
09:10:42.807,96,38,50,19,120.4817810,22.4518719,3577227,0,867960,0
09:10:42.928,96,38,54,19,120.4818039,22.4518433,3577227,0,867960,0
09:10:43.009,98,41,54,19,120.4818039,22.4518433,3629825,0,935614,0
09:10:43.160,100,42,57,19,120.4818268,22.4518242,3697685,0,955156,0
09:10:43.209,100,44,57,19,120.4818268,22.4518242,3720976,0,995237,0
09:10:43.305,100,45,57,19,120.4818268,22.4518242,3752333,0,1014522,0
09:10:43.445,100,47,61,19,120.4818726,22.4517975,3788793,0,1054824,0
09:10:43.511,100,49,61,19,120.4818726,22.4517975,3816602,0,1094086,0
09:10:43.639,100,51,65,19,120.4818954,22.4517784,3918116,0,1134817,0
09:10:43.703,100,51,65,19,120.4818954,22.4517784,3918116,0,1134817,0
09:10:43.800,100,53,65,19,120.4818954,22.4517784,3842503,0,1182045,0
09:10:43.930,95,52,71,19,120.4819489,22.4517479,3518890,0,1156957,0
09:10:44.015,95,52,71,19,120.4819489,22.4517479,3518890,0,1156957,0
09:10:44.113,82,51,71,19,120.4819489,22.4517479,3040151,0,1142107,0
09:10:44.235,82,51,72,19,120.4819946,22.4517193,3040151,0,1142107,0
09:10:44.301,80,50,72,19,120.4819946,22.4517193,2967723,0,1117625,0
09:10:44.446,77,48,71,19,120.4820251,22.4516983,2871076,0,1079797,0
09:10:44.503,73,42,71,19,120.4820251,22.4516983,2729167,0,950754,0
09:10:44.631,73,42,69,19,120.4820633,22.4516754,2729167,0,950754,0
09:10:44.711,71,40,69,19,120.4820633,22.4516754,2646935,0,901828,0
09:10:44.808,69,38,67,19,120.4820862,22.4516525,2586889,0,861201,0
09:10:44.904,67,34,67,19,120.4820862,22.4516525,2505907,0,781999,0
09:10:45.041,67,31,65,19,120.4821091,22.4516277,2499173,0,723559,0
09:10:45.105,78,32,65,19,120.4821091,22.4516277,2902139,0,731199,0
09:10:45.200,85,33,65,19,120.4821091,22.4516277,3169138,0,760057,0
09:10:45.339,86,33,65,19,120.4821396,22.4515896,3200587,0,765736,0
09:10:45.404,89,33,65,19,120.4821396,22.4515896,3303945,0,767532,0
09:10:45.505,90,33,67,19,120.4821625,22.4515591,3331932,0,760449,0
09:10:45.604,91,34,67,19,120.4821625,22.4515591,3383178,0,785647,0
09:10:45.733,91,34,69,19,120.4821777,22.4515305,3398350,0,777923,0
09:10:45.815,92,33,69,19,120.4821777,22.4515305,3422448,0,763590,0
09:10:45.913,92,33,72,19,120.4821854,22.4514961,3422448,0,763590,0
09:10:46.008,95,33,72,19,120.4821854,22.4514961,3531923,0,752758,0
09:10:46.138,96,34,75,18,120.4822006,22.4514599,3575377,0,775732,0
09:10:46.203,96,32,75,18,120.4822006,22.4514599,3566283,0,741532,0
09:10:46.301,97,32,75,18,120.4822006,22.4514599,3606537,0,749456,0
09:10:46.468,98,37,80,18,120.4822235,22.4514046,3624571,0,844526,0
09:10:46.507,98,37,80,18,120.4822235,22.4514046,3624571,0,844526,0
09:10:46.634,98,37,84,18,120.4822235,22.4513626,3658013,0,845085,0
09:10:46.700,100,36,84,18,120.4822235,22.4513626,3733927,0,814573,0
09:10:46.821,99,42,87,19,120.4822388,22.4513206,3665618,0,944718,0
09:10:46.903,100,36,87,19,120.4822388,22.4513206,3707932,0,824949,0
09:10:47.043,100,42,90,19,120.4822388,22.4512749,3798900,0,948273,0
09:10:47.107,100,42,90,19,120.4822388,22.4512749,3798900,0,948273,0
09:10:47.204,100,46,90,19,120.4822388,22.4512749,3855619,0,1028964,0
09:10:47.303,100,49,91,18,120.4822388,22.4512062,3855734,0,1097574,0
09:10:47.415,100,48,91,18,120.4822388,22.4512062,3815673,0,1069655,0
09:10:47.526,100,47,97,18,120.4822540,22.4511566,3783834,0,1054390,0
09:10:47.607,100,49,97,18,120.4822540,22.4511566,3847167,0,1103055,0
09:10:47.716,100,49,101,19,120.4822540,22.4511051,3847167,0,1103055,0
09:10:47.812,100,49,101,19,120.4822540,22.4511051,3775725,0,1100423,0
09:10:47.958,100,48,104,19,120.4822540,22.4510517,3823642,0,1076366,0
09:10:48.006,100,52,104,19,120.4822540,22.4510517,3884464,0,1157360,0
09:10:48.135,100,52,109,19,120.4822388,22.4509945,3884464,0,1157360,0
09:10:48.200,100,51,109,19,120.4822388,22.4509945,3751048,0,1142395,0
09:10:48.331,95,50,114,19,120.4822388,22.4509354,3545262,0,1111841,0
09:10:48.413,80,48,114,19,120.4822388,22.4509354,2981466,0,1078847,0
09:10:48.516,79,47,116,19,120.4822388,22.4508762,2948850,0,1058392,0
09:10:48.608,80,50,116,19,120.4822388,22.4508762,2979061,0,1115698,0
09:10:48.704,79,50,116,19,120.4822388,22.4508762,2957563,0,1125981,0
09:10:48.858,79,50,114,19,120.4822388,22.4507904,2937677,0,1120850,0
09:10:48.906,79,50,114,19,120.4822388,22.4507904,2937677,0,1120850,0
09:10:49.026,74,43,112,19,120.4822388,22.4507332,2772656,0,981392,0
09:10:49.108,74,44,112,19,120.4822388,22.4507332,2747327,0,996962,0
09:10:49.205,69,43,112,19,120.4822388,22.4507332,2564979,0,968858,0
09:10:49.347,72,42,108,20,120.4822388,22.4506493,2677399,0,949457,0
09:10:49.413,72,42,108,20,120.4822388,22.4506493,2677399,0,949457,0
09:10:49.511,73,43,108,20,120.4822388,22.4506493,2731017,0,972380,0
09:10:49.613,73,43,104,19,120.4822388,22.4505692,2731017,0,972380,0
09:10:49.703,73,43,104,19,120.4822388,22.4505692,2718120,0,963398,0
09:10:49.800,73,42,104,19,120.4822388,22.4505692,2728277,0,953336,0
09:10:49.940,70,40,100,19,120.4822540,22.4504929,2603664,0,903686,0
09:10:50.005,70,40,100,19,120.4822540,22.4504929,2603664,0,903686,0
09:10:50.103,69,38,100,19,120.4822540,22.4504929,2584908,0,868643,0
09:10:50.243,69,38,97,19,120.4822693,22.4504185,2567095,0,863138,0
09:10:50.308,69,38,97,19,120.4822693,22.4504185,2567095,0,863138,0
09:10:50.404,69,39,97,19,120.4822693,22.4504185,2592212,0,881454,0
09:10:50.505,69,39,93,20,120.4822769,22.4503498,2592212,0,881454,0
09:10:50.611,72,34,93,20,120.4822769,22.4503498,2676987,0,779893,0
09:10:50.708,74,36,93,20,120.4822769,22.4503498,2778641,0,820914,0
09:10:50.851,73,35,91,20,120.4823074,22.4502850,2744076,0,799934,0
09:10:50.900,73,35,91,20,120.4823074,22.4502850,2744076,0,799934,0
09:10:51.045,74,34,90,20,120.4823303,22.4502449,2778399,0,783432,0
09:10:51.109,72,35,90,20,120.4823303,22.4502449,2708786,0,807501,0
09:10:51.208,69,33,90,20,120.4823303,22.4502449,2571916,0,765519,0
09:10:51.377,69,34,88,20,120.4823532,22.4501858,2576429,0,787930,0
09:10:51.410,68,32,88,20,120.4823532,22.4501858,2537676,0,732614,0
09:10:51.534,68,32,86,20,120.4823837,22.4501476,2537676,0,732614,0
09:10:51.615,68,32,86,20,120.4823837,22.4501476,2527340,0,739903,0
09:10:51.711,69,31,86,20,120.4823837,22.4501476,2593746,0,708613,0
09:10:51.834,69,31,84,19,120.4824219,22.4500961,2593746,0,708613,0
09:10:51.911,70,30,84,19,120.4824219,22.4500961,2610562,0,694801,0
09:10:52.039,74,28,83,20,120.4824600,22.4500637,2753706,0,661439,0
09:10:52.104,76,31,83,20,120.4824600,22.4500637,2834971,0,728558,0
09:10:52.201,73,29,83,20,120.4824600,22.4500637,2710124,0,672845,0
09:10:52.319,73,27,82,20,120.4824982,22.4500217,2732710,0,630786,0
09:10:52.416,80,33,82,20,120.4824982,22.4500217,2990259,0,764198,0
09:10:52.529,79,34,81,20,120.4825363,22.4499950,2930731,0,788586,0
09:10:52.613,79,31,81,20,120.4825363,22.4499950,2953420,0,708819,0
09:10:52.709,83,32,81,20,120.4825363,22.4499950,3098833,0,731362,0
09:10:52.889,85,32,82,20,120.4825821,22.4499607,3160738,0,730744,0
09:10:52.905,85,32,82,20,120.4825821,22.4499607,3160738,0,730744,0
09:10:53.054,88,30,83,20,120.4826355,22.4499416,3289081,0,707545,0
09:10:53.103,91,30,83,20,120.4826355,22.4499416,3371068,0,692334,0
09:10:53.200,93,30,83,20,120.4826355,22.4499416,3450068,0,704248,0
09:10:53.339,97,34,87,20,120.4826889,22.4499130,3612594,0,788638,0
09:10:53.404,95,29,87,20,120.4826889,22.4499130,3544870,0,670036,0
09:10:53.515,96,31,91,20,120.4827423,22.4498959,3569638,0,720512,0
09:10:53.613,100,36,91,20,120.4827423,22.4498959,3740563,0,831774,0
09:10:53.758,100,42,93,20,120.4827881,22.4498825,3718530,0,944611,0
09:10:53.807,100,42,93,20,120.4827881,22.4498825,3718530,0,944611,0
09:10:53.955,100,40,97,20,120.4828415,22.4498692,3761037,0,905905,0
09:10:54.004,100,39,97,20,120.4828415,22.4498692,3727209,0,890939,0
09:10:54.100,100,40,97,20,120.4828415,22.4498692,3734664,0,912522,0
09:10:54.218,100,39,103,20,120.4829178,22.4498520,3711687,0,897959,0
09:10:54.316,98,37,103,20,120.4829178,22.4498520,3637408,0,836245,0
09:10:54.464,100,39,106,20,120.4829712,22.4498425,3748471,0,880356,0
09:10:54.513,100,43,106,20,120.4829712,22.4498425,3769853,0,967827,0
09:10:54.608,100,43,110,20,120.4830322,22.4498329,3769853,0,967827,0
09:10:54.705,100,41,110,20,120.4830322,22.4498329,3784949,0,924866,0
09:10:54.846,100,45,114,20,120.4830856,22.4498253,3852469,0,1006334,0
09:10:54.911,100,43,114,20,120.4830856,22.4498253,3743047,0,983810,0
09:10:55.008,97,43,114,20,120.4830856,22.4498253,3612685,0,966638,0
09:10:55.140,91,49,119,20,120.4831848,22.4498177,3386216,0,1103902,0
09:10:55.200,79,50,119,20,120.4831848,22.4498177,2961520,0,1112925,0
09:10:55.314,76,46,119,20,120.4831848,22.4498177,2821310,0,1044571,0
09:10:55.409,77,47,116,20,120.4832764,22.4498119,2865802,0,1056675,0
09:10:55.505,76,47,116,20,120.4832764,22.4498119,2840802,0,1052940,0
09:10:55.604,66,52,116,20,120.4832764,22.4498119,2482566,0,1156951,0
09:10:55.769,66,57,113,20,120.4833755,22.4498062,2464055,0,1272904,0
09:10:55.803,66,57,113,20,120.4833755,22.4498062,2464055,0,1272904,0
09:10:55.900,60,57,113,20,120.4833755,22.4498062,2257696,0,1275662,0
09:10:56.086,59,63,107,20,120.4834671,22.4498043,2217819,0,1388414,0
09:10:56.104,59,63,107,20,120.4834671,22.4498043,2217819,0,1388414,0
09:10:56.200,52,64,107,20,120.4834671,22.4498043,1955148,0,1418787,0
09:10:56.369,52,66,102,20,120.4835434,22.4498062,1958588,0,1454323,0
09:10:56.409,52,70,102,20,120.4835434,22.4498062,1974661,0,1552237,0
09:10:56.513,48,71,102,20,120.4835434,22.4498062,1815960,0,1569434,0
09:10:56.654,47,69,95,20,120.4836197,22.4498119,1780843,0,1515416,0
09:10:56.704,47,69,95,20,120.4836197,22.4498119,1780843,0,1515416,0
09:10:56.831,50,69,91,20,120.4836731,22.4498158,1893364,0,1524061,0
09:10:56.911,54,69,91,20,120.4836731,22.4498158,2016610,0,1523986,0
09:10:57.008,54,54,91,20,120.4836731,22.4498158,2028842,0,1215997,0
09:10:57.168,60,55,85,20,120.4837494,22.4498253,2266476,0,1222103,0
09:10:57.201,60,55,85,20,120.4837494,22.4498253,2266476,0,1222103,0
09:10:57.315,57,52,85,20,120.4837494,22.4498253,2150570,0,1153951,0
09:10:57.409,57,52,80,20,120.4838181,22.4498386,2150570,0,1153951,0
09:10:57.506,65,50,80,20,120.4838181,22.4498386,2428996,0,1122642,0
09:10:57.604,66,52,80,20,120.4838181,22.4498386,2456963,0,1165887,0
09:10:57.751,58,47,77,20,120.4838791,22.4498539,2182123,0,1052585,0
09:10:57.810,58,47,77,20,120.4838791,22.4498539,2182123,0,1052585,0
09:10:57.908,63,43,77,20,120.4838791,22.4498539,2351618,0,963144,0
09:10:58.074,63,48,73,20,120.4839325,22.4498749,2347340,0,1070101,0
09:10:58.107,63,48,73,20,120.4839325,22.4498749,2347340,0,1070101,0
09:10:58.205,59,38,73,20,120.4839325,22.4498749,2215851,0,869982,0
09:10:58.331,63,37,69,20,120.4839783,22.4498978,2367023,0,851872,0
09:10:58.413,67,39,69,20,120.4839783,22.4498978,2523545,0,891248,0
09:10:58.547,66,35,67,20,120.4840164,22.4499149,2477022,0,806347,0
09:10:58.613,66,35,67,20,120.4840164,22.4499149,2477022,0,806347,0
09:10:58.740,67,34,65,20,120.4840469,22.4499340,2499502,0,779589,0
09:10:58.804,67,34,65,20,120.4840469,22.4499340,2520243,0,787367,0
09:10:58.901,69,35,65,20,120.4840469,22.4499340,2575503,0,802032,0
09:10:59.065,72,34,62,20,120.4840851,22.4499664,2675099,0,774469,0
09:10:59.115,72,34,62,20,120.4840851,22.4499664,2675099,0,774469,0
09:10:59.213,76,35,62,20,120.4840851,22.4499664,2850956,0,812024,0
09:10:59.336,77,34,61,20,120.4841080,22.4500008,2872871,0,792464,0
09:10:59.400,77,34,61,20,120.4841080,22.4500008,2885656,0,772478,0
09:10:59.515,77,33,61,20,120.4841080,22.4500008,2870650,0,756475,0
09:10:59.655,77,33,61,20,120.4841309,22.4500408,2860942,0,759161,0
09:10:59.704,76,32,61,20,120.4841309,22.4500408,2851480,0,743492,0
09:10:59.804,76,33,61,20,120.4841309,22.4500408,2839339,0,750742,0
09:10:59.970,75,32,61,20,120.4841614,22.4500809,2809520,0,750290,0
09:11:00.004,75,34,61,20,120.4841614,22.4500809,2813916,0,787541,0
09:11:00.101,71,34,61,20,120.4841614,22.4500809,2649042,0,785774,0
09:11:00.239,70,33,60,20,120.4841690,22.4501247,2624881,0,757181,0
09:11:00.304,71,35,60,20,120.4841690,22.4501247,2671385,0,794549,0
09:11:00.401,72,36,60,20,120.4841690,22.4501247,2683580,0,825411,0
09:11:00.534,72,35,58,20,120.4841843,22.4501705,2683989,0,797907,0
09:11:00.616,72,33,58,20,120.4841843,22.4501705,2701794,0,765750,0
09:11:00.713,72,33,58,20,120.4841843,22.4501705,2680385,0,765812,0
09:11:00.863,74,33,56,20,120.4841843,22.4502106,2770966,0,753368,0
09:11:00.913,76,33,56,20,120.4841843,22.4502106,2848057,0,753869,0
09:11:01.009,78,34,56,20,120.4841843,22.4502106,2910244,0,788077,0
09:11:01.174,78,36,56,20,120.4841843,22.4502544,2925686,0,824672,0
09:11:01.208,74,31,56,20,120.4841843,22.4502544,2755462,0,708455,0
09:11:01.305,80,26,56,20,120.4841843,22.4502544,2990775,0,622975,0
09:11:01.401,88,42,56,20,120.4841843,22.4502544,3277526,0,952442,0
09:11:01.589,86,40,55,20,120.4841690,22.4502945,3188154,0,917061,0
09:11:01.606,86,40,55,20,120.4841690,22.4502945,3188154,0,917061,0
09:11:01.704,82,31,55,20,120.4841690,22.4502945,3044493,0,728080,0
09:11:01.801,83,36,55,20,120.4841690,22.4502945,3107071,0,827473,0
09:11:01.914,82,36,55,20,120.4841690,22.4502945,3071070,0,820558,0
09:11:02.014,82,34,58,20,120.4841614,22.4503498,3053410,0,772190,0
09:11:02.113,80,33,58,20,120.4841614,22.4503498,2976894,0,765552,0
09:11:02.209,79,32,58,20,120.4841614,22.4503498,2943250,0,733800,0
09:11:02.306,79,31,58,20,120.4841614,22.4503498,2941898,0,711131,0
09:11:02.428,79,31,59,20,120.4841232,22.4503994,2941898,0,711131,0
09:11:02.509,80,32,59,20,120.4841232,22.4503994,2991635,0,742022,0
09:11:02.605,81,31,59,20,120.4841232,22.4503994,3007850,0,716613,0
09:11:02.704,83,34,59,20,120.4841232,22.4503994,3085988,0,792569,0
09:11:02.813,83,34,59,20,120.4840851,22.4504433,3085988,0,792569,0
09:11:02.910,84,40,59,20,120.4840851,22.4504433,3131982,0,900191,0
09:11:03.007,81,38,59,20,120.4840851,22.4504433,3009453,0,871266,0
09:11:03.105,79,37,59,20,120.4840851,22.4504433,2931150,0,856071,0
09:11:03.240,79,37,60,20,120.4840317,22.4504776,2931150,0,856071,0
09:11:03.306,78,38,60,20,120.4840317,22.4504776,2923067,0,869028,0
09:11:03.404,76,35,60,20,120.4840317,22.4504776,2829062,0,797290,0
09:11:03.504,76,34,60,20,120.4840317,22.4504776,2825376,0,783398,0
09:11:03.609,75,35,60,20,120.4839706,22.4505081,2816433,0,800693,0
09:11:03.706,76,35,60,20,120.4839706,22.4505081,2828112,0,798226,0
09:11:03.803,75,35,60,20,120.4839706,22.4505081,2794705,0,802065,0
09:11:03.900,74,34,60,20,120.4839706,22.4505081,2749956,0,787674,0
09:11:04.024,74,34,59,20,120.4839172,22.4505272,2755373,0,783693,0
09:11:04.106,75,33,59,20,120.4839172,22.4505272,2793335,0,752491,0
09:11:04.204,76,33,59,20,120.4839172,22.4505272,2845173,0,771067,0
09:11:04.301,76,34,59,20,120.4839172,22.4505272,2828483,0,774984,0
09:11:04.428,75,31,58,20,120.4838562,22.4505386,2810869,0,721674,0
09:11:04.509,79,33,58,20,120.4838562,22.4505386,2933545,0,757670,0
09:11:04.606,79,33,58,20,120.4838562,22.4505386,2932986,0,767499,0
09:11:04.704,80,33,58,20,120.4838562,22.4505386,2993708,0,754481,0
09:11:04.828,80,33,58,20,120.4837875,22.4505405,2993708,0,754481,0
09:11:04.910,82,32,58,20,120.4837875,22.4505405,3050915,0,748983,0
09:11:05.006,87,32,58,20,120.4837875,22.4505405,3231347,0,747816,0
09:11:05.104,88,34,58,20,120.4837875,22.4505405,3279952,0,774810,0
09:11:05.225,88,34,60,20,120.4837265,22.4505291,3279952,0,774810,0
09:11:05.308,90,34,60,20,120.4837265,22.4505291,3350710,0,789934,0
09:11:05.404,89,33,60,20,120.4837265,22.4505291,3303350,0,757128,0
09:11:05.501,89,31,60,20,120.4837265,22.4505291,3319573,0,717027,0
09:11:05.605,90,33,65,20,120.4836578,22.4505081,3365800,0,767262,0
09:11:05.704,92,33,65,20,120.4836578,22.4505081,3412348,0,770241,0
09:11:05.816,94,34,65,20,120.4836578,22.4505081,3481854,0,787845,0
09:11:05.913,96,42,65,20,120.4836578,22.4505081,3555018,0,947545,0
09:11:06.010,96,42,69,20,120.4835968,22.4504776,3555018,0,947545,0
09:11:06.136,96,42,69,20,120.4835968,22.4504776,3555018,0,947545,0
09:11:06.202,95,39,69,20,120.4835968,22.4504776,3529270,0,892264,0
09:11:06.300,93,44,69,20,120.4835968,22.4504776,3443040,0,985567,0
09:11:06.408,87,47,74,20,120.4835205,22.4504356,3230510,0,1058407,0
09:11:06.513,83,50,74,20,120.4835205,22.4504356,3092126,0,1121321,0
09:11:06.609,85,53,74,20,120.4835205,22.4504356,3156237,0,1187710,0
09:11:06.789,84,53,74,20,120.4834671,22.4503860,3130998,0,1192751,0
09:11:06.806,84,53,74,20,120.4834671,22.4503860,3130998,0,1192751,0
09:11:06.903,83,51,74,20,120.4834671,22.4503860,3087826,0,1136849,0
09:11:07.015,83,51,74,20,120.4834671,22.4503860,3076736,0,1138008,0
09:11:07.113,79,48,74,20,120.4834671,22.4503860,2963981,0,1073357,0
09:11:07.238,79,48,71,20,120.4834061,22.4503384,2963981,0,1073357,0
09:11:07.303,77,45,71,20,120.4834061,22.4503384,2888108,0,1015975,0
09:11:07.416,76,45,71,20,120.4834061,22.4503384,2831861,0,1013233,0
09:11:07.513,74,42,71,20,120.4834061,22.4503384,2760810,0,951128,0
09:11:07.618,73,39,68,20,120.4833374,22.4502907,2709395,0,894280,0
09:11:07.716,73,37,68,20,120.4833374,22.4502907,2740606,0,856163,0
09:11:07.813,76,37,68,20,120.4833374,22.4502907,2833593,0,856205,0
09:11:07.910,78,37,68,20,120.4833374,22.4502907,2903443,0,844968,0
09:11:08.004,78,37,65,20,120.4832916,22.4502525,2903443,0,844968,0
09:11:08.101,77,35,65,20,120.4832916,22.4502525,2887867,0,804090,0
09:11:08.213,77,35,65,20,120.4832916,22.4502525,2887173,0,796828,0
09:11:08.313,78,35,65,20,120.4832916,22.4502525,2903808,0,794040,0
09:11:08.428,78,35,65,20,120.4832230,22.4502220,2903808,0,794040,0
09:11:08.510,78,34,65,20,120.4832230,22.4502220,2907011,0,773531,0
09:11:08.607,73,34,65,20,120.4832230,22.4502220,2725032,0,778189,0
09:11:08.704,69,33,65,20,120.4832230,22.4502220,2563156,0,762561,0
09:11:08.807,69,33,65,20,120.4831467,22.4502010,2563156,0,762561,0
09:11:08.905,66,31,65,20,120.4831467,22.4502010,2468334,0,711639,0
09:11:09.001,68,30,65,20,120.4831467,22.4502010,2528646,0,693227,0
09:11:09.201,71,29,62,20,120.4830856,22.4501915,2665046,0,680122,0
09:11:09.316,74,30,62,20,120.4830856,22.4501915,2756816,0,688473,0
09:11:09.413,75,29,62,20,120.4830856,22.4501915,2799424,0,686430,0
09:11:09.526,77,32,62,20,120.4830246,22.4501934,2868397,0,729664,0
09:11:09.604,77,32,62,20,120.4830246,22.4501934,2868397,0,729664,0
09:11:09.703,73,27,62,20,120.4830246,22.4501934,2739088,0,631078,0
09:11:09.801,73,25,62,20,120.4830246,22.4501934,2711138,0,599733,0
09:11:09.916,73,24,62,20,120.4830246,22.4501934,2739395,0,561823,0
09:11:10.058,73,24,63,20,120.4829559,22.4502087,2739395,0,561823,0
09:11:10.107,75,24,63,20,120.4829559,22.4502087,2818019,0,575692,0
09:11:10.209,78,25,63,20,120.4828949,22.4502411,2899135,0,583776,0
09:11:10.305,80,26,63,20,120.4828949,22.4502411,2972061,0,613495,0
09:11:10.435,82,29,64,20,120.4828644,22.4502583,3055401,0,670432,0
09:11:10.500,81,30,64,20,120.4828644,22.4502583,3009219,0,688550,0
09:11:10.613,79,28,64,20,120.4828644,22.4502583,2944112,0,657256,0
09:11:10.793,77,28,66,20,120.4828262,22.4502926,2888933,0,645505,0
09:11:10.810,77,28,66,20,120.4828262,22.4502926,2888933,0,645505,0
09:11:10.908,73,29,66,20,120.4828262,22.4502926,2730717,0,686352,0
09:11:11.025,68,27,65,20,120.4827881,22.4503307,2557885,0,635976,0
09:11:11.115,68,26,65,20,120.4827881,22.4503307,2555400,0,602105,0
09:11:11.213,70,27,65,20,120.4827881,22.4503307,2620609,0,631222,0
09:11:11.359,76,27,64,20,120.4827652,22.4503727,2823866,0,639444,0
09:11:11.407,77,26,64,20,120.4827652,22.4503727,2873340,0,610686,0
09:11:11.511,79,26,64,20,120.4827652,22.4503727,2935618,0,602295,0
09:11:11.653,80,27,65,20,120.4827423,22.4504185,2996307,0,644179,0
09:11:11.703,77,25,65,20,120.4827423,22.4504185,2885752,0,600559,0
09:11:11.815,78,24,66,20,120.4827423,22.4504509,2903388,0,579316,0
09:11:11.913,78,25,66,20,120.4827423,22.4504509,2916577,0,580946,0
09:11:12.010,78,24,66,20,120.4827423,22.4504509,2919794,0,577777,0
09:11:12.176,81,27,67,20,120.4827271,22.4505005,3031447,0,639493,0
09:11:12.208,77,26,67,20,120.4827271,22.4505005,2889852,0,609408,0
09:11:12.305,75,25,67,20,120.4827271,22.4505005,2782133,0,583301,0
09:11:12.476,73,26,68,20,120.4827271,22.4505520,2719023,0,621700,0
09:11:12.509,73,26,68,20,120.4827271,22.4505520,2719023,0,621700,0
09:11:12.605,71,30,68,20,120.4827271,22.4505520,2652960,0,688531,0
09:11:12.738,71,27,68,20,120.4827271,22.4506035,2653934,0,626252,0
09:11:12.803,71,27,68,20,120.4827271,22.4506035,2653934,0,626252,0
09:11:12.901,74,32,68,20,120.4827271,22.4506035,2755169,0,747731,0
09:11:13.054,70,28,67,20,120.4827423,22.4506531,2616790,0,655321,0
09:11:13.103,70,28,67,20,120.4827423,22.4506531,2616790,0,655321,0
09:11:13.201,76,27,67,20,120.4827423,22.4506531,2837505,0,624470,0
09:11:13.350,76,24,66,20,120.4827652,22.4506989,2825309,0,561815,0
09:11:13.400,76,24,66,20,120.4827652,22.4506989,2825309,0,561815,0
09:11:13.513,80,27,66,20,120.4827652,22.4506989,2986975,0,624122,0
09:11:13.638,80,27,68,20,120.4827881,22.4507427,2986975,0,624122,0
09:11:13.703,81,25,68,20,120.4827881,22.4507427,3001466,0,600630,0
09:11:13.800,82,26,68,20,120.4827881,22.4507427,3049157,0,609409,0
09:11:13.969,84,27,69,20,120.4828262,22.4507828,3143765,0,633966,0
09:11:14.003,84,27,69,20,120.4828262,22.4507828,3143765,0,633966,0
09:11:14.116,85,30,69,20,120.4828262,22.4507828,3159743,0,687166,0
09:11:14.239,86,26,72,20,120.4828644,22.4508190,3190842,0,621839,0
09:11:14.304,86,29,72,20,120.4828644,22.4508190,3193458,0,681057,0
09:11:14.415,86,28,74,20,120.4829025,22.4508419,3206085,0,659590,0
09:11:14.504,86,28,74,20,120.4829025,22.4508419,3202488,0,646740,0
09:11:14.600,87,29,74,20,120.4829025,22.4508419,3244749,0,676184,0
09:11:14.778,87,29,76,19,120.4829559,22.4508724,3254667,0,669566,0
09:11:14.811,87,29,76,19,120.4829559,22.4508724,3254667,0,669566,0
09:11:14.908,87,29,78,19,120.4829941,22.4508896,3252790,0,666455,0
09:11:15.004,88,28,78,19,120.4829941,22.4508896,3289007,0,655720,0
09:11:15.101,91,29,78,19,120.4829941,22.4508896,3385898,0,669710,0
09:11:15.249,95,32,81,20,120.4830475,22.4509144,3519738,0,741094,0
09:11:15.313,96,35,81,20,120.4830475,22.4509144,3558808,0,812695,0
09:11:15.411,96,35,81,20,120.4830475,22.4509144,3551707,0,810902,0
09:11:15.590,97,36,85,20,120.4831085,22.4509315,3602085,0,825579,0
09:11:15.607,97,36,85,20,120.4831085,22.4509315,3602085,0,825579,0
09:11:15.737,97,36,88,19,120.4831619,22.4509411,3620196,0,828765,0
09:11:15.803,98,36,88,19,120.4831619,22.4509411,3656805,0,829282,0
09:11:15.915,100,38,88,19,120.4831619,22.4509411,3708966,0,864790,0
09:11:16.013,100,43,88,19,120.4831619,22.4509411,3825916,0,982899,0
09:11:16.113,100,44,92,20,120.4832382,22.4509525,3758512,0,989464,0
09:11:16.211,100,42,92,20,120.4832382,22.4509525,3746639,0,942000,0
09:11:16.354,100,43,98,20,120.4833145,22.4509602,3799163,0,972671,0
09:11:16.403,100,43,98,20,120.4833145,22.4509602,3799163,0,972671,0
09:11:16.509,100,46,98,20,120.4833145,22.4509602,3795237,0,1039679,0
09:11:16.618,100,47,104,20,120.4833908,22.4509640,3794782,0,1064561,0
09:11:16.715,100,48,104,20,120.4833908,22.4509640,3789587,0,1085739,0
09:11:16.811,100,50,104,20,120.4833908,22.4509640,3861410,0,1115116,0
09:11:16.985,97,49,110,20,120.4834824,22.4509697,3589656,0,1093379,0
09:11:17.003,97,49,110,20,120.4834824,22.4509697,3589656,0,1093379,0
09:11:17.101,80,50,110,20,120.4834824,22.4509697,2978150,0,1131470,0
09:11:17.240,78,50,110,20,120.4835739,22.4509716,2922869,0,1125096,0
09:11:17.306,78,49,110,20,120.4835739,22.4509716,2907999,0,1090660,0
09:11:17.403,77,47,110,20,120.4835739,22.4509716,2864339,0,1067531,0
09:11:17.554,74,52,107,20,120.4836502,22.4509735,2748423,0,1173623,0
09:11:17.603,66,58,107,20,120.4836502,22.4509735,2480093,0,1285385,0
09:11:17.701,63,65,107,20,120.4836502,22.4509735,2367055,0,1447481,0
09:11:17.859,62,68,103,20,120.4837341,22.4509754,2307911,0,1499696,0
09:11:17.908,62,68,103,20,120.4837341,22.4509754,2307911,0,1499696,0
09:11:18.004,61,65,103,20,120.4837341,22.4509754,2291711,0,1441541,0
09:11:18.100,61,65,99,20,120.4837875,22.4509773,2291711,0,1441541,0
09:11:18.213,62,59,99,20,120.4837875,22.4509773,2324222,0,1307961,0
09:11:18.357,63,53,94,20,120.4838638,22.4509773,2374944,0,1181361,0
09:11:18.406,70,50,94,20,120.4838638,22.4509773,2611095,0,1116906,0
09:11:18.539,73,49,91,19,120.4839172,22.4509754,2740525,0,1095333,0
09:11:18.604,73,45,91,19,120.4839172,22.4509754,2735242,0,1008843,0
09:11:18.701,74,45,91,19,120.4839172,22.4509754,2745595,0,1007029,0
09:11:18.838,72,43,88,20,120.4839935,22.4509697,2687566,0,977813,0
09:11:18.903,72,41,88,20,120.4839935,22.4509697,2674491,0,938722,0
09:11:19.003,70,41,88,20,120.4839935,22.4509697,2625027,0,938342,0
09:11:19.137,66,35,86,20,120.4840546,22.4509602,2458477,0,808667,0
09:11:19.202,71,36,86,20,120.4840546,22.4509602,2639390,0,826831,0
09:11:19.316,72,38,86,20,120.4840546,22.4509602,2672947,0,874073,0
09:11:19.479,71,40,83,20,120.4841309,22.4509449,2665558,0,908488,0
09:11:19.511,71,40,83,20,120.4841309,22.4509449,2665558,0,908488,0
09:11:19.607,69,35,80,20,120.4841690,22.4509335,2593151,0,799047,0
09:11:19.703,68,35,80,20,120.4841690,22.4509335,2554861,0,808865,0
09:11:19.800,63,28,80,20,120.4841690,22.4509335,2360571,0,663652,0
09:11:19.919,63,27,77,20,120.4842224,22.4509125,2369945,0,631164,0
09:11:20.006,63,27,77,20,120.4842224,22.4509125,2369945,0,631164,0
09:11:20.103,66,26,77,20,120.4842224,22.4509125,2488363,0,618998,0
09:11:20.299,66,26,74,19,120.4842911,22.4508839,2488363,0,618998,0
09:11:20.315,84,31,74,19,120.4842911,22.4508839,3126809,0,720961,0
09:11:20.429,84,31,75,18,120.4843140,22.4508629,3126809,0,720961,0
09:11:20.500,90,30,75,18,120.4843140,22.4508629,3338699,0,691835,0
09:11:20.613,92,29,75,18,120.4843140,22.4508629,3432657,0,684833,0
09:11:20.739,92,29,79,20,120.4843674,22.4508247,3432657,0,684833,0
09:11:20.805,94,34,79,20,120.4843674,22.4508247,3505474,0,792780,0
09:11:20.901,92,35,81,20,120.4843903,22.4507980,3412765,0,794997,0
09:11:21.004,89,32,81,20,120.4843903,22.4507980,3299146,0,731276,0
09:11:21.101,87,34,81,20,120.4843903,22.4507980,3254017,0,773520,0
09:11:21.219,87,33,84,20,120.4844437,22.4507504,3220470,0,769778,0
09:11:21.316,88,34,84,20,120.4844437,22.4507504,3257068,0,790701,0
09:11:21.446,87,34,85,20,120.4844666,22.4507160,3226030,0,773207,0
09:11:21.501,89,34,85,20,120.4844666,22.4507160,3326137,0,791960,0
09:11:21.664,89,37,86,20,120.4844894,22.4506817,3297064,0,845670,0
09:11:21.713,89,37,86,20,120.4844894,22.4506817,3297064,0,845670,0
09:11:21.811,86,37,86,20,120.4844894,22.4506817,3212915,0,836249,0
09:11:21.935,86,37,88,20,120.4845276,22.4506264,3212915,0,836249,0
09:11:22.003,88,35,88,20,120.4845276,22.4506264,3286875,0,796851,0
09:11:22.159,91,37,89,20,120.4845581,22.4505863,3381472,0,839453,0
09:11:22.208,90,33,89,20,120.4845581,22.4505863,3355866,0,756902,0
09:11:22.305,89,27,89,20,120.4845581,22.4505863,3309621,0,624880,0
09:11:22.445,91,27,92,20,120.4845810,22.4505215,3375321,0,634920,0
09:11:22.510,92,37,92,20,120.4845810,22.4505215,3416412,0,836293,0
09:11:22.625,92,37,94,20,120.4845963,22.4504776,3416412,0,836293,0
09:11:22.706,83,40,94,20,120.4845963,22.4504776,3101731,0,912968,0
09:11:22.804,73,41,94,20,120.4845963,22.4504776,2743912,0,933367,0
09:11:22.931,73,41,92,20,120.4846191,22.4504089,2743912,0,933367,0
09:11:23.008,70,37,92,20,120.4846191,22.4504089,2629551,0,844997,0
09:11:23.135,71,35,90,20,120.4846344,22.4503651,2652668,0,794495,0
09:11:23.216,75,40,90,20,120.4846344,22.4503651,2793857,0,906043,0
09:11:23.313,75,42,90,20,120.4846344,22.4503651,2814500,0,954393,0
09:11:23.439,76,43,88,20,120.4846497,22.4502983,2853736,0,980528,0
09:11:23.504,77,43,88,20,120.4846497,22.4502983,2872524,0,980503,0
09:11:23.601,77,40,88,20,120.4846497,22.4502983,2869387,0,915881,0
09:11:23.750,78,39,85,20,120.4846497,22.4502335,2912041,0,890030,0
09:11:23.816,80,41,85,20,120.4846497,22.4502335,2982000,0,929413,0
09:11:23.913,80,42,85,20,120.4846497,22.4502335,2990297,0,956321,0
09:11:24.039,78,41,85,20,120.4846497,22.4501705,2900890,0,936160,0
09:11:24.104,77,40,85,20,120.4846497,22.4501705,2868595,0,913763,0
09:11:24.201,76,39,85,20,120.4846497,22.4501705,2833135,0,878003,0
09:11:24.329,76,38,83,20,120.4846497,22.4501057,2852973,0,875274,0
09:11:24.411,78,39,83,20,120.4846497,22.4501057,2896696,0,878419,0
09:11:24.507,77,38,83,20,120.4846497,22.4501057,2859237,0,863229,0
09:11:24.649,77,37,82,20,120.4846497,22.4500446,2879287,0,856223,0
09:11:24.714,74,36,82,20,120.4846497,22.4500446,2765658,0,816665,0
09:11:24.827,72,31,81,20,120.4846344,22.4500027,2689159,0,728173,0
09:11:24.908,73,32,81,20,120.4846344,22.4500027,2732417,0,748457,0
09:11:25.005,72,32,81,20,120.4846344,22.4500027,2689537,0,741289,0
09:11:25.126,71,31,79,20,120.4846191,22.4499454,2638334,0,714986,0
09:11:25.208,71,31,79,20,120.4846191,22.4499454,2638334,0,714986,0
09:11:25.303,70,30,79,20,120.4846191,22.4499454,2630505,0,688073,0
09:11:25.446,70,31,78,20,120.4845963,22.4498901,2632711,0,711282,0
09:11:25.511,68,28,78,20,120.4845963,22.4498901,2530173,0,648801,0
09:11:25.608,65,25,78,20,120.4845963,22.4498901,2427500,0,584317,0
09:11:25.749,67,27,76,20,120.4845734,22.4498386,2509207,0,624018,0
09:11:25.815,65,26,76,20,120.4845734,22.4498386,2432937,0,615946,0
09:11:25.913,67,24,76,20,120.4845734,22.4498386,2507502,0,563723,0
09:11:26.010,73,30,76,20,120.4845734,22.4498386,2726067,0,707939,0
09:11:26.106,78,32,74,20,120.4845276,22.4497910,2904076,0,730434,0
09:11:26.204,81,30,74,20,120.4845276,22.4497910,3026704,0,704600,0
09:11:26.401,79,24,75,20,120.4844894,22.4497490,2933776,0,579608,0
09:11:26.505,88,27,75,20,120.4844894,22.4497490,3287613,0,623721,0
09:11:26.650,91,27,78,20,120.4844437,22.4497108,3398568,0,637928,0
09:11:26.716,91,27,78,20,120.4844437,22.4497108,3398568,0,637928,0
09:11:26.813,91,27,78,20,120.4844437,22.4497108,3376537,0,625103,0
09:11:26.908,91,28,78,20,120.4844437,22.4497108,3369448,0,644677,0
09:11:27.006,93,29,78,20,120.4844437,22.4497108,3443681,0,681595,0
09:11:27.108,93,29,82,20,120.4843903,22.4496822,3443681,0,681595,0
09:11:27.205,92,28,82,20,120.4843903,22.4496822,3418464,0,655253,0
09:11:27.303,93,26,82,20,120.4843903,22.4496822,3455355,0,607993,0
09:11:27.432,95,28,88,20,120.4843140,22.4496307,3532484,0,653678,0
09:11:27.523,95,28,88,20,120.4843140,22.4496307,3532484,0,653678,0
09:11:27.604,97,32,88,20,120.4843140,22.4496307,3599529,0,747490,0
09:11:27.703,99,35,88,20,120.4843140,22.4496307,3684599,0,814096,0
09:11:27.801,100,38,88,20,120.4843140,22.4496307,3717627,0,874849,0
09:11:27.924,100,38,94,20,120.4842224,22.4495964,3717627,0,874849,0
09:11:28.004,99,38,94,20,120.4842224,22.4495964,3691162,0,874341,0
09:11:28.101,98,38,94,20,120.4842224,22.4495964,3656484,0,862497,0
09:11:28.215,99,41,94,20,120.4842224,22.4495964,3674110,0,922864,0
09:11:28.305,99,41,101,20,120.4841232,22.4495716,3674110,0,922864,0
09:11:28.403,98,38,101,20,120.4841232,22.4495716,3649557,0,866648,0
09:11:28.516,97,36,101,20,120.4841232,22.4495716,3608548,0,822596,0
09:11:28.648,97,36,107,20,120.4840164,22.4495525,3598264,0,829772,0
09:11:28.701,98,39,107,20,120.4840164,22.4495525,3636054,0,896469,0
09:11:28.814,99,44,107,20,120.4840164,22.4495525,3679553,0,998345,0
09:11:28.912,100,45,107,20,120.4840164,22.4495525,3739812,0,1019913,0
09:11:29.008,100,43,107,20,120.4840164,22.4495525,3728098,0,982782,0
09:11:29.116,99,42,114,20,120.4838943,22.4495373,3675549,0,946442,0
09:11:29.213,99,41,114,20,120.4838943,22.4495373,3694336,0,927478,0
09:11:29.313,98,44,114,20,120.4838943,22.4495373,3632221,0,988185,0
09:11:29.410,95,44,114,20,120.4838943,22.4495373,3543954,0,1004737,0
09:11:29.516,96,42,121,20,120.4837646,22.4495277,3578580,0,943327,0
09:11:29.613,96,40,121,20,120.4837646,22.4495277,3559116,0,900243,0
09:11:29.711,99,41,121,20,120.4837646,22.4495277,3662114,0,940002,0
09:11:29.930,100,42,124,20,120.4836349,22.4495258,3758738,0,959051,0
09:11:30.013,100,43,124,20,120.4836349,22.4495258,3766339,0,964278,0
09:11:30.108,100,45,124,20,120.4836349,22.4495258,3805416,0,1018153,0
09:11:30.206,100,40,124,20,120.4836349,22.4495258,3828177,0,910743,0
09:11:30.348,100,40,131,20,120.4834976,22.4495277,3828177,0,910743,0
09:11:30.414,100,43,131,20,120.4834976,22.4495277,3813987,0,965374,0
09:11:30.512,100,44,131,20,120.4834976,22.4495277,3819596,0,990559,0
09:11:30.608,100,45,131,20,120.4834976,22.4495277,3891897,0,1016498,0
09:11:30.703,100,45,138,20,120.4833527,22.4495354,3823772,0,1011756,0
09:11:30.815,100,43,138,20,120.4833527,22.4495354,3818912,0,963351,0
09:11:30.913,100,46,138,20,120.4833527,22.4495354,3839756,0,1042767,0
09:11:31.089,100,47,146,20,120.4832001,22.4495487,3829844,0,1056079,0
09:11:31.106,100,46,146,20,120.4832001,22.4495487,3881097,0,1031974,0
09:11:31.204,100,43,146,20,120.4832001,22.4495487,3831229,0,979264,0
09:11:31.300,100,48,146,20,120.4832001,22.4495487,3851249,0,1069572,0
09:11:31.430,100,47,152,19,120.4830322,22.4495640,3800867,0,1056538,0
09:11:31.529,100,42,152,19,120.4830322,22.4495640,3786709,0,956300,0
09:11:31.612,97,48,152,19,120.4830322,22.4495640,3588956,0,1078117,0
09:11:31.708,90,49,152,19,120.4830322,22.4495640,3347093,0,1091941,0
09:11:31.895,82,49,159,19,120.4828644,22.4495831,3065431,0,1107792,0
09:11:31.913,82,49,159,19,120.4828644,22.4495831,3065431,0,1107792,0
09:11:32.012,80,50,159,19,120.4828644,22.4495831,2981009,0,1113795,0
09:11:32.108,77,49,159,19,120.4828644,22.4495831,2855516,0,1095202,0
09:11:32.208,72,60,159,19,120.4828644,22.4495831,2687314,0,1336735,0
09:11:32.315,72,60,154,19,120.4827042,22.4496040,2687314,0,1336735,0
09:11:32.413,58,62,154,19,120.4827042,22.4496040,2197211,0,1370468,0
09:11:32.508,55,70,154,19,120.4827042,22.4496040,2059865,0,1536672,0
09:11:32.613,52,69,154,19,120.4827042,22.4496040,1946401,0,1525954,0
09:11:32.723,52,69,147,19,120.4825363,22.4496231,1946401,0,1525954,0
09:11:32.805,50,76,147,19,120.4825363,22.4496231,1902138,0,1669024,0
09:11:32.903,46,76,147,19,120.4825363,22.4496231,1730223,0,1666733,0
09:11:33.000,43,76,147,19,120.4825363,22.4496231,1639536,0,1669579,0
09:11:33.126,44,77,138,19,120.4823837,22.4496384,1685597,0,1697900,0
09:11:33.208,45,85,138,19,120.4823837,22.4496384,1699519,0,1864426,0
09:11:33.305,37,82,138,19,120.4823837,22.4496384,1414075,0,1803224,0
09:11:33.403,37,83,138,19,120.4823837,22.4496384,1426566,0,1816791,0
09:11:33.514,39,83,129,20,120.4822388,22.4496517,1482433,0,1817212,0
09:11:33.611,42,83,129,20,120.4822388,22.4496517,1597666,0,1830560,0
09:11:33.707,43,84,129,20,120.4822388,22.4496517,1640086,0,1847313,0
09:11:33.819,43,82,117,20,120.4821014,22.4496613,1622832,0,1807825,0
09:11:33.911,43,82,117,20,120.4821014,22.4496613,1622832,0,1807825,0
09:11:34.008,48,75,117,20,120.4821014,22.4496613,1826241,0,1650192,0
09:11:34.105,51,73,117,20,120.4821014,22.4496613,1909708,0,1617492,0
09:11:34.203,50,76,117,20,120.4821014,22.4496613,1888239,0,1675087,0
09:11:34.307,50,76,107,20,120.4819870,22.4496670,1888239,0,1675087,0
09:11:34.405,47,79,107,20,120.4819870,22.4496670,1768258,0,1739630,0
09:11:34.501,49,82,107,20,120.4819870,22.4496670,1867814,0,1790924,0
09:11:34.616,50,81,107,20,120.4819870,22.4496670,1883585,0,1781900,0
09:11:34.758,50,81,97,19,120.4818726,22.4496708,1883585,0,1781900,0
09:11:34.807,50,79,97,19,120.4818726,22.4496708,1888132,0,1731139,0
09:11:34.903,54,79,97,19,120.4818726,22.4496708,2030257,0,1739639,0
09:11:35.001,54,80,97,19,120.4818726,22.4496708,2023227,0,1764741,0
09:11:35.129,51,79,88,19,120.4817657,22.4496727,1910422,0,1745376,0
09:11:35.212,46,76,88,19,120.4817657,22.4496727,1756591,0,1668822,0
09:11:35.308,46,76,88,19,120.4817657,22.4496727,1742643,0,1680453,0
09:11:35.406,45,75,88,19,120.4817657,22.4496727,1715001,0,1653363,0
09:11:35.521,42,70,79,19,120.4816742,22.4496727,1592616,0,1555255,0
09:11:35.603,42,70,79,19,120.4816742,22.4496727,1592616,0,1555255,0
09:11:35.716,49,65,79,19,120.4816742,22.4496727,1839855,0,1448547,0
09:11:35.887,46,64,68,19,120.4815979,22.4496765,1739458,0,1423150,0
09:11:35.904,46,64,68,19,120.4815979,22.4496765,1739458,0,1423150,0
09:11:36.001,60,55,68,19,120.4815979,22.4496765,2246880,0,1229741,0
09:11:36.114,74,53,68,19,120.4815979,22.4496765,2748904,0,1184481,0
09:11:36.303,70,47,56,18,120.4815369,22.4496880,2606423,0,1062534,0
09:11:36.414,68,40,56,18,120.4815369,22.4496880,2561779,0,919114,0
09:11:36.503,69,39,56,18,120.4815369,22.4496880,2582755,0,879278,0
09:11:36.616,68,37,56,18,120.4815369,22.4496880,2534849,0,845071,0
09:11:36.724,68,37,51,18,120.4814835,22.4497051,2534849,0,845071,0
09:11:36.804,71,29,51,18,120.4814835,22.4497051,2640613,0,672073,0
09:11:36.900,76,28,51,18,120.4814835,22.4497051,2847534,0,649322,0
09:11:37.094,81,28,52,18,120.4814072,22.4497395,3008261,0,661948,0
09:11:37.125,81,28,52,18,120.4814072,22.4497395,3008261,0,661948,0
09:11:37.206,84,30,52,18,120.4814072,22.4497395,3121599,0,687749,0
09:11:37.303,83,28,52,18,120.4814072,22.4497395,3077167,0,665591,0
09:11:37.403,83,27,52,18,120.4814072,22.4497395,3108500,0,637761,0
09:11:37.506,83,29,59,18,120.4813461,22.4497871,3110251,0,672412,0
09:11:37.603,82,26,59,18,120.4813461,22.4497871,3068617,0,616043,0
09:11:37.700,83,25,59,18,120.4813461,22.4497871,3082491,0,586725,0
09:11:37.904,87,27,63,18,120.4812927,22.4498425,3246551,0,635635,0
09:11:38.003,93,30,63,18,120.4812927,22.4498425,3453896,0,688719,0
09:11:38.116,95,32,63,18,120.4812927,22.4498425,3535101,0,742616,0
09:11:38.213,95,33,63,18,120.4812927,22.4498425,3539719,0,769271,0
09:11:38.334,95,33,69,18,120.4812546,22.4499054,3539719,0,769271,0
09:11:38.416,96,33,69,18,120.4812546,22.4499054,3572385,0,763404,0
09:11:38.513,96,34,69,18,120.4812546,22.4499054,3563534,0,788243,0
09:11:38.685,100,35,77,18,120.4812317,22.4499779,3696827,0,809396,0
09:11:38.708,100,35,77,18,120.4812317,22.4499779,3696827,0,809396,0
09:11:38.805,98,35,77,18,120.4812317,22.4499779,3652940,0,811807,0
09:11:38.903,97,36,77,18,120.4812317,22.4499779,3601320,0,816453,0
09:11:39.000,100,47,77,18,120.4812317,22.4499779,3825170,0,1068081,0
09:11:39.114,100,47,86,18,120.4812012,22.4500580,3825170,0,1068081,0
09:11:39.213,100,47,86,18,120.4812012,22.4500580,3820538,0,1068766,0
09:11:39.309,100,41,86,18,120.4812012,22.4500580,3775218,0,923850,0
09:11:39.407,100,40,86,18,120.4812012,22.4500580,3772956,0,910694,0
09:11:39.539,100,40,94,18,120.4811935,22.4501476,3772956,0,910694,0
09:11:39.604,100,42,94,18,120.4811935,22.4501476,3794911,0,961687,0
09:11:39.700,100,39,94,18,120.4811935,22.4501476,3726789,0,885716,0
09:11:39.880,99,50,103,18,120.4811935,22.4502468,3681975,0,1114788,0
09:11:39.905,100,53,103,18,120.4811935,22.4502468,3745859,0,1175349,0
09:11:40.003,99,34,103,18,120.4811935,22.4502468,3665003,0,773033,0
09:11:40.115,99,32,103,18,120.4811935,22.4502468,3679157,0,737226,0
09:11:40.285,100,40,109,18,120.4811783,22.4503517,3879928,0,913025,0
09:11:40.303,100,52,109,18,120.4811783,22.4503517,3933039,0,1155718,0
09:11:40.400,100,41,109,18,120.4811783,22.4503517,3908577,0,930955,0
09:11:40.516,100,43,109,18,120.4811783,22.4503517,3830140,0,964430,0
09:11:40.696,100,46,117,18,120.4811783,22.4504642,3920456,0,1030405,0
09:11:40.713,100,48,117,18,120.4811783,22.4504642,3956943,0,1080303,0
09:11:40.810,100,43,117,18,120.4811783,22.4504642,3802937,0,964434,0
09:11:40.907,100,45,117,18,120.4811783,22.4504642,3917337,0,1009323,0
09:11:41.005,100,54,117,18,120.4811783,22.4504642,3899170,0,1212734,0
09:11:41.128,100,54,126,18,120.4811935,22.4505863,3977693,0,1207485,0
09:11:41.209,100,47,126,18,120.4811935,22.4505863,3928408,0,1064447,0
09:11:41.306,100,54,126,18,120.4811935,22.4505863,3961627,0,1216425,0
09:11:41.476,100,52,136,18,120.4811935,22.4507141,4014094,0,1163135,0
09:11:41.515,100,52,136,18,120.4811935,22.4507141,4014094,0,1163135,0
09:11:41.613,100,51,136,18,120.4811935,22.4507141,3988325,0,1151059,0
09:11:41.709,100,50,136,18,120.4811935,22.4507141,4051854,0,1132068,0
09:11:41.807,100,52,136,18,120.4811935,22.4507141,3965753,0,1173984,0
09:11:41.947,100,52,145,19,120.4812012,22.4508533,3965753,0,1173984,0
09:11:42.013,100,51,145,19,120.4812012,22.4508533,4007272,0,1140480,0
09:11:42.108,100,52,145,19,120.4812012,22.4508533,3898648,0,1156663,0
09:11:42.206,100,52,145,19,120.4812012,22.4508533,3957969,0,1173311,0
09:11:42.346,100,52,155,19,120.4812012,22.4510002,3957969,0,1173311,0
09:11:42.413,100,46,155,19,120.4812012,22.4510002,3969572,0,1046935,0
09:11:42.509,100,50,155,19,120.4812012,22.4510002,3871594,0,1123090,0
09:11:42.686,100,48,164,20,120.4812164,22.4511566,3956699,0,1088900,0
09:11:42.703,100,48,164,20,120.4812164,22.4511566,3956699,0,1088900,0
09:11:42.801,100,48,164,20,120.4812164,22.4511566,3934553,0,1080157,0
09:11:42.914,100,50,164,20,120.4812164,22.4511566,3996153,0,1127038,0
09:11:43.013,100,41,164,20,120.4812164,22.4511566,3874340,0,933904,0
09:11:43.123,100,41,172,20,120.4812317,22.4513206,3874340,0,933904,0
09:11:43.204,100,40,172,20,120.4812317,22.4513206,3724456,0,916098,0
09:11:43.303,100,50,172,20,120.4812317,22.4513206,3949118,0,1132365,0
09:11:43.416,100,43,172,20,120.4812317,22.4513206,3819761,0,978866,0
09:11:43.510,100,43,177,20,120.4812317,22.4514980,3819761,0,978866,0
09:11:43.609,100,44,177,20,120.4812317,22.4514980,3878427,0,988846,0
09:11:43.708,100,49,177,20,120.4812317,22.4514980,3907463,0,1090189,0
09:11:43.805,100,46,177,20,120.4812317,22.4514980,3922370,0,1034601,0
09:11:43.905,100,46,184,20,120.4812317,22.4516792,3922370,0,1034601,0
09:11:44.003,100,48,184,20,120.4812317,22.4516792,3934205,0,1073809,0
09:11:44.115,100,50,184,20,120.4812317,22.4516792,3894761,0,1123984,0
09:11:44.213,100,49,184,20,120.4812317,22.4516792,3860874,0,1090287,0
09:11:44.368,100,49,191,20,120.4812317,22.4518661,3860874,0,1090287,0
09:11:44.416,100,50,191,20,120.4812317,22.4518661,3962093,0,1115871,0
09:11:44.513,100,49,191,20,120.4812317,22.4518661,3865727,0,1099078,0
09:11:44.603,100,48,191,20,120.4812317,22.4518661,3895592,0,1088298,0
09:11:44.748,100,51,199,20,120.4812317,22.4520607,3994413,0,1150465,0
09:11:44.813,100,51,199,20,120.4812317,22.4520607,3994413,0,1150465,0
09:11:44.911,100,47,199,20,120.4812317,22.4520607,3953032,0,1063116,0
09:11:45.008,100,51,199,20,120.4812317,22.4520607,3956590,0,1148173,0
09:11:45.136,100,51,206,20,120.4812317,22.4522629,3956590,0,1148173,0
09:11:45.202,100,46,206,20,120.4812317,22.4522629,3954446,0,1029619,0
09:11:45.315,100,47,206,20,120.4812317,22.4522629,3909495,0,1050080,0
09:11:45.416,100,51,206,20,120.4812317,22.4522629,3912444,0,1144583,0
09:11:45.511,100,51,213,20,120.4812317,22.4524708,3912444,0,1144583,0
09:11:45.608,100,44,213,20,120.4812317,22.4524708,3893101,0,1003215,0
09:11:45.705,99,49,213,20,120.4812317,22.4524708,3678741,0,1099217,0
09:11:45.801,89,51,213,20,120.4812317,22.4524708,3309981,0,1151726,0
09:11:45.929,81,49,219,20,120.4812317,22.4526863,3001781,0,1101248,0
09:11:46.011,77,43,219,20,120.4812317,22.4526863,2858230,0,974445,0
09:11:46.107,68,58,219,20,120.4812317,22.4526863,2530715,0,1288135,0
09:11:46.204,51,72,219,20,120.4812317,22.4526863,1927759,0,1589321,0
09:11:46.329,45,75,215,20,120.4812164,22.4529057,1713451,0,1656942,0
09:11:46.413,51,81,215,20,120.4812164,22.4529057,1935466,0,1786855,0
09:11:46.501,44,75,215,20,120.4812164,22.4529057,1677978,0,1655399,0
09:11:46.691,44,77,204,20,120.4812164,22.4531174,1685491,0,1684631,0
09:11:46.719,44,77,204,20,120.4812164,22.4531174,1685491,0,1684631,0
09:11:46.801,42,82,204,20,120.4812164,22.4531174,1595387,0,1798174,0
09:11:46.913,38,84,204,20,120.4812164,22.4531174,1458902,0,1835978,0
09:11:47.008,38,87,204,20,120.4812164,22.4531174,1467363,0,1898004,0
09:11:47.135,38,87,191,20,120.4812164,22.4533157,1467363,0,1898004,0
09:11:47.215,37,86,191,20,120.4812164,22.4533157,1426444,0,1876580,0
09:11:47.313,37,85,191,20,120.4812164,22.4533157,1408042,0,1860662,0
09:11:47.412,39,87,191,20,120.4812164,22.4533157,1468146,0,1896497,0
09:11:47.520,39,87,177,20,120.4812012,22.4535007,1468146,0,1896497,0
09:11:47.600,38,85,177,20,120.4812012,22.4535007,1436453,0,1865047,0
09:11:47.713,39,85,177,20,120.4812012,22.4535007,1487442,0,1869575,0
09:11:47.808,38,84,177,20,120.4812012,22.4535007,1440678,0,1851223,0
09:11:47.918,38,84,164,20,120.4812012,22.4536743,1438464,0,1838811,0
09:11:48.016,38,84,164,20,120.4812012,22.4536743,1467731,0,1844902,0
09:11:48.113,41,85,164,20,120.4812012,22.4536743,1543238,0,1857520,0
09:11:48.210,40,82,164,20,120.4812012,22.4536743,1539313,0,1790987,0
09:11:48.328,43,82,151,19,120.4811935,22.4538345,1616344,0,1798244,0
09:11:48.409,44,79,151,19,120.4811935,22.4538345,1673245,0,1731549,0
09:11:48.506,46,78,151,19,120.4811935,22.4538345,1733256,0,1726327,0
09:11:48.603,49,78,151,19,120.4811935,22.4538345,1833476,0,1715903,0
09:11:48.719,49,78,140,20,120.4811783,22.4539814,1833476,0,1715903,0
09:11:48.803,60,69,140,20,120.4811783,22.4539814,2264980,0,1517814,0
09:11:48.915,75,51,140,20,120.4811783,22.4539814,2815755,0,1144987,0
09:11:49.030,75,47,130,19,120.4811630,22.4541168,2796546,0,1068717,0
09:11:49.117,75,47,130,19,120.4811630,22.4541168,2796546,0,1068717,0
09:11:49.215,74,44,130,19,120.4811630,22.4541168,2765787,0,997985,0
09:11:49.313,75,44,130,19,120.4811630,22.4541168,2814243,0,1002670,0
09:11:49.499,75,45,125,19,120.4811554,22.4542446,2797102,0,1008753,0
09:11:49.515,75,45,125,19,120.4811554,22.4542446,2797102,0,1008753,0
09:11:49.613,74,43,125,19,120.4811554,22.4542446,2769899,0,966882,0
09:11:49.710,75,43,125,19,120.4811554,22.4542446,2788933,0,964426,0
09:11:49.807,71,40,125,19,120.4811554,22.4542446,2672279,0,903502,0
09:11:49.917,71,40,120,20,120.4811249,22.4543686,2672279,0,903502,0
09:11:50.012,74,43,120,20,120.4811249,22.4543686,2772025,0,966423,0
09:11:50.108,73,38,120,20,120.4811249,22.4543686,2736504,0,876903,0
09:11:50.204,77,38,120,20,120.4811249,22.4543686,2856303,0,869587,0
09:11:50.328,79,40,115,19,120.4811020,22.4544830,2933671,0,915469,0
09:11:50.400,80,38,115,19,120.4811020,22.4544830,2982263,0,876250,0
09:11:50.513,80,39,115,19,120.4811020,22.4544830,2985372,0,885117,0
09:11:50.695,77,35,113,20,120.4810638,22.4545937,2879246,0,795798,0
09:11:50.712,77,35,113,20,120.4810638,22.4545937,2879246,0,795798,0
09:11:50.808,76,30,113,20,120.4810638,22.4545937,2853199,0,699424,0
09:11:50.905,75,28,113,20,120.4810638,22.4545937,2798935,0,662727,0
09:11:51.000,75,26,113,20,120.4810638,22.4545937,2789358,0,610023,0
09:11:51.168,77,26,111,20,120.4810257,22.4546986,2869457,0,609584,0
09:11:51.203,77,26,111,20,120.4810257,22.4546986,2869457,0,609584,0
09:11:51.301,87,41,111,20,120.4810257,22.4546986,3256208,0,926649,0
09:11:51.414,88,36,111,20,120.4810257,22.4546986,3282775,0,818280,0
09:11:51.517,88,36,110,20,120.4809570,22.4547977,3282775,0,818280,0
09:11:51.614,82,32,110,20,120.4809570,22.4547977,3058335,0,745411,0
09:11:51.753,81,34,113,20,120.4808960,22.4548912,3010709,0,782233,0
09:11:51.803,81,39,113,20,120.4808960,22.4548912,3020214,0,882795,0
09:11:51.916,83,44,113,20,120.4808960,22.4548912,3101607,0,1003350,0
09:11:52.012,82,44,113,20,120.4808960,22.4548912,3056637,0,990510,0
09:11:52.108,81,44,113,20,120.4808960,22.4548912,3023199,0,994201,0
09:11:52.230,81,44,112,20,120.4808350,22.4549580,3023199,0,994201,0
09:11:52.313,91,56,112,20,120.4808350,22.4549580,3398847,0,1240730,0
09:11:52.410,94,68,112,20,120.4808350,22.4549580,3511979,0,1507186,0
09:11:52.507,83,48,112,20,120.4808350,22.4549580,3106084,0,1089154,0
09:11:52.613,80,48,108,20,120.4807663,22.4550495,2983569,0,1086856,0
09:11:52.708,81,46,108,20,120.4807663,22.4550495,3007141,0,1033739,0
09:11:52.804,81,48,108,20,120.4807663,22.4550495,3022339,0,1071327,0
09:11:52.900,82,50,108,20,120.4807663,22.4550495,3037770,0,1115393,0
09:11:53.011,82,50,105,20,120.4806900,22.4551315,3068927,0,1111722,0
09:11:53.108,82,50,105,20,120.4806900,22.4551315,3052129,0,1112375,0
09:11:53.205,81,49,105,20,120.4806900,22.4551315,3020718,0,1097212,0
09:11:53.318,81,48,102,20,120.4806137,22.4552135,3013774,0,1070413,0
09:11:53.401,81,48,102,20,120.4806137,22.4552135,3013774,0,1070413,0
09:11:53.514,80,47,102,20,120.4806137,22.4552135,2999881,0,1059908,0
09:11:53.612,78,46,102,20,120.4806137,22.4552135,2908895,0,1044518,0
09:11:53.793,77,43,98,20,120.4805527,22.4552937,2863251,0,973726,0
09:11:53.809,77,43,98,20,120.4805527,22.4552937,2863251,0,973726,0
09:11:53.908,72,36,98,20,120.4805527,22.4552937,2676137,0,822906,0
09:11:54.004,71,35,98,20,120.4805527,22.4552937,2659755,0,807819,0
09:11:54.116,71,36,98,20,120.4805527,22.4552937,2641378,0,814462,0
09:11:54.288,70,33,93,20,120.4804993,22.4553719,2611903,0,764519,0
09:11:54.305,70,33,93,20,120.4804993,22.4553719,2611903,0,764519,0
09:11:54.403,69,33,93,20,120.4804993,22.4553719,2567645,0,761841,0
09:11:54.589,71,33,89,20,120.4804459,22.4554501,2638257,0,762495,0
09:11:54.606,71,33,89,20,120.4804459,22.4554501,2638257,0,762495,0
09:11:54.703,73,32,89,20,120.4804459,22.4554501,2717994,0,737592,0
09:11:54.816,75,33,89,20,120.4804459,22.4554501,2800378,0,764364,0
09:11:54.999,74,29,85,20,120.4804077,22.4555321,2761061,0,666284,0
09:11:55.016,74,29,85,20,120.4804077,22.4555321,2761061,0,666284,0
09:11:55.112,72,29,85,20,120.4804077,22.4555321,2707863,0,672867,0
09:11:55.211,70,28,85,20,120.4804077,22.4555321,2609673,0,663475,0
09:11:55.308,68,28,85,20,120.4804077,22.4555321,2545427,0,654520,0
09:11:55.416,68,29,84,20,120.4803848,22.4556141,2547802,0,684407,0
09:11:55.513,67,29,84,20,120.4803848,22.4556141,2496408,0,680910,0
09:11:55.608,65,27,84,20,120.4803848,22.4556141,2438555,0,644328,0
09:11:55.776,67,28,81,20,120.4803696,22.4556961,2493392,0,657008,0
09:11:55.808,66,28,81,20,120.4803696,22.4556961,2485236,0,660383,0
09:11:55.906,68,28,81,20,120.4803696,22.4556961,2526950,0,660241,0
09:11:56.003,70,27,81,20,120.4803696,22.4556961,2608913,0,625867,0
09:11:56.116,72,25,81,20,120.4803696,22.4556961,2673724,0,580978,0
09:11:56.255,74,23,77,20,120.4803696,22.4557762,2769848,0,544747,0
09:11:56.304,74,23,77,20,120.4803696,22.4557762,2769848,0,544747,0
09:11:56.408,75,24,77,20,120.4803696,22.4557762,2801980,0,564001,0
09:11:56.512,75,21,77,20,120.4803696,22.4557762,2791776,0,505997,0
09:11:56.604,75,21,78,20,120.4804001,22.4558525,2791776,0,505997,0
09:11:56.701,76,21,78,20,120.4804001,22.4558525,2822286,0,514695,0
09:11:56.814,76,23,78,20,120.4804001,22.4558525,2848901,0,555171,0
09:11:56.941,77,23,80,20,120.4804230,22.4559288,2855430,0,545510,0
09:11:57.018,77,23,80,20,120.4804230,22.4559288,2855430,0,545510,0
09:11:57.115,79,26,80,20,120.4804230,22.4559288,2961963,0,602874,0
09:11:57.212,79,25,80,20,120.4804230,22.4559288,2932836,0,588202,0
09:11:57.309,80,24,80,20,120.4804230,22.4559288,2985270,0,576821,0
09:11:57.415,80,24,81,20,120.4804611,22.4559975,2985270,0,576821,0
09:11:57.512,82,29,81,20,120.4804611,22.4559975,3052665,0,670108,0
09:11:57.609,79,26,81,20,120.4804611,22.4559975,2943708,0,622893,0
09:11:57.707,78,27,81,20,120.4804611,22.4559975,2919974,0,627202,0
09:11:57.808,78,26,83,20,120.4805222,22.4560604,2921859,0,620656,0
09:11:57.905,78,26,83,20,120.4805222,22.4560604,2905647,0,622968,0
09:11:58.003,74,20,83,20,120.4805222,22.4560604,2762896,0,494538,0
09:11:58.115,77,23,83,20,120.4805222,22.4560604,2883312,0,549842,0
09:11:58.313,79,24,84,20,120.4805908,22.4561176,2964282,0,569025,0
09:11:58.410,82,24,84,20,120.4805908,22.4561176,3042576,0,569758,0
09:11:58.508,82,25,84,20,120.4805908,22.4561176,3054329,0,599713,0
09:11:58.615,82,25,85,20,120.4806671,22.4561634,3054329,0,599713,0
09:11:58.712,84,25,85,20,120.4806671,22.4561634,3126703,0,587484,0
09:11:58.809,87,28,85,20,120.4806671,22.4561634,3255936,0,656182,0
09:11:58.907,86,27,85,20,120.4806671,22.4561634,3212635,0,624444,0
09:11:59.001,86,27,88,20,120.4807587,22.4561996,3212635,0,624444,0
09:11:59.104,87,27,88,20,120.4807587,22.4561996,3238455,0,623592,0
09:11:59.215,90,28,88,20,120.4807587,22.4561996,3331096,0,660743,0
09:11:59.312,90,27,88,20,120.4807587,22.4561996,3343500,0,640677,0
09:11:59.406,90,27,91,20,120.4808426,22.4562263,3343500,0,640677,0
09:11:59.504,91,27,91,20,120.4808426,22.4562263,3401195,0,644190,0
09:11:59.600,98,34,91,20,120.4808426,22.4562263,3638575,0,781847,0
09:11:59.713,95,33,91,20,120.4808426,22.4562263,3535268,0,764720,0
09:11:59.818,95,33,96,20,120.4809494,22.4562416,3535268,0,764720,0
09:11:59.916,96,33,96,20,120.4809494,22.4562416,3571947,0,761020,0
09:12:00.012,97,34,96,20,120.4809494,22.4562416,3605427,0,788540,0
09:12:00.108,100,34,96,20,120.4809494,22.4562416,3708090,0,789147,0
09:12:00.273,100,34,102,20,120.4810486,22.4562473,3708090,0,789147,0
09:12:00.305,97,35,102,20,120.4810486,22.4562473,3614845,0,803812,0
09:12:00.404,95,24,102,20,120.4810486,22.4562473,3513721,0,570390,0
09:12:00.500,95,26,102,20,120.4810486,22.4562473,3523446,0,622650,0
09:12:00.608,100,45,108,20,120.4811630,22.4562473,3710608,0,1006771,0
09:12:00.704,100,44,108,20,120.4811630,22.4562473,3703920,0,989695,0
09:12:00.800,99,32,108,20,120.4811630,22.4562473,3681792,0,742055,0
09:12:00.988,98,33,114,20,120.4812775,22.4562340,3628712,0,761675,0
09:12:01.005,98,33,114,20,120.4812775,22.4562340,3628712,0,761675,0
09:12:01.103,100,47,114,20,120.4812775,22.4562340,3728534,0,1049414,0
09:12:01.216,100,45,114,20,120.4812775,22.4562340,3702549,0,1013316,0
09:12:01.312,100,46,114,20,120.4812775,22.4562340,3735866,0,1038736,0
09:12:01.419,100,46,121,20,120.4814072,22.4562149,3735866,0,1038736,0
09:12:01.507,100,47,121,20,120.4814072,22.4562149,3702584,0,1062557,0
09:12:01.604,100,45,121,20,120.4814072,22.4562149,3695442,0,1009690,0
09:12:01.700,98,45,121,20,120.4814072,22.4562149,3657515,0,1013820,0
09:12:01.824,98,45,125,20,120.4815369,22.4561901,3657515,0,1013820,0
09:12:01.905,100,46,125,20,120.4815369,22.4561901,3710394,0,1033857,0
09:12:02.003,100,49,125,20,120.4815369,22.4561901,3797604,0,1095070,0
09:12:02.116,100,46,125,20,120.4815369,22.4561901,3888496,0,1044652,0
09:12:02.229,100,46,131,19,120.4816666,22.4561615,3888496,0,1044652,0
09:12:02.310,100,47,131,19,120.4816666,22.4561615,3922690,0,1065821,0
09:12:02.414,100,48,131,19,120.4816666,22.4561615,3924634,0,1077389,0
09:12:02.512,100,48,131,19,120.4816666,22.4561615,3918516,0,1072293,0
09:12:02.610,100,48,138,19,120.4818039,22.4561291,3918516,0,1072293,0
09:12:02.707,100,48,138,19,120.4818039,22.4561291,3900865,0,1072645,0
09:12:02.803,100,50,138,19,120.4818039,22.4561291,3928657,0,1121704,0
09:12:03.005,100,47,147,19,120.4819565,22.4560928,3965073,0,1050982,0
09:12:03.103,100,49,147,19,120.4819565,22.4560928,3888797,0,1098361,0
09:12:03.215,100,48,147,19,120.4819565,22.4560928,3947478,0,1084616,0
09:12:03.399,100,49,155,19,120.4821091,22.4560490,3843283,0,1090386,0
09:12:03.415,93,46,155,19,120.4821091,22.4560490,3444091,0,1044258,0
09:12:03.513,79,46,155,19,120.4821091,22.4560490,2941043,0,1034083,0
09:12:03.610,79,47,155,19,120.4821091,22.4560490,2957693,0,1056825,0
09:12:03.796,81,50,159,20,120.4822769,22.4560032,3030788,0,1117985,0
09:12:03.812,81,50,159,20,120.4822769,22.4560032,3030788,0,1117985,0
09:12:03.911,79,51,159,20,120.4822769,22.4560032,2950776,0,1136270,0
09:12:04.007,76,48,159,20,120.4822769,22.4560032,2830531,0,1074131,0
09:12:04.104,75,51,159,20,120.4822769,22.4560032,2789874,0,1142673,0
09:12:04.277,71,58,154,20,120.4824448,22.4559593,2643912,0,1300728,0
09:12:04.309,71,58,154,20,120.4824448,22.4559593,2643912,0,1300728,0
09:12:04.407,58,71,154,20,120.4824448,22.4559593,2196070,0,1559655,0
09:12:04.504,52,72,154,20,120.4824448,22.4559593,1965397,0,1580142,0
09:12:04.616,50,74,149,20,120.4825974,22.4559135,1889663,0,1624376,0
09:12:04.713,48,77,149,20,120.4825974,22.4559135,1825992,0,1684221,0
09:12:04.808,49,76,149,20,120.4825974,22.4559135,1866904,0,1672608,0
09:12:04.905,50,75,149,20,120.4825974,22.4559135,1905184,0,1658444,0
09:12:05.017,54,74,139,20,120.4827423,22.4558697,2016065,0,1628315,0
09:12:05.115,59,70,139,20,120.4827423,22.4558697,2224959,0,1545027,0
09:12:05.212,60,69,139,20,120.4827423,22.4558697,2269238,0,1515473,0
09:12:05.308,61,68,139,20,120.4827423,22.4558697,2271785,0,1493023,0
09:12:05.416,61,68,129,20,120.4828796,22.4558296,2271785,0,1493023,0
09:12:05.512,60,69,129,20,120.4828796,22.4558296,2250151,0,1529311,0
09:12:05.608,59,67,129,20,120.4828796,22.4558296,2201927,0,1491893,0
09:12:05.706,60,67,129,20,120.4828796,22.4558296,2234517,0,1481828,0
09:12:05.814,60,67,122,20,120.4830093,22.4557915,2234517,0,1481828,0
09:12:05.912,58,67,122,20,120.4830093,22.4557915,2184103,0,1478590,0
09:12:06.008,56,67,122,20,120.4830093,22.4557915,2114027,0,1476087,0
09:12:06.104,54,66,122,20,120.4830093,22.4557915,2046263,0,1459660,0
09:12:06.235,54,66,114,20,120.4831238,22.4557514,2046263,0,1459660,0
09:12:06.315,57,59,114,20,120.4831238,22.4557514,2133564,0,1319649,0
09:12:06.412,67,53,114,20,120.4831238,22.4557514,2521163,0,1184028,0
09:12:06.516,70,43,114,20,120.4831238,22.4557514,2609193,0,964471,0
09:12:06.650,70,43,106,20,120.4832382,22.4557095,2609193,0,964471,0
09:12:06.715,73,39,106,20,120.4832382,22.4557095,2727299,0,893487,0
09:12:06.812,77,41,106,20,120.4832382,22.4557095,2883911,0,929202,0
09:12:06.908,79,42,106,20,120.4832382,22.4557095,2955667,0,952007,0
09:12:07.018,79,42,101,20,120.4833374,22.4556656,2955667,0,952007,0
09:12:07.115,79,39,101,20,120.4833374,22.4556656,2958632,0,881397,0
09:12:07.212,79,36,101,20,120.4833374,22.4556656,2949567,0,824537,0
09:12:07.324,79,36,99,20,120.4834290,22.4556141,2937389,0,824831,0
09:12:07.411,79,36,99,20,120.4834290,22.4556141,2937389,0,824831,0
09:12:07.508,77,33,99,20,120.4834290,22.4556141,2887416,0,758278,0
09:12:07.604,77,32,99,20,120.4834290,22.4556141,2890347,0,750295,0
09:12:07.801,74,35,98,20,120.4835205,22.4555550,2766870,0,797578,0
09:12:07.915,72,35,98,20,120.4835205,22.4555550,2686684,0,798065,0
09:12:08.012,68,32,98,20,120.4835205,22.4555550,2529639,0,733375,0
09:12:08.108,70,33,98,20,120.4835205,22.4555550,2622814,0,754307,0
09:12:08.228,70,33,96,20,120.4835968,22.4554863,2622814,0,754307,0
09:12:08.309,70,35,96,20,120.4835968,22.4554863,2634932,0,797308,0
09:12:08.408,68,32,96,20,120.4835968,22.4554863,2551593,0,733189,0
09:12:08.513,68,31,96,20,120.4835968,22.4554863,2549657,0,720154,0
09:12:08.603,68,31,92,20,120.4836578,22.4554138,2549657,0,720154,0
09:12:08.715,69,30,92,20,120.4836578,22.4554138,2568278,0,695237,0
09:12:08.812,71,34,92,20,120.4836578,22.4554138,2657696,0,781205,0
09:12:08.999,70,28,89,20,120.4837112,22.4553394,2602459,0,664747,0
09:12:09.015,70,28,89,20,120.4837112,22.4553394,2602459,0,664747,0
09:12:09.112,74,31,89,20,120.4837112,22.4553394,2776691,0,710847,0
09:12:09.208,76,32,89,20,120.4837112,22.4553394,2837029,0,730825,0
09:12:09.304,75,30,89,20,120.4837112,22.4553394,2812923,0,698832,0
09:12:09.411,74,28,86,20,120.4837646,22.4552612,2774118,0,654228,0
09:12:09.507,77,29,86,20,120.4837646,22.4552612,2874229,0,681033,0
09:12:09.603,75,28,86,20,120.4837646,22.4552612,2813461,0,660603,0
09:12:09.716,76,28,86,20,120.4837646,22.4552612,2838891,0,655967,0
09:12:09.828,77,29,86,20,120.4837875,22.4551773,2878702,0,683196,0
09:12:09.912,74,31,86,20,120.4837875,22.4551773,2762323,0,714701,0
09:12:10.008,73,31,86,20,120.4837875,22.4551773,2722442,0,713592,0
09:12:10.105,73,31,86,20,120.4837875,22.4551773,2724032,0,716794,0
09:12:10.217,73,31,86,20,120.4838181,22.4550934,2724032,0,716794,0
09:12:10.315,73,30,86,20,120.4838181,22.4550934,2737239,0,699046,0
09:12:10.412,76,32,86,20,120.4838181,22.4550934,2840960,0,741705,0
09:12:10.539,76,32,85,20,120.4838181,22.4550056,2834653,0,731291,0
09:12:10.616,76,32,85,20,120.4838181,22.4550056,2834653,0,731291,0
09:12:10.712,73,28,85,20,120.4838181,22.4550056,2737989,0,663806,0
09:12:10.808,74,29,85,20,120.4838181,22.4550056,2754584,0,679629,0
09:12:10.988,73,28,84,19,120.4838181,22.4549217,2727852,0,661361,0
09:12:11.005,73,28,84,19,120.4838181,22.4549217,2727852,0,661361,0
09:12:11.103,73,28,84,19,120.4838181,22.4549217,2720807,0,645548,0
09:12:11.215,73,27,84,19,120.4838181,22.4549217,2744959,0,639629,0
09:12:11.312,73,28,84,19,120.4838181,22.4549217,2737029,0,651615,0
09:12:11.418,73,28,83,20,120.4838028,22.4548397,2737029,0,651615,0
09:12:11.504,72,27,83,20,120.4838028,22.4548397,2704513,0,631137,0
09:12:11.603,71,27,83,20,120.4838028,22.4548397,2642053,0,628091,0
09:12:11.716,73,17,83,20,120.4838028,22.4548397,2714662,0,423061,0
09:12:11.825,73,17,82,20,120.4837646,22.4547596,2714662,0,423061,0
09:12:11.908,78,21,82,20,120.4837646,22.4547596,2900774,0,513857,0
09:12:12.004,76,22,82,20,120.4837646,22.4547596,2849431,0,524930,0
09:12:12.116,81,25,82,20,120.4837646,22.4547596,3011437,0,598831,0
09:12:12.257,81,25,83,20,120.4837265,22.4546871,3011437,0,598831,0
09:12:12.307,80,25,83,20,120.4837265,22.4546871,2984469,0,583555,0
09:12:12.404,81,25,83,20,120.4837265,22.4546871,3030060,0,599104,0
09:12:12.500,83,27,83,20,120.4837265,22.4546871,3093970,0,640848,0
09:12:12.699,84,29,85,20,120.4836578,22.4546051,3143781,0,671182,0
09:12:12.715,84,29,85,20,120.4836578,22.4546051,3143781,0,671182,0
09:12:12.812,84,29,85,20,120.4836578,22.4546051,3134336,0,673928,0
09:12:12.908,85,30,85,20,120.4836578,22.4546051,3182479,0,702580,0
09:12:13.004,86,32,85,20,120.4836578,22.4546051,3190686,0,744399,0
09:12:13.138,86,32,88,20,120.4835815,22.4545460,3190686,0,744399,0
09:12:13.203,84,31,88,20,120.4835815,22.4545460,3126336,0,720462,0
09:12:13.315,84,31,88,20,120.4835815,22.4545460,3136274,0,711978,0
09:12:13.412,81,30,88,20,120.4835815,22.4545460,3014511,0,701513,0
09:12:13.506,81,30,90,20,120.4835052,22.4544926,3014511,0,701513,0
09:12:13.603,90,40,90,20,120.4835052,22.4544926,3341740,0,903434,0
09:12:13.715,89,38,90,20,120.4835052,22.4544926,3306280,0,865317,0
09:12:13.812,89,36,90,20,120.4835052,22.4544926,3311077,0,824121,0
09:12:13.919,89,36,91,20,120.4834290,22.4544487,3311077,0,824121,0
09:12:14.016,91,39,91,20,120.4834290,22.4544487,3384712,0,886569,0
09:12:14.112,90,36,91,20,120.4834290,22.4544487,3331248,0,835003,0
09:12:14.208,90,37,91,20,120.4834290,22.4544487,3352578,0,835577,0
09:12:14.335,90,37,94,20,120.4833298,22.4544106,3352578,0,835577,0
09:12:14.400,92,38,94,20,120.4833298,22.4544106,3425610,0,877667,0
09:12:14.504,92,39,94,20,120.4833298,22.4544106,3427066,0,895982,0
09:12:14.600,91,39,94,20,120.4833298,22.4544106,3400222,0,881340,0
09:12:14.706,91,39,97,20,120.4832382,22.4543800,3400222,0,881340,0
09:12:14.804,91,38,97,20,120.4832382,22.4543800,3393383,0,871296,0
09:12:14.901,92,39,97,20,120.4832382,22.4543800,3408518,0,898744,0
09:12:15.015,90,39,97,20,120.4832382,22.4543800,3352241,0,882699,0
09:12:15.119,90,39,100,20,120.4831390,22.4543552,3352241,0,882699,0
09:12:15.200,84,37,100,20,120.4831390,22.4543552,3130759,0,838273,0
09:12:15.312,83,35,100,20,120.4831390,22.4543552,3081264,0,813945,0
09:12:15.499,83,36,101,20,120.4830246,22.4543381,3092223,0,834225,0
09:12:15.515,82,36,101,20,120.4830246,22.4543381,3061771,0,834655,0
09:12:15.612,81,35,101,20,120.4830246,22.4543381,3021025,0,796518,0
09:12:15.708,82,35,101,20,120.4830246,22.4543381,3048809,0,805071,0
09:12:15.806,83,37,101,20,120.4830246,22.4543381,3076808,0,849400,0
09:12:15.917,83,37,101,20,120.4829178,22.4543304,3076808,0,849400,0
09:12:16.014,81,33,101,20,120.4829178,22.4543304,3020048,0,750875,0
09:12:16.112,84,35,101,20,120.4829178,22.4543304,3112629,0,802084,0
09:12:16.208,83,33,101,20,120.4829178,22.4543304,3095259,0,752181,0
09:12:16.314,83,33,101,19,120.4828033,22.4543304,3095259,0,752181,0
09:12:16.411,84,32,101,19,120.4828033,22.4543304,3144068,0,731127,0
09:12:16.514,84,33,101,19,120.4828033,22.4543304,3135242,0,763165,0
09:12:16.647,83,28,102,19,120.4827042,22.4543400,3101584,0,663546,0
09:12:16.712,83,28,102,19,120.4827042,22.4543400,3101584,0,663546,0
09:12:16.808,89,34,102,19,120.4827042,22.4543400,3302946,0,780156,0
09:12:16.904,88,36,102,19,120.4827042,22.4543400,3272798,0,826650,0
09:12:17.061,85,34,103,19,120.4825974,22.4543591,3149900,0,792723,0
09:12:17.103,85,34,103,19,120.4825974,22.4543591,3149900,0,792723,0
09:12:17.215,77,32,103,19,120.4825974,22.4543591,2857099,0,738683,0
09:12:17.311,79,33,103,19,120.4825974,22.4543591,2948022,0,768374,0
09:12:17.473,79,35,104,19,120.4824829,22.4543915,2944430,0,807490,0
09:12:17.507,79,35,104,19,120.4824829,22.4543915,2944430,0,807490,0
09:12:17.603,71,26,104,19,120.4824829,22.4543915,2646996,0,603606,0
09:12:17.715,81,31,104,19,120.4824829,22.4543915,3031569,0,713725,0
09:12:17.899,85,36,102,19,120.4823837,22.4544315,3166685,0,831342,0
09:12:17.916,85,36,102,19,120.4823837,22.4544315,3166685,0,831342,0
09:12:18.013,89,40,102,19,120.4823837,22.4544315,3321890,0,914761,0
09:12:18.110,85,40,102,19,120.4823837,22.4544315,3168466,0,918537,0
09:12:18.296,78,40,103,18,120.4822922,22.4544792,2904631,0,915156,0
09:12:18.312,78,40,103,18,120.4822922,22.4544792,2904631,0,915156,0
09:12:18.408,75,41,103,18,120.4822922,22.4544792,2803206,0,924284,0
09:12:18.504,66,27,103,18,120.4822922,22.4544792,2466074,0,626179,0
09:12:18.689,74,34,101,18,120.4822006,22.4545364,2779180,0,783339,0
09:12:18.705,74,34,101,18,120.4822006,22.4545364,2779180,0,783339,0
09:12:18.803,74,47,101,18,120.4822006,22.4545364,2779015,0,1058007,0
09:12:18.900,64,50,101,18,120.4822006,22.4545364,2391885,0,1121693,0
09:12:19.100,57,63,98,18,120.4821091,22.4545956,2127928,0,1393662,0
09:12:19.213,52,76,98,18,120.4821091,22.4545956,1954776,0,1669766,0
09:12:19.310,52,77,98,18,120.4821091,22.4545956,1967255,0,1690007,0
09:12:19.495,55,74,91,18,120.4820328,22.4546566,2063248,0,1630508,0
09:12:19.513,58,74,91,18,120.4820328,22.4546566,2162772,0,1629483,0
09:12:19.610,59,76,91,18,120.4820328,22.4546566,2219230,0,1681245,0
09:12:19.707,57,75,91,18,120.4820328,22.4546566,2144877,0,1661371,0
09:12:19.878,55,73,85,19,120.4819717,22.4547138,2074004,0,1619150,0
09:12:19.910,55,73,85,19,120.4819717,22.4547138,2085918,0,1617548,0
09:12:20.007,58,75,85,19,120.4819717,22.4547138,2163023,0,1647031,0
09:12:20.103,56,75,85,19,120.4819717,22.4547138,2095023,0,1641628,0
09:12:20.202,55,74,85,19,120.4819717,22.4547138,2056220,0,1627675,0
09:12:20.329,55,72,78,19,120.4819107,22.4547672,2088121,0,1596800,0
09:12:20.413,60,69,78,19,120.4819107,22.4547672,2254826,0,1527791,0
09:12:20.510,63,68,78,19,120.4819107,22.4547672,2353152,0,1509330,0
09:12:20.691,64,68,71,20,120.4818420,22.4548168,2407440,0,1498876,0
09:12:20.707,64,68,71,20,120.4818420,22.4548168,2407440,0,1498876,0
09:12:20.804,66,68,71,20,120.4818420,22.4548168,2459909,0,1498839,0
09:12:20.902,62,68,71,20,120.4818420,22.4548168,2315461,0,1510089,0
09:12:21.015,60,69,71,20,120.4818420,22.4548168,2266731,0,1531392,0
09:12:21.143,60,69,66,20,120.4817886,22.4548607,2266731,0,1531392,0
09:12:21.208,57,71,66,20,120.4817886,22.4548607,2154413,0,1569600,0
09:12:21.304,55,69,66,20,120.4817886,22.4548607,2052444,0,1533581,0
09:12:21.402,53,66,66,20,120.4817886,22.4548607,2014986,0,1470132,0
09:12:21.534,54,63,59,20,120.4817429,22.4548969,2025578,0,1401481,0
09:12:21.614,56,61,59,20,120.4817429,22.4548969,2099759,0,1351040,0
09:12:21.710,55,58,59,20,120.4817429,22.4548969,2088128,0,1300902,0
09:12:21.807,59,55,59,20,120.4817429,22.4548969,2206262,0,1217520,0
09:12:21.904,59,55,53,20,120.4816895,22.4549294,2206262,0,1217520,0
09:12:22.000,69,46,53,20,120.4816895,22.4549294,2587624,0,1034953,0
09:12:22.114,70,44,53,20,120.4816895,22.4549294,2609736,0,998887,0
09:12:22.211,69,41,53,20,120.4816895,22.4549294,2581481,0,936659,0
09:12:22.349,69,40,47,20,120.4816513,22.4549561,2577260,0,915062,0
09:12:22.414,69,40,47,20,120.4816513,22.4549561,2577260,0,915062,0
09:12:22.512,63,29,47,20,120.4816513,22.4549561,2355165,0,684147,0
09:12:22.684,67,29,43,20,120.4815979,22.4549713,2524579,0,666811,0
09:12:22.700,67,29,43,20,120.4815979,22.4549713,2524579,0,666811,0
09:12:22.812,81,39,43,20,120.4815979,22.4549713,3025633,0,892819,0
09:12:22.908,80,36,43,20,120.4815979,22.4549713,2970254,0,815873,0
09:12:23.003,78,34,43,20,120.4815979,22.4549713,2906339,0,783248,0
09:12:23.114,78,34,42,19,120.4815521,22.4549751,2906339,0,783248,0
09:12:23.212,77,32,42,19,120.4815521,22.4549751,2880978,0,733328,0
09:12:23.309,77,30,42,19,120.4815521,22.4549751,2868356,0,699126,0
09:12:23.407,77,30,42,19,120.4815521,22.4549751,2875876,0,693717,0
09:12:23.536,77,30,43,20,120.4814987,22.4549694,2875876,0,693717,0
09:12:23.600,79,32,43,20,120.4814987,22.4549694,2940815,0,743534,0
09:12:23.714,79,34,43,20,120.4814987,22.4549694,2945186,0,781300,0
09:12:23.812,78,34,43,20,120.4814987,22.4549694,2914488,0,777300,0
09:12:23.928,78,34,45,20,120.4814453,22.4549541,2909179,0,774499,0
09:12:24.009,80,35,45,20,120.4814453,22.4549541,2967492,0,796916,0
09:12:24.107,77,36,45,20,120.4814453,22.4549541,2875194,0,819247,0
09:12:24.202,77,35,45,20,120.4814453,22.4549541,2878259,0,806087,0
09:12:24.353,76,28,46,19,120.4814072,22.4549274,2842970,0,664844,0
09:12:24.402,76,28,46,19,120.4814072,22.4549274,2842970,0,664844,0
09:12:24.543,85,33,47,20,120.4813843,22.4548893,3163862,0,761507,0
09:12:24.607,90,35,47,20,120.4813843,22.4548893,3334389,0,797920,0
09:12:24.703,89,38,47,20,120.4813843,22.4548893,3304492,0,857846,0
09:12:24.843,88,36,50,20,120.4813538,22.4548569,3292010,0,829610,0
09:12:24.908,88,34,50,20,120.4813538,22.4548569,3286134,0,777460,0
09:12:25.005,89,34,50,20,120.4813538,22.4548569,3304737,0,782410,0
09:12:25.175,90,35,52,20,120.4813461,22.4548206,3334663,0,809209,0
09:12:25.208,89,34,52,20,120.4813461,22.4548206,3302544,0,790887,0
09:12:25.305,90,34,52,20,120.4813461,22.4548206,3355680,0,776092,0
09:12:25.448,91,34,55,20,120.4813309,22.4547806,3401504,0,789389,0
09:12:25.513,94,34,55,20,120.4813309,22.4547806,3500085,0,787290,0
09:12:25.610,99,37,55,20,120.4813309,22.4547806,3660444,0,838644,0
09:12:25.753,100,40,59,20,120.4813309,22.4547367,3722641,0,904231,0
09:12:25.802,100,40,59,20,120.4813309,22.4547367,3722641,0,904231,0
09:12:25.952,100,43,64,20,120.4813156,22.4547062,3792617,0,976587,0
09:12:26.000,100,43,64,20,120.4813156,22.4547062,3792617,0,976587,0
09:12:26.114,100,48,64,20,120.4813156,22.4547062,3926512,0,1073173,0
09:12:26.257,100,48,70,20,120.4813309,22.4546566,3917625,0,1084792,0
09:12:26.305,100,48,70,20,120.4813309,22.4546566,3917625,0,1084792,0
09:12:26.402,100,53,70,20,120.4813309,22.4546566,3949382,0,1177986,0
09:12:26.552,100,51,78,20,120.4813156,22.4545994,3976060,0,1152200,0
09:12:26.600,100,50,78,20,120.4813156,22.4545994,3978946,0,1129265,0
09:12:26.714,100,51,78,20,120.4813156,22.4545994,3942730,0,1143167,0
09:12:26.850,100,50,85,20,120.4813309,22.4545383,3870739,0,1113446,0
09:12:26.915,100,46,85,20,120.4813309,22.4545383,3940866,0,1028353,0
09:12:27.015,100,48,85,20,120.4813309,22.4545383,4007844,0,1070809,0
09:12:27.189,100,49,93,20,120.4813309,22.4544697,4046057,0,1094610,0
09:12:27.205,100,49,93,20,120.4813309,22.4544697,3947861,0,1097453,0
09:12:27.304,100,50,93,20,120.4813309,22.4544697,3942003,0,1123972,0
09:12:27.448,100,50,102,20,120.4813309,22.4543953,4036389,0,1127747,0
09:12:27.513,100,48,102,20,120.4813309,22.4543953,4055613,0,1088353,0
09:12:27.612,100,47,102,20,120.4813309,22.4543953,3982565,0,1051891,0
09:12:27.737,100,49,110,20,120.4813309,22.4543152,3960660,0,1093475,0
09:12:27.800,100,49,110,20,120.4813309,22.4543152,3960660,0,1093475,0
09:12:27.915,100,47,110,20,120.4813309,22.4543152,3954964,0,1066525,0
09:12:28.085,100,49,118,20,120.4813309,22.4542294,4023470,0,1098452,0
09:12:28.101,100,49,118,20,120.4813309,22.4542294,4023470,0,1098452,0
09:12:28.215,100,48,118,20,120.4813309,22.4542294,3911999,0,1072566,0
09:12:28.316,100,48,126,20,120.4813309,22.4541359,3911999,0,1072566,0
09:12:28.412,100,48,126,20,120.4813309,22.4541359,3979572,0,1076323,0
09:12:28.558,100,48,131,20,120.4813461,22.4540710,3979572,0,1076323,0
09:12:28.607,100,47,131,20,120.4813461,22.4540710,3966407,0,1063043,0
09:12:28.703,100,52,131,20,120.4813461,22.4540710,3966162,0,1166650,0
09:12:28.853,100,49,138,20,120.4813461,22.4539700,3805313,0,1092619,0
09:12:28.902,87,47,138,20,120.4813461,22.4539700,3229405,0,1058972,0
09:12:29.015,77,47,138,20,120.4813461,22.4539700,2887223,0,1058514,0
09:12:29.169,76,47,139,20,120.4813461,22.4538651,2832213,0,1058928,0
09:12:29.202,77,49,139,20,120.4813461,22.4538651,2877338,0,1108022,0
09:12:29.315,76,48,139,20,120.4813461,22.4538651,2848351,0,1073397,0
09:12:29.448,77,50,135,20,120.4813461,22.4537621,2864176,0,1122420,0
09:12:29.512,73,54,135,20,120.4813461,22.4537621,2733125,0,1214414,0
09:12:29.610,67,56,135,20,120.4813461,22.4537621,2511449,0,1253023,0
09:12:29.762,63,61,131,20,120.4813538,22.4536629,2375650,0,1361907,0
09:12:29.812,57,68,131,20,120.4813538,22.4536629,2130786,0,1508094,0
09:12:29.910,53,72,131,20,120.4813538,22.4536629,1985907,0,1593793,0
09:12:30.007,52,75,131,20,120.4813538,22.4536629,1962283,0,1659834,0
09:12:30.113,50,77,125,19,120.4813538,22.4535656,1874100,0,1696983,0
09:12:30.212,48,78,125,19,120.4813538,22.4535656,1816718,0,1718507,0
09:12:30.355,50,81,117,20,120.4813538,22.4534760,1876360,0,1769865,0
09:12:30.404,50,81,117,20,120.4813538,22.4534760,1876360,0,1769865,0
09:12:30.502,50,75,117,20,120.4813538,22.4534760,1904946,0,1660213,0
09:12:30.644,54,75,110,20,120.4813538,22.4533901,2043946,0,1659036,0
09:12:30.709,54,75,110,20,120.4813538,22.4533901,2043946,0,1659036,0
09:12:30.807,56,72,110,20,120.4813538,22.4533901,2115003,0,1593217,0
09:12:30.935,58,71,104,20,120.4813690,22.4533100,2162554,0,1566519,0
09:12:31.015,58,69,104,20,120.4813690,22.4533100,2177028,0,1533194,0
09:12:31.125,60,68,101,20,120.4813690,22.4532585,2239524,0,1509585,0
09:12:31.210,62,68,101,20,120.4813690,22.4532585,2329181,0,1494355,0
09:12:31.308,62,65,101,20,120.4813690,22.4532585,2331795,0,1449905,0
09:12:31.450,62,63,96,20,120.4813690,22.4531841,2324386,0,1388386,0
09:12:31.504,59,61,96,20,120.4813690,22.4531841,2223599,0,1350944,0
09:12:31.602,56,44,96,20,120.4813690,22.4531841,2109991,0,990860,0
09:12:31.735,65,50,92,20,120.4813843,22.4531136,2438514,0,1118323,0
09:12:31.809,64,52,92,20,120.4813843,22.4531136,2399931,0,1163364,0
09:12:31.907,63,50,92,20,120.4813843,22.4531136,2367503,0,1128511,0
09:12:32.003,65,50,92,20,120.4813843,22.4531136,2444075,0,1120338,0
09:12:32.113,69,49,86,20,120.4813843,22.4530468,2563547,0,1100213,0
09:12:32.210,70,49,86,20,120.4813843,22.4530468,2626233,0,1090675,0
09:12:32.354,71,45,83,20,120.4813919,22.4529839,2651987,0,1011908,0
09:12:32.409,71,45,83,20,120.4813919,22.4529839,2651987,0,1011908,0
09:12:32.508,71,45,83,20,120.4813919,22.4529839,2661703,0,1006455,0
09:12:32.650,70,42,80,20,120.4814072,22.4529247,2630614,0,953229,0
09:12:32.715,68,36,80,20,120.4814072,22.4529247,2538727,0,833992,0
09:12:32.812,70,35,80,20,120.4814072,22.4529247,2627109,0,812293,0
09:12:32.958,76,39,77,20,120.4814301,22.4528694,2844284,0,897347,0
09:12:33.007,79,38,77,20,120.4814301,22.4528694,2931983,0,859297,0
09:12:33.103,81,38,77,20,120.4814301,22.4528694,3004922,0,874667,0
09:12:33.245,76,35,77,20,120.4814606,22.4528160,2840266,0,795603,0
09:12:33.310,74,33,77,20,120.4814606,22.4528160,2776972,0,759685,0
09:12:33.407,73,33,77,20,120.4814606,22.4528160,2729901,0,764776,0
09:12:33.559,70,29,75,20,120.4814835,22.4527664,2629435,0,682059,0
09:12:33.608,73,30,75,20,120.4814835,22.4527664,2730806,0,694865,0
09:12:33.705,73,31,75,20,120.4814835,22.4527664,2737184,0,719501,0
09:12:33.849,74,32,75,19,120.4815216,22.4527206,2780914,0,733106,0
09:12:33.914,72,29,75,19,120.4815216,22.4527206,2700434,0,681564,0
09:12:34.039,74,30,75,19,120.4815521,22.4526920,2745655,0,702594,0
09:12:34.103,72,29,75,19,120.4815521,22.4526920,2694896,0,680240,0
09:12:34.216,73,29,75,19,120.4815521,22.4526920,2720770,0,681545,0
09:12:34.358,75,31,73,20,120.4815979,22.4526539,2802938,0,724308,0
09:12:34.407,74,29,73,20,120.4815979,22.4526539,2778111,0,678554,0
09:12:34.503,74,27,73,20,120.4815979,22.4526539,2754513,0,626560,0
09:12:34.674,76,27,73,20,120.4816513,22.4526215,2829080,0,630511,0
09:12:34.707,76,27,73,20,120.4816513,22.4526215,2829080,0,630511,0
09:12:34.804,79,30,73,20,120.4816513,22.4526215,2950192,0,692552,0
09:12:34.940,85,30,74,20,120.4817047,22.4525948,3167031,0,697029,0
09:12:35.004,85,30,74,20,120.4817047,22.4525948,3167031,0,697029,0
09:12:35.102,83,26,74,20,120.4817047,22.4525948,3105229,0,615444,0
09:12:35.255,88,27,76,20,120.4817505,22.4525738,3266847,0,641749,0
09:12:35.303,88,27,76,20,120.4817505,22.4525738,3266847,0,641749,0
09:12:35.415,89,30,76,20,120.4817505,22.4525738,3328661,0,706817,0
09:12:35.543,90,30,79,20,120.4818192,22.4525604,3345661,0,698690,0
09:12:35.609,91,32,79,20,120.4818192,22.4525604,3374528,0,740490,0
09:12:35.707,91,32,79,20,120.4818192,22.4525604,3389607,0,748814,0
09:12:35.845,92,33,82,20,120.4818802,22.4525490,3427271,0,769098,0
09:12:35.911,94,33,82,20,120.4818802,22.4525490,3491203,0,764546,0
09:12:36.007,97,36,82,20,120.4818802,22.4525490,3597764,0,823719,0
09:12:36.150,97,38,86,20,120.4819565,22.4525433,3607754,0,861870,0
09:12:36.215,96,34,86,20,120.4819565,22.4525433,3566200,0,788911,0
09:12:36.300,96,34,89,20,120.4819946,22.4525433,3566200,0,788911,0
09:12:36.415,100,42,89,20,120.4819946,22.4525433,3764640,0,955999,0
09:12:36.543,100,42,92,20,120.4820480,22.4525433,3764640,0,955999,0
09:12:36.608,100,43,92,20,120.4820480,22.4525433,3806945,0,972799,0
09:12:36.705,100,44,92,20,120.4820480,22.4525433,3832394,0,989204,0
09:12:36.812,100,49,98,20,120.4821243,22.4525471,3915021,0,1096271,0
09:12:36.913,100,47,98,20,120.4821243,22.4525471,3846390,0,1063858,0
09:12:37.010,100,46,98,20,120.4821243,22.4525471,3859697,0,1033946,0
09:12:37.171,100,50,104,20,120.4822159,22.4525528,3886927,0,1129688,0
09:12:37.203,100,50,104,20,120.4822159,22.4525528,3768185,0,1120663,0
09:12:37.300,85,47,104,20,120.4822159,22.4525528,3181008,0,1056461,0
09:12:37.444,81,47,110,20,120.4822922,22.4525604,3020952,0,1048365,0
09:12:37.509,80,49,110,20,120.4822922,22.4525604,2999241,0,1093357,0
09:12:37.608,78,47,110,20,120.4822922,22.4525604,2922738,0,1067791,0
09:12:37.749,78,48,106,20,120.4823837,22.4525681,2927133,0,1083395,0
09:12:37.814,78,52,106,20,120.4823837,22.4525681,2919436,0,1162860,0
09:12:37.912,73,53,106,20,120.4823837,22.4525681,2716900,0,1181365,0
09:12:38.128,68,55,103,20,120.4824677,22.4525757,2529374,0,1220733,0
09:12:38.209,62,59,103,20,120.4824677,22.4525757,2342526,0,1315863,0
09:12:38.353,61,61,99,20,120.4825439,22.4525833,2285482,0,1359823,0
09:12:38.402,65,60,99,20,120.4825439,22.4525833,2444687,0,1335464,0
09:12:38.507,70,61,99,20,120.4825439,22.4525833,2620245,0,1346104,0
09:12:38.633,70,60,94,20,120.4826202,22.4525871,2622124,0,1331632,0
09:12:38.715,67,61,94,20,120.4826202,22.4525871,2508265,0,1351194,0
09:12:38.812,67,61,94,20,120.4826202,22.4525871,2506446,0,1355242,0
09:12:38.946,68,62,90,20,120.4827042,22.4525928,2532068,0,1384141,0
09:12:39.010,67,62,90,20,120.4827042,22.4525928,2505492,0,1379744,0
09:12:39.108,65,62,90,20,120.4827042,22.4525928,2438335,0,1373447,0
09:12:39.249,64,61,86,20,120.4827805,22.4525967,2410001,0,1364897,0
09:12:39.314,65,63,86,20,120.4827805,22.4525967,2439153,0,1392042,0
09:12:39.412,65,63,86,20,120.4827805,22.4525967,2444737,0,1407139,0
09:12:39.558,64,63,81,20,120.4828415,22.4526005,2381802,0,1401518,0
09:12:39.607,64,63,81,20,120.4828415,22.4526005,2381802,0,1401518,0
09:12:39.704,62,66,81,20,120.4828415,22.4526005,2327435,0,1456907,0
09:12:39.846,61,68,77,20,120.4829025,22.4526024,2299624,0,1496210,0
09:12:39.912,61,68,77,20,120.4829025,22.4526024,2299624,0,1496210,0
09:12:40.008,53,68,77,20,120.4829025,22.4526024,1999245,0,1509992,0
09:12:40.108,51,68,72,20,120.4829712,22.4526024,1915631,0,1499752,0
09:12:40.200,51,68,72,20,120.4829712,22.4526024,1915631,0,1499752,0
09:12:40.314,52,69,72,20,120.4829712,22.4526024,1975243,0,1520683,0
09:12:40.453,53,67,66,20,120.4830246,22.4525986,1999672,0,1473807,0
09:12:40.502,53,67,66,20,120.4830246,22.4525986,1999672,0,1473807,0
09:12:40.615,56,65,66,20,120.4830246,22.4525986,2110059,0,1430769,0
09:12:40.758,56,65,61,20,120.4830704,22.4525928,2110059,0,1430769,0
09:12:40.807,53,64,61,20,120.4830704,22.4525928,1999821,0,1421388,0
09:12:40.935,51,64,58,20,120.4831085,22.4525852,1929537,0,1415978,0
09:12:41.000,51,63,58,20,120.4831085,22.4525852,1930964,0,1406892,0
09:12:41.140,54,59,55,20,120.4831390,22.4525776,2041578,0,1303862,0
09:12:41.204,64,50,55,20,120.4831390,22.4525776,2388719,0,1114778,0
09:12:41.302,66,46,55,20,120.4831390,22.4525776,2455268,0,1033388,0
09:12:41.455,66,41,51,20,120.4831772,22.4525623,2458877,0,937695,0
09:12:41.510,66,41,51,20,120.4831772,22.4525623,2458877,0,937695,0
09:12:41.608,65,36,51,20,120.4831772,22.4525623,2450643,0,826622,0
09:12:41.750,65,36,49,20,120.4832153,22.4525433,2450643,0,826622,0
09:12:41.816,65,34,49,20,120.4832153,22.4525433,2444178,0,777718,0
09:12:41.965,65,34,47,20,120.4832230,22.4525299,2437405,0,772229,0
09:12:42.013,64,32,47,20,120.4832230,22.4525299,2402629,0,749734,0
09:12:42.112,65,33,47,20,120.4832230,22.4525299,2439572,0,768808,0
09:12:42.236,65,34,45,20,120.4832535,22.4525032,2450001,0,776594,0
09:12:42.300,65,33,45,20,120.4832535,22.4525032,2431799,0,762110,0
09:12:42.413,64,31,45,20,120.4832535,22.4525032,2411751,0,727919,0
09:12:42.539,65,31,43,20,120.4832764,22.4524765,2447881,0,721332,0
09:12:42.604,71,33,43,20,120.4832764,22.4524765,2668220,0,764392,0
09:12:42.714,73,33,42,20,120.4832916,22.4524555,2716557,0,750662,0
09:12:42.810,73,30,42,20,120.4832916,22.4524555,2717042,0,689042,0
09:12:42.908,74,30,42,20,120.4832916,22.4524555,2772765,0,690005,0
09:12:43.084,76,31,42,20,120.4832916,22.4524250,2820542,0,716004,0
09:12:43.102,76,31,42,20,120.4832916,22.4524250,2820542,0,716004,0
09:12:43.214,74,28,42,20,120.4832916,22.4524250,2778552,0,661909,0
09:12:43.358,74,28,44,20,120.4832916,22.4523926,2778552,0,661909,0
09:12:43.407,75,28,44,20,120.4832916,22.4523926,2789818,0,664281,0
09:12:43.523,75,28,44,20,120.4832916,22.4523716,2803672,0,653244,0
09:12:43.603,75,27,44,20,120.4832916,22.4523716,2812339,0,633226,0
09:12:43.700,76,25,44,20,120.4832916,22.4523716,2818508,0,598210,0
09:12:43.810,77,22,46,20,120.4832764,22.4523373,2855214,0,530007,0
09:12:43.908,80,25,46,20,120.4832764,22.4523373,2986135,0,589357,0
09:12:44.055,82,27,48,20,120.4832611,22.4523163,3044170,0,624684,0
09:12:44.103,83,26,48,20,120.4832611,22.4523163,3074044,0,620479,0
09:12:44.215,83,27,48,20,120.4832611,22.4523163,3085394,0,635267,0
09:12:44.354,83,27,51,20,120.4832382,22.4522877,3090063,0,641423,0
09:12:44.408,83,27,51,20,120.4832382,22.4522877,3090063,0,641423,0
09:12:44.525,82,26,52,20,120.4832153,22.4522705,3065622,0,614753,0
09:12:44.607,83,26,52,20,120.4832153,22.4522705,3096837,0,622912,0
09:12:44.703,85,28,52,20,120.4832153,22.4522705,3180516,0,653723,0
09:12:44.872,87,29,55,20,120.4831772,22.4522476,3249293,0,685108,0
09:12:44.904,89,31,55,20,120.4831772,22.4522476,3307576,0,724730,0
09:12:45.045,90,30,57,20,120.4831467,22.4522343,3345056,0,701236,0
09:12:45.110,92,31,57,20,120.4831467,22.4522343,3406975,0,718627,0
09:12:45.208,93,31,57,20,120.4831467,22.4522343,3457251,0,711178,0
09:12:45.348,94,31,62,20,120.4831085,22.4522190,3484461,0,716613,0
09:12:45.413,94,31,62,20,120.4831085,22.4522190,3484461,0,716613,0
09:12:45.543,94,31,64,20,120.4830704,22.4522114,3492798,0,726361,0
09:12:45.608,95,32,64,20,120.4830704,22.4522114,3516270,0,748933,0
09:12:45.720,97,34,68,20,120.4830322,22.4522057,3601477,0,774831,0
09:12:45.800,98,34,68,20,120.4830322,22.4522057,3623311,0,783196,0
09:12:45.915,97,35,68,20,120.4830322,22.4522057,3615320,0,809315,0
09:12:46.054,99,36,74,20,120.4829788,22.4522018,3665009,0,817274,0
09:12:46.103,99,38,74,20,120.4829788,22.4522018,3668104,0,862586,0
09:12:46.200,100,38,74,20,120.4829788,22.4522018,3721072,0,871215,0
09:12:46.334,99,39,78,20,120.4829178,22.4522018,3687539,0,889457,0
09:12:46.415,100,44,78,20,120.4829178,22.4522018,3778802,0,989642,0
09:12:46.534,100,44,82,20,120.4828644,22.4522038,3778802,0,989642,0
09:12:46.615,100,48,82,20,120.4828644,22.4522038,3846491,0,1085606,0
09:12:46.729,100,50,86,20,120.4828262,22.4522057,3827905,0,1122207,0
09:12:46.810,100,50,86,20,120.4828262,22.4522057,3796940,0,1131802,0
09:12:46.908,100,50,86,20,120.4828262,22.4522057,3805417,0,1128401,0
09:12:47.053,100,50,91,20,120.4827499,22.4522133,3818220,0,1130003,0
09:12:47.103,100,48,91,20,120.4827499,22.4522133,3758446,0,1087962,0
09:12:47.215,100,44,91,20,120.4827499,22.4522133,3772001,0,1004012,0
09:12:47.343,100,44,96,20,120.4826736,22.4522190,3701595,0,984185,0
09:12:47.408,94,44,96,20,120.4826736,22.4522190,3476206,0,993277,0
09:12:47.518,83,44,99,20,120.4826202,22.4522228,3097789,0,994967,0
09:12:47.615,79,45,99,20,120.4826202,22.4522228,2947884,0,1019040,0
09:12:47.712,80,48,99,20,120.4826202,22.4522228,2997708,0,1074587,0
09:12:47.870,80,47,97,20,120.4825439,22.4522247,2965564,0,1060457,0
09:12:47.903,80,47,97,20,120.4825439,22.4522247,2965564,0,1060457,0
09:12:48.000,79,47,97,20,120.4825439,22.4522247,2931083,0,1057323,0
09:12:48.113,78,45,96,20,120.4824982,22.4522266,2907958,0,1020578,0
09:12:48.210,80,48,96,20,120.4824982,22.4522266,2988881,0,1072171,0
09:12:48.304,80,48,93,20,120.4824219,22.4522285,2972010,0,1074047,0
09:12:48.400,81,50,93,20,120.4824219,22.4522285,3008004,0,1113943,0
09:12:48.514,81,52,93,20,120.4824219,22.4522285,3033777,0,1173464,0
09:12:48.633,76,50,90,20,120.4823456,22.4522285,2847349,0,1120219,0
09:12:48.714,72,51,90,20,120.4823456,22.4522285,2692285,0,1141712,0
09:12:48.812,70,54,90,20,120.4823456,22.4522285,2614385,0,1205317,0
09:12:48.948,69,58,87,20,120.4822693,22.4522285,2568008,0,1291246,0
09:12:49.014,64,60,87,20,120.4822693,22.4522285,2409601,0,1332107,0
09:12:49.164,63,61,84,20,120.4822235,22.4522285,2358170,0,1360847,0
09:12:49.213,63,64,84,20,120.4822235,22.4522285,2349066,0,1427902,0
09:12:49.312,62,66,84,20,120.4822235,22.4522285,2341769,0,1471524,0
09:12:49.413,61,67,79,20,120.4821625,22.4522266,2295463,0,1483416,0
09:12:49.503,61,67,79,20,120.4821625,22.4522266,2289201,0,1488930,0
09:12:49.600,61,67,79,20,120.4821625,22.4522266,2285274,0,1477788,0
09:12:49.760,60,66,75,20,120.4821014,22.4522247,2266673,0,1471324,0
09:12:49.808,60,66,75,20,120.4821014,22.4522247,2266673,0,1471324,0
09:12:49.905,58,67,75,20,120.4821014,22.4522247,2168594,0,1489421,0
09:12:50.065,57,66,70,20,120.4820328,22.4522228,2138346,0,1451047,0
09:12:50.114,57,66,70,20,120.4820328,22.4522228,2138346,0,1451047,0
09:12:50.211,57,65,70,20,120.4820328,22.4522228,2139187,0,1443268,0
09:12:50.338,57,65,65,20,120.4819870,22.4522171,2139187,0,1443268,0
09:12:50.412,56,65,65,20,120.4819870,22.4522171,2091365,0,1431121,0
09:12:50.542,53,62,62,20,120.4819489,22.4522114,2013864,0,1377029,0
09:12:50.607,54,62,62,20,120.4819489,22.4522114,2036127,0,1379814,0
09:12:50.704,53,60,62,20,120.4819489,22.4522114,2011910,0,1335152,0
09:12:50.853,52,57,57,19,120.4819107,22.4522018,1976830,0,1277928,0
09:12:50.903,55,55,57,19,120.4819107,22.4522018,2061228,0,1224314,0
09:12:51.015,58,51,57,19,120.4819107,22.4522018,2172550,0,1144266,0
09:12:51.156,64,48,52,20,120.4818726,22.4521866,2389131,0,1079745,0
09:12:51.204,70,46,52,20,120.4818726,22.4521866,2618820,0,1039950,0
09:12:51.300,71,44,52,20,120.4818726,22.4521866,2654139,0,1001249,0
09:12:51.456,71,43,50,20,120.4818268,22.4521694,2636350,0,978786,0
09:12:51.510,68,38,50,20,120.4818268,22.4521694,2559248,0,865792,0
09:12:51.608,68,37,50,20,120.4818268,22.4521694,2552855,0,840437,0
09:12:51.748,67,36,48,20,120.4817886,22.4521484,2504381,0,834171,0
09:12:51.812,65,35,48,20,120.4817886,22.4521484,2449036,0,796171,0
09:12:51.908,66,34,48,20,120.4817886,22.4521484,2453696,0,775526,0
09:12:52.064,67,34,45,20,120.4817657,22.4521255,2502149,0,779109,0
09:12:52.114,68,36,45,20,120.4817657,22.4521255,2547076,0,825733,0
09:12:52.212,68,36,45,20,120.4817657,22.4521255,2541150,0,830274,0
09:12:52.348,68,34,43,20,120.4817429,22.4520969,2548656,0,787243,0
09:12:52.414,68,34,43,20,120.4817429,22.4520969,2541066,0,772093,0
09:12:52.512,67,33,43,20,120.4817429,22.4520969,2524418,0,768327,0
09:12:52.667,68,33,42,20,120.4817276,22.4520683,2534932,0,754997,0
09:12:52.715,68,33,42,20,120.4817276,22.4520683,2534932,0,754997,0
09:12:52.821,70,34,40,20,120.4817276,22.4520473,2620224,0,780656,0
09:12:52.900,73,34,40,20,120.4817276,22.4520473,2733062,0,778404,0
09:12:53.012,77,33,40,20,120.4817276,22.4520473,2863761,0,750821,0
09:12:53.173,79,32,41,20,120.4817123,22.4520168,2933079,0,744714,0
09:12:53.205,79,32,41,20,120.4817123,22.4520168,2933079,0,744714,0
09:12:53.303,82,32,41,20,120.4817123,22.4520168,3043021,0,743309,0
09:12:53.444,82,32,43,20,120.4817276,22.4519863,3062613,0,738195,0
09:12:53.508,83,30,43,20,120.4817276,22.4519863,3096522,0,691988,0
09:12:53.601,88,31,45,20,120.4817276,22.4519634,3263959,0,711686,0
09:12:53.712,89,33,45,20,120.4817276,22.4519634,3327125,0,752002,0
09:12:53.808,90,32,45,20,120.4817276,22.4519634,3352635,0,749618,0
09:12:54.003,91,32,49,20,120.4817429,22.4519310,3369902,0,746932,0
09:12:54.115,91,33,49,20,120.4817429,22.4519310,3367411,0,752203,0
09:12:54.214,92,33,53,20,120.4817657,22.4518967,3438414,0,760024,0
09:12:54.312,95,34,53,20,120.4817657,22.4518967,3521884,0,788013,0
09:12:54.452,96,36,56,20,120.4817886,22.4518776,3559993,0,820587,0
09:12:54.500,96,36,56,20,120.4817886,22.4518776,3559993,0,820587,0
09:12:54.630,97,36,59,20,120.4818039,22.4518547,3621470,0,818114,0
09:12:54.714,99,38,59,20,120.4818039,22.4518547,3677760,0,864002,0
09:12:54.812,100,40,59,20,120.4818039,22.4518547,3739031,0,907176,0
09:12:54.953,100,42,63,20,120.4818420,22.4518223,3765257,0,944995,0
09:12:55.002,100,43,63,20,120.4818420,22.4518223,3748152,0,975050,0
09:12:55.115,100,44,63,20,120.4818420,22.4518223,3783034,0,1004131,0
09:12:55.264,100,47,69,20,120.4818802,22.4517918,3853996,0,1058918,0
09:12:55.312,100,51,69,20,120.4818802,22.4517918,3932307,0,1138559,0
09:12:55.410,100,52,69,20,120.4818802,22.4517918,3811077,0,1173257,0
09:12:55.538,100,53,75,20,120.4819336,22.4517593,3712356,0,1176512,0
09:12:55.602,85,52,75,20,120.4819336,22.4517593,3170184,0,1170660,0
09:12:55.733,81,51,78,19,120.4819717,22.4517345,3025008,0,1150986,0
09:12:55.813,79,50,78,19,120.4819717,22.4517345,2963384,0,1127217,0
09:12:55.912,78,49,78,19,120.4819717,22.4517345,2891553,0,1092881,0
09:12:56.080,74,45,75,20,120.4820099,22.4516983,2777004,0,1011947,0
09:12:56.113,74,45,75,20,120.4820099,22.4516983,2777004,0,1011947,0
09:12:56.210,72,40,75,20,120.4820099,22.4516983,2681150,0,902768,0
09:12:56.350,71,39,72,19,120.4820633,22.4516602,2657495,0,892572,0
09:12:56.415,71,39,72,19,120.4820633,22.4516602,2657495,0,892572,0
09:12:56.515,70,37,72,19,120.4820633,22.4516602,2615327,0,844516,0
09:12:56.638,72,33,69,19,120.4821014,22.4516220,2678647,0,754981,0
09:12:56.703,81,31,69,19,120.4821014,22.4516220,3014970,0,723973,0
09:12:56.834,81,31,69,18,120.4821243,22.4515953,3014970,0,723973,0
09:12:56.900,85,33,69,18,120.4821243,22.4515953,3176036,0,752905,0
09:12:57.029,88,35,70,18,120.4821396,22.4515648,3286182,0,810652,0
09:12:57.110,88,34,70,18,120.4821396,22.4515648,3266487,0,787490,0
09:12:57.207,89,34,70,18,120.4821396,22.4515648,3314856,0,778289,0
09:12:57.354,89,34,75,18,120.4821777,22.4515152,3314856,0,778289,0
09:12:57.403,91,33,75,18,120.4821777,22.4515152,3385669,0,767928,0
09:12:57.532,92,33,77,16,120.4821854,22.4514809,3416678,0,760773,0
09:12:57.614,93,33,77,16,120.4821854,22.4514809,3462191,0,758535,0
09:12:57.714,93,33,80,17,120.4822006,22.4514427,3462191,0,758535,0
09:12:57.810,96,37,80,17,120.4822006,22.4514427,3555277,0,856448,0
09:12:57.959,96,37,83,17,120.4822159,22.4514027,3555277,0,856448,0
09:12:58.008,95,36,83,17,120.4822159,22.4514027,3526636,0,821588,0
09:12:58.110,94,33,86,18,120.4822235,22.4513607,3494777,0,767653,0
09:12:58.208,96,33,86,18,120.4822235,22.4513607,3584800,0,760076,0
09:12:58.342,97,41,89,17,120.4822235,22.4513168,3599805,0,932552,0
09:12:58.407,97,36,89,17,120.4822235,22.4513168,3600500,0,818018,0
09:12:58.508,97,36,92,19,120.4822388,22.4512711,3600500,0,818018,0
09:12:58.605,99,39,92,19,120.4822388,22.4512711,3669964,0,892185,0
09:12:58.729,99,39,93,19,120.4822388,22.4512234,3669964,0,892185,0
09:12:58.810,100,52,93,19,120.4822388,22.4512234,3869568,0,1160795,0
09:12:58.908,99,50,97,18,120.4822388,22.4511757,3661382,0,1123726,0
09:12:59.007,96,41,97,18,120.4822388,22.4511757,3567010,0,929395,0
09:12:59.107,97,45,99,18,120.4822388,22.4511242,3614174,0,1021314,0
09:12:59.204,99,49,99,18,120.4822388,22.4511242,3683831,0,1107866,0
09:12:59.323,98,49,103,19,120.4822388,22.4510727,3655255,0,1094342,0
09:12:59.404,100,50,103,19,120.4822388,22.4510727,3721898,0,1114195,0
09:12:59.556,100,51,105,18,120.4822388,22.4510212,3783157,0,1140374,0
09:12:59.605,100,51,105,18,120.4822388,22.4510212,3783157,0,1140374,0
09:12:59.708,99,49,108,18,120.4822388,22.4509640,3688021,0,1108935,0
09:12:59.804,91,50,108,18,120.4822388,22.4509640,3370755,0,1115364,0
09:12:59.917,83,50,112,19,120.4822235,22.4509087,3074521,0,1118768,0
09:13:00.009,80,49,112,19,120.4822235,22.4509087,2967426,0,1095791,0
09:13:00.109,80,49,110,18,120.4822235,22.4508533,2971638,0,1104011,0
09:13:00.207,80,49,110,18,120.4822235,22.4508533,2971638,0,1104011,0
09:13:00.304,79,49,110,18,120.4822235,22.4508533,2935913,0,1095822,0
09:13:00.454,78,48,107,19,120.4822235,22.4507713,2896758,0,1073350,0
09:13:00.503,78,48,107,19,120.4822235,22.4507713,2896758,0,1073350,0
09:13:00.615,77,46,107,19,120.4822235,22.4507713,2882684,0,1038757,0
09:13:00.738,77,46,104,19,120.4822235,22.4506912,2882684,0,1038757,0
09:13:00.803,77,45,104,19,120.4822235,22.4506912,2858494,0,1021706,0
09:13:00.937,79,48,102,19,120.4822235,22.4506397,2949154,0,1074454,0
09:13:01.002,77,46,102,19,120.4822235,22.4506397,2873678,0,1043767,0
09:13:01.100,78,47,102,19,120.4822235,22.4506397,2903901,0,1066275,0
09:13:01.223,77,48,99,19,120.4822235,22.4505653,2879025,0,1070504,0
09:13:01.315,74,43,99,19,120.4822235,22.4505653,2765753,0,976815,0
09:13:01.412,74,43,99,19,120.4822235,22.4505653,2774898,0,972962,0
09:13:01.545,72,42,95,19,120.4822235,22.4504910,2701966,0,953886,0
09:13:01.612,70,38,95,19,120.4822235,22.4504910,2619482,0,862035,0
09:13:01.710,72,39,95,19,120.4822235,22.4504910,2672901,0,884553,0
09:13:01.850,73,40,92,19,120.4822388,22.4504204,2716392,0,899285,0
09:13:01.915,73,38,92,19,120.4822388,22.4504204,2726126,0,876354,0
09:13:02.012,73,36,92,19,120.4822388,22.4504204,2724227,0,819146,0
09:13:02.144,71,35,90,19,120.4822540,22.4503536,2659094,0,805826,0
09:13:02.209,71,35,90,19,120.4822540,22.4503536,2654460,0,795160,0
09:13:02.307,67,33,90,19,120.4822540,22.4503536,2505091,0,750693,0
09:13:02.457,66,28,87,20,120.4822769,22.4502907,2476311,0,652981,0
09:13:02.505,66,28,87,20,120.4822769,22.4502907,2476311,0,652981,0
09:13:02.603,73,33,87,20,120.4822769,22.4502907,2710774,0,767664,0
09:13:02.747,73,33,85,19,120.4823074,22.4502296,2710774,0,767664,0
09:13:02.812,73,30,85,19,120.4823074,22.4502296,2736088,0,705365,0
09:13:02.943,71,28,85,19,120.4823151,22.4501915,2660991,0,660506,0
09:13:03.008,70,27,85,19,120.4823151,22.4501915,2627576,0,630915,0
09:13:03.105,72,27,85,19,120.4823151,22.4501915,2708885,0,637272,0
09:13:03.225,74,29,84,19,120.4823532,22.4501381,2772773,0,672517,0
09:13:03.305,75,30,84,19,120.4823532,22.4501381,2792114,0,696604,0
09:13:03.403,74,28,84,19,120.4823532,22.4501381,2762247,0,647489,0
09:13:03.520,76,30,84,20,120.4823914,22.4500866,2853960,0,700306,0
09:13:03.600,74,28,84,20,120.4823914,22.4500866,2745851,0,648440,0
09:13:03.715,78,31,84,20,120.4823914,22.4500866,2892529,0,719091,0
09:13:03.878,78,31,83,20,120.4824448,22.4500408,2892529,0,719091,0
09:13:03.911,76,31,83,20,120.4824448,22.4500408,2854192,0,718106,0
09:13:04.008,75,27,83,20,120.4824448,22.4500408,2810864,0,642996,0
09:13:04.119,81,32,83,20,120.4824982,22.4500008,3026808,0,735920,0
09:13:04.215,83,34,83,20,120.4824982,22.4500008,3074598,0,778734,0
09:13:04.312,83,30,83,20,120.4824982,22.4500008,3103594,0,701058,0
09:13:04.445,88,33,84,20,120.4825592,22.4499645,3269351,0,754301,0
09:13:04.505,89,33,84,20,120.4825592,22.4499645,3313209,0,765763,0
09:13:04.602,90,32,84,20,120.4825592,22.4499645,3338087,0,744700,0
09:13:04.757,89,32,87,20,120.4826126,22.4499321,3314929,0,736802,0
09:13:04.808,89,32,87,20,120.4826126,22.4499321,3314929,0,736802,0
09:13:04.940,90,31,89,20,120.4826660,22.4499130,3343002,0,708662,0
09:13:05.003,92,33,89,20,120.4826660,22.4499130,3406242,0,760968,0
09:13:05.115,92,26,89,20,120.4826660,22.4499130,3417821,0,613127,0
09:13:05.240,93,30,93,20,120.4827271,22.4498882,3461171,0,689961,0
09:13:05.304,98,32,93,20,120.4827271,22.4498882,3654205,0,743614,0
09:13:05.402,99,41,93,20,120.4827271,22.4498882,3677830,0,940235,0
09:13:05.543,100,39,97,20,120.4828033,22.4498672,3705720,0,898633,0
09:13:05.608,99,39,97,20,120.4828033,22.4498672,3682232,0,890400,0
09:13:05.735,99,40,101,20,120.4828568,22.4498558,3658566,0,911586,0
09:13:05.815,100,41,101,20,120.4828568,22.4498558,3714680,0,936056,0
09:13:05.932,100,41,104,20,120.4829025,22.4498444,3714680,0,936056,0
09:13:06.012,98,39,104,20,120.4829025,22.4498444,3625506,0,882440,0
09:13:06.110,100,44,104,20,120.4829025,22.4498444,3747722,0,992501,0
09:13:06.252,100,44,109,19,120.4829941,22.4498329,3747722,0,992501,0
09:13:06.302,99,41,109,19,120.4829941,22.4498329,3693142,0,940100,0
09:13:06.433,100,43,113,20,120.4830627,22.4498234,3767582,0,963495,0
09:13:06.502,100,43,113,20,120.4830627,22.4498234,3723514,0,963001,0
09:13:06.615,96,41,113,20,120.4830627,22.4498234,3572241,0,939490,0
09:13:06.756,92,46,118,20,120.4831467,22.4498158,3418598,0,1032366,0
09:13:06.805,80,49,118,20,120.4831467,22.4498158,2994014,0,1097480,0
09:13:06.938,75,48,118,20,120.4832153,22.4498119,2817059,0,1086132,0
09:13:07.003,75,48,118,20,120.4832153,22.4498119,2817059,0,1086132,0
09:13:07.100,74,50,118,20,120.4832153,22.4498119,2765919,0,1118904,0
09:13:07.257,65,56,114,20,120.4832993,22.4498062,2453167,0,1239738,0
09:13:07.307,65,56,114,20,120.4832993,22.4498062,2453167,0,1239738,0
09:13:07.439,60,67,111,20,120.4833679,22.4498024,2236727,0,1473005,0
09:13:07.503,57,69,111,20,120.4833679,22.4498024,2130047,0,1527694,0
09:13:07.615,54,68,111,20,120.4833679,22.4498024,2040391,0,1501364,0
09:13:07.738,55,69,104,20,120.4834595,22.4498024,2075570,0,1527840,0
09:13:07.803,56,70,104,20,120.4834595,22.4498024,2095456,0,1553773,0
09:13:07.915,55,68,104,20,120.4834595,22.4498024,2052449,0,1505402,0
09:13:08.066,55,68,98,20,120.4835358,22.4498005,2061599,0,1500166,0
09:13:08.114,56,71,98,20,120.4835358,22.4498005,2090890,0,1574524,0
09:13:08.211,52,74,98,20,120.4835358,22.4498005,1972964,0,1640231,0
09:13:08.334,48,74,92,20,120.4836121,22.4498024,1821366,0,1622156,0
09:13:08.406,47,76,92,20,120.4836121,22.4498024,1788853,0,1666619,0
09:13:08.503,45,77,92,20,120.4836121,22.4498024,1707581,0,1693579,0
09:13:08.654,45,79,85,20,120.4836884,22.4498043,1705941,0,1733730,0
09:13:08.703,45,79,85,20,120.4836884,22.4498043,1705941,0,1733730,0
09:13:08.814,43,75,81,20,120.4837341,22.4498100,1621127,0,1651672,0
09:13:08.912,47,75,81,20,120.4837341,22.4498100,1776555,0,1659554,0
09:13:09.053,49,76,76,20,120.4837723,22.4498138,1866015,0,1668008,0
09:13:09.102,50,70,76,20,120.4837723,22.4498138,1892468,0,1542568,0
09:13:09.215,58,61,76,20,120.4837723,22.4498138,2172616,0,1345074,0
09:13:09.338,66,55,70,20,120.4838257,22.4498253,2469855,0,1229163,0
09:13:09.402,70,49,70,20,120.4838257,22.4498253,2621170,0,1090073,0
09:13:09.515,70,43,70,20,120.4838257,22.4498253,2601781,0,971623,0
09:13:09.667,65,37,67,20,120.4838943,22.4498405,2449193,0,844033,0
09:13:09.700,71,36,67,20,120.4838943,22.4498405,2669411,0,830311,0
09:13:09.814,71,38,65,20,120.4839172,22.4498520,2639858,0,867101,0
09:13:09.912,70,36,65,20,120.4839172,22.4498520,2635236,0,830470,0
09:13:10.078,70,34,63,20,120.4839554,22.4498634,2619470,0,787911,0
09:13:10.112,70,34,63,20,120.4839554,22.4498634,2619470,0,787911,0
09:13:10.208,76,35,63,20,120.4839554,22.4498634,2830070,0,793658,0
09:13:10.334,76,35,62,20,120.4839935,22.4498882,2830070,0,793658,0
09:13:10.416,78,33,62,20,120.4839935,22.4498882,2903929,0,760314,0
09:13:10.512,83,33,62,20,120.4839935,22.4498882,3086746,0,769947,0
09:13:10.652,85,35,63,20,120.4840317,22.4499168,3153408,0,796575,0
09:13:10.700,85,35,63,20,120.4840317,22.4499168,3153408,0,796575,0
09:13:10.812,84,39,63,20,120.4840317,22.4499168,3117762,0,878289,0
09:13:10.923,84,39,64,20,120.4840698,22.4499512,3117762,0,878289,0
09:13:11.015,81,38,64,20,120.4840698,22.4499512,3006257,0,872567,0
09:13:11.112,79,35,64,20,120.4840698,22.4499512,2942892,0,812932,0
09:13:11.234,78,36,64,20,120.4841080,22.4499874,2906797,0,825259,0
09:13:11.315,75,33,64,20,120.4841080,22.4499874,2794653,0,770960,0
09:13:11.412,73,33,64,20,120.4841080,22.4499874,2709400,0,759051,0
09:13:11.553,72,32,63,20,120.4841309,22.4500275,2685401,0,744655,0
09:13:11.602,74,35,63,20,120.4841309,22.4500275,2751962,0,807744,0
09:13:11.700,75,38,63,20,120.4841309,22.4500275,2788909,0,860641,0
09:13:11.844,74,38,61,20,120.4841614,22.4500713,2780091,0,861220,0
09:13:11.912,75,38,61,20,120.4841614,22.4500713,2810679,0,873197,0
09:13:12.008,75,39,61,20,120.4841614,22.4500713,2790682,0,881258,0
09:13:12.163,73,36,60,20,120.4841690,22.4501133,2736674,0,830023,0
09:13:12.212,74,35,60,20,120.4841690,22.4501133,2758788,0,804690,0
09:13:12.309,73,37,60,20,120.4841690,22.4501133,2724604,0,838887,0
09:13:12.452,73,36,58,20,120.4841843,22.4501572,2732701,0,823840,0
09:13:12.502,73,36,58,20,120.4841843,22.4501572,2732701,0,823840,0
09:13:12.620,73,34,57,20,120.4841843,22.4501858,2731576,0,791032,0
09:13:12.700,73,35,57,20,120.4841843,22.4501858,2739101,0,805148,0
09:13:12.812,74,36,57,20,120.4841843,22.4501858,2749230,0,823603,0
09:13:12.947,74,34,55,20,120.4841843,22.4502296,2751552,0,789029,0
09:13:13.012,74,34,55,20,120.4841843,22.4502296,2751552,0,789029,0
09:13:13.108,75,34,55,20,120.4841843,22.4502296,2793512,0,791534,0
09:13:13.248,73,30,55,20,120.4841690,22.4502697,2716883,0,688591,0
09:13:13.313,73,30,55,20,120.4841690,22.4502697,2716883,0,688591,0
09:13:13.412,83,42,55,20,120.4841690,22.4502697,3103286,0,955993,0
09:13:13.576,79,39,56,20,120.4841614,22.4503098,2935216,0,887154,0
09:13:13.609,79,39,56,20,120.4841614,22.4503098,2935216,0,887154,0
09:13:13.705,80,33,56,20,120.4841614,22.4503098,2966010,0,755564,0
09:13:13.848,81,38,55,20,120.4841461,22.4503479,3034218,0,868930,0
09:13:13.912,81,37,55,20,120.4841461,22.4503479,3006030,0,843155,0
09:13:14.048,81,34,55,20,120.4841309,22.4503727,3006446,0,783554,0
09:13:14.110,82,35,55,20,120.4841309,22.4503727,3058568,0,801069,0
09:13:14.208,82,35,55,20,120.4841309,22.4503727,3052041,0,798726,0
09:13:14.333,82,34,57,20,120.4841080,22.4504070,3063271,0,792107,0
09:13:14.412,82,34,57,20,120.4841080,22.4504070,3063271,0,792107,0
09:13:14.508,82,37,57,20,120.4841080,22.4504070,3058867,0,835618,0
09:13:14.656,80,33,58,20,120.4840698,22.4504375,2977536,0,766683,0
09:13:14.704,80,33,58,20,120.4840698,22.4504375,2977536,0,766683,0
09:13:14.802,80,33,58,20,120.4840698,22.4504375,2981686,0,756406,0
09:13:14.915,82,35,58,20,120.4840698,22.4504375,3038640,0,809805,0
09:13:15.097,80,34,59,20,120.4840317,22.4504623,2971482,0,781590,0
09:13:15.113,80,34,59,20,120.4840317,22.4504623,2971482,0,781590,0
09:13:15.212,80,34,59,20,120.4840317,22.4504623,2999586,0,791113,0
09:13:15.308,84,38,59,20,120.4840317,22.4504623,3113073,0,863513,0
09:13:15.404,82,37,59,20,120.4840317,22.4504623,3060344,0,851246,0
09:13:15.509,82,37,59,20,120.4839783,22.4505024,3060344,0,851246,0
09:13:15.608,81,34,59,20,120.4839783,22.4505024,3010674,0,792885,0
09:13:15.704,80,35,59,20,120.4839783,22.4505024,2979710,0,806475,0
09:13:15.803,81,36,59,20,120.4839783,22.4505024,3002546,0,831255,0
09:13:15.912,81,36,60,19,120.4839325,22.4505234,3002546,0,831255,0
09:13:16.010,81,36,60,19,120.4839325,22.4505234,3034712,0,835191,0
09:13:16.107,80,36,60,19,120.4839325,22.4505234,2989715,0,832571,0
09:13:16.203,79,35,60,19,120.4839325,22.4505234,2963239,0,793089,0
09:13:16.312,81,35,60,19,120.4838638,22.4505367,3011831,0,809178,0
09:13:16.412,79,34,60,19,120.4838638,22.4505367,2949176,0,785187,0
09:13:16.514,80,33,60,19,120.4838638,22.4505367,2974688,0,766860,0
09:13:16.612,81,34,60,19,120.4838638,22.4505367,3008300,0,775463,0
09:13:16.723,82,34,61,19,120.4838028,22.4505367,3050866,0,784765,0
09:13:16.803,85,34,61,19,120.4838028,22.4505367,3161697,0,778861,0
09:13:16.900,85,32,61,19,120.4838028,22.4505367,3168218,0,740629,0
09:13:17.012,86,32,61,19,120.4838028,22.4505367,3216543,0,739353,0
09:13:17.158,87,33,63,20,120.4837265,22.4505272,3241610,0,753290,0
09:13:17.207,87,33,63,20,120.4837265,22.4505272,3241610,0,753290,0
09:13:17.304,87,33,63,20,120.4837265,22.4505272,3251767,0,755275,0
09:13:17.400,87,30,63,20,120.4837265,22.4505272,3241684,0,696995,0
09:13:17.503,87,30,67,19,120.4836578,22.4505081,3241684,0,696995,0
09:13:17.600,90,34,67,19,120.4836578,22.4505081,3353820,0,785638,0
09:13:17.712,94,36,67,19,120.4836578,22.4505081,3487967,0,821895,0
09:13:17.808,96,41,67,19,120.4836578,22.4505081,3569942,0,933162,0
09:13:17.944,96,41,71,20,120.4835968,22.4504776,3569942,0,933162,0
09:13:18.012,92,41,71,20,120.4835968,22.4504776,3425732,0,935398,0
09:13:18.108,85,40,71,20,120.4835968,22.4504776,3179331,0,908374,0
09:13:18.204,81,44,71,20,120.4835968,22.4504776,3009680,0,993312,0
09:13:18.316,81,44,76,20,120.4835205,22.4504395,3009680,0,993312,0
09:13:18.407,80,47,76,20,120.4835205,22.4504395,2980628,0,1054348,0
09:13:18.503,81,50,76,20,120.4835205,22.4504395,3033809,0,1131243,0
09:13:18.615,80,50,76,20,120.4835205,22.4504395,2973502,0,1113186,0
09:13:18.708,82,52,73,20,120.4834595,22.4503937,3050345,0,1155364,0
09:13:18.804,82,51,73,20,120.4834595,22.4503937,3067168,0,1135293,0
09:13:18.900,83,51,73,20,120.4834595,22.4503937,3082318,0,1144647,0
09:13:19.097,83,51,70,20,120.4834061,22.4503479,3085461,0,1135210,0
09:13:19.114,81,50,70,20,120.4834061,22.4503479,3022396,0,1123396,0
09:13:19.211,81,49,70,20,120.4834061,22.4503479,3001106,0,1110529,0
09:13:19.308,80,49,70,20,120.4834061,22.4503479,2979937,0,1102847,0
09:13:19.404,77,47,70,20,120.4834061,22.4503479,2882087,0,1058506,0
09:13:19.511,77,47,67,20,120.4833374,22.4503021,2882087,0,1058506,0
09:13:19.608,74,39,67,20,120.4833374,22.4503021,2778304,0,895811,0
09:13:19.704,77,39,67,20,120.4833374,22.4503021,2874884,0,895632,0
09:13:19.800,77,39,67,20,120.4833374,22.4503021,2885430,0,880429,0
09:13:19.928,77,39,64,20,120.4832916,22.4502621,2885430,0,880429,0
09:13:20.008,77,37,64,20,120.4832916,22.4502621,2880085,0,847767,0
09:13:20.104,77,35,64,20,120.4832916,22.4502621,2863413,0,810126,0
09:13:20.200,76,34,64,20,120.4832916,22.4502621,2852653,0,788404,0
09:13:20.323,76,34,63,20,120.4832230,22.4502296,2852653,0,788404,0
09:13:20.412,75,33,63,20,120.4832230,22.4502296,2812073,0,766076,0
09:13:20.508,74,31,63,20,120.4832230,22.4502296,2769409,0,724914,0
09:13:20.604,75,32,63,20,120.4832230,22.4502296,2785177,0,743095,0
09:13:20.710,75,32,63,20,120.4831619,22.4502068,2785177,0,743095,0
09:13:20.808,75,31,63,20,120.4831619,22.4502068,2787986,0,715822,0
09:13:20.904,74,31,63,20,120.4831619,22.4502068,2771578,0,710773,0
09:13:21.002,76,32,63,20,120.4831619,22.4502068,2847273,0,746694,0
09:13:21.127,76,32,62,20,120.4831009,22.4501934,2847273,0,746694,0
09:13:21.208,76,33,62,20,120.4831009,22.4501934,2832328,0,751241,0
09:13:21.304,76,32,62,20,120.4831009,22.4501934,2828042,0,732968,0
09:13:21.402,75,31,62,20,120.4831009,22.4501934,2805066,0,725382,0
09:13:21.532,76,33,62,20,120.4830322,22.4501915,2850027,0,752537,0
09:13:21.612,76,34,62,20,120.4830322,22.4501915,2839150,0,785424,0
09:13:21.710,74,31,62,20,120.4830322,22.4501915,2755144,0,716979,0
09:13:21.808,73,28,62,20,120.4830322,22.4501915,2743896,0,655208,0
09:13:21.938,75,28,62,20,120.4829559,22.4502010,2794287,0,658862,0
09:13:22.003,75,28,62,20,120.4829559,22.4502010,2794287,0,658862,0
09:13:22.118,77,28,61,20,120.4829025,22.4502296,2870123,0,647630,0
09:13:22.202,77,28,61,20,120.4829025,22.4502296,2870123,0,647630,0
09:13:22.300,76,25,61,20,120.4829025,22.4502296,2831892,0,599836,0
09:13:22.438,75,24,62,20,120.4828568,22.4502525,2796510,0,565877,0
09:13:22.503,77,25,62,20,120.4828568,22.4502525,2875811,0,585724,0
09:13:22.602,78,27,62,20,120.4828568,22.4502525,2895338,0,629197,0
09:13:22.734,78,27,64,20,120.4828186,22.4502831,2899072,0,632342,0
09:13:22.815,77,26,64,20,120.4828186,22.4502831,2864718,0,608223,0
09:13:22.912,77,29,64,20,120.4828186,22.4502831,2876729,0,675635,0
09:13:23.011,75,28,64,20,120.4827881,22.4503193,2796891,0,650093,0
09:13:23.113,75,28,64,20,120.4827881,22.4503193,2796891,0,650093,0
09:13:23.211,77,28,64,20,120.4827881,22.4503193,2858081,0,658948,0
09:13:23.368,78,30,64,20,120.4827499,22.4503613,2900609,0,704548,0
09:13:23.402,78,31,64,20,120.4827499,22.4503613,2903577,0,715301,0
09:13:23.515,74,28,64,20,120.4827499,22.4503613,2774791,0,664129,0
09:13:23.648,74,27,65,20,120.4827423,22.4504070,2746059,0,637588,0
09:13:23.713,73,27,65,20,120.4827423,22.4504070,2712066,0,634340,0
09:13:23.811,70,24,65,20,120.4827423,22.4504070,2608367,0,574402,0
09:13:23.909,71,24,65,20,120.4827423,22.4504070,2655084,0,561567,0
09:13:24.038,71,24,65,20,120.4827271,22.4504528,2654457,0,579555,0
09:13:24.103,76,26,65,20,120.4827271,22.4504528,2823595,0,617697,0
09:13:24.234,76,29,64,20,120.4827118,22.4505005,2833181,0,686203,0
09:13:24.315,73,26,64,20,120.4827118,22.4505005,2723798,0,602962,0
09:13:24.413,74,27,64,20,120.4827118,22.4505005,2759668,0,631284,0
09:13:24.560,74,26,64,20,120.4827118,22.4505482,2773836,0,621527,0
09:13:24.609,74,26,64,20,120.4827118,22.4505482,2773836,0,621527,0
09:13:24.707,79,30,64,20,120.4827118,22.4505482,2931474,0,701640,0
09:13:24.809,79,30,65,20,120.4827271,22.4505978,2931474,0,701640,0
09:13:24.903,77,29,65,20,120.4827271,22.4505978,2878068,0,667345,0
09:13:25.002,79,32,65,20,120.4827271,22.4505978,2955450,0,745648,0
09:13:25.183,76,30,65,20,120.4827423,22.4506454,2836075,0,703839,0
09:13:25.200,76,30,65,20,120.4827423,22.4506454,2836075,0,703839,0
09:13:25.313,74,27,65,20,120.4827423,22.4506454,2767528,0,640398,0
09:13:25.437,70,25,66,20,120.4827499,22.4506912,2628767,0,597826,0
09:13:25.503,70,22,66,20,120.4827499,22.4506912,2633147,0,534225,0
09:13:25.615,75,25,66,20,120.4827499,22.4506912,2796615,0,600512,0
09:13:25.739,75,25,66,20,120.4827881,22.4507332,2808857,0,599283,0
09:13:25.803,75,23,66,20,120.4827881,22.4507332,2800705,0,553130,0
09:13:25.915,76,23,66,20,120.4827881,22.4507332,2827320,0,551180,0
09:13:26.070,82,26,67,20,120.4828262,22.4507713,3061919,0,604015,0
09:13:26.103,82,26,67,20,120.4828262,22.4507713,3061919,0,604015,0
09:13:26.200,86,29,67,20,120.4828262,22.4507713,3191413,0,670858,0
09:13:26.350,86,25,70,20,120.4828644,22.4508057,3184734,0,592545,0
09:13:26.407,89,27,70,20,120.4828644,22.4508057,3312859,0,644313,0
09:13:26.511,91,31,70,20,120.4828644,22.4508057,3387902,0,713348,0
09:13:26.644,94,33,73,20,120.4829178,22.4508343,3495464,0,754954,0
09:13:26.709,93,35,73,20,120.4829178,22.4508343,3474426,0,798305,0
09:13:26.807,93,34,73,20,120.4829178,22.4508343,3468704,0,787708,0
09:13:26.939,94,35,77,20,120.4829712,22.4508610,3503514,0,801361,0
09:13:27.004,94,36,77,20,120.4829712,22.4508610,3502532,0,819107,0
09:13:27.102,94,36,77,20,120.4829712,22.4508610,3503213,0,816372,0
09:13:27.268,95,37,81,20,120.4830322,22.4508839,3526647,0,839618,0
09:13:27.300,97,39,81,20,120.4830322,22.4508839,3597522,0,889110,0
09:13:27.413,95,40,81,20,120.4830322,22.4508839,3544738,0,918239,0
09:13:27.537,96,40,85,20,120.4831009,22.4509029,3576264,0,910260,0
09:13:27.602,98,41,85,20,120.4831009,22.4509029,3645116,0,923696,0
09:13:27.700,99,41,85,20,120.4831009,22.4509029,3671110,0,939996,0
09:13:27.851,100,42,89,20,120.4831619,22.4509201,3734131,0,957553,0
09:13:27.900,100,42,89,20,120.4831619,22.4509201,3734131,0,957553,0
09:13:28.014,100,49,89,20,120.4831619,22.4509201,3830241,0,1111034,0
09:13:28.163,100,51,94,20,120.4832382,22.4509335,3842103,0,1148789,0
09:13:28.212,100,51,94,20,120.4832382,22.4509335,3842103,0,1148789,0
09:13:28.309,100,46,94,20,120.4832382,22.4509335,3756767,0,1036909,0
09:13:28.404,100,46,100,20,120.4833145,22.4509449,3756767,0,1036909,0
09:13:28.500,100,47,100,20,120.4833145,22.4509449,3761186,0,1064481,0
09:13:28.614,100,45,100,20,120.4833145,22.4509449,3704972,0,1007409,0
09:13:28.737,100,45,105,20,120.4833908,22.4509563,3704972,0,1007409,0
09:13:28.802,96,45,105,20,120.4833908,22.4509563,3574074,0,1016156,0
09:13:28.915,79,47,105,20,120.4833908,22.4509563,2955662,0,1064418,0
09:13:29.087,77,47,108,20,120.4834824,22.4509640,2879484,0,1059411,0
09:13:29.103,77,47,108,20,120.4834824,22.4509640,2879484,0,1059411,0
09:13:29.201,78,47,108,20,120.4834824,22.4509640,2899202,0,1058192,0
09:13:29.360,77,46,104,20,120.4835739,22.4509716,2891250,0,1045903,0
09:13:29.409,77,47,104,20,120.4835739,22.4509716,2866932,0,1066282,0
09:13:29.528,78,46,103,20,120.4836197,22.4509735,2893201,0,1042340,0
09:13:29.605,77,47,103,20,120.4836197,22.4509735,2878775,0,1058960,0
09:13:29.703,76,48,103,20,120.4836197,22.4509735,2834566,0,1075247,0
09:13:29.857,77,52,99,20,120.4836960,22.4509773,2876862,0,1169107,0
09:13:29.905,77,52,99,20,120.4836960,22.4509773,2876862,0,1169107,0
09:13:30.003,66,60,99,20,120.4836960,22.4509773,2463528,0,1337773,0
09:13:30.102,64,62,99,20,120.4836960,22.4509773,2408095,0,1380674,0
09:13:30.212,64,62,95,20,120.4837723,22.4509792,2408095,0,1380674,0
09:13:30.309,61,60,95,20,120.4837723,22.4509792,2279469,0,1341006,0
09:13:30.450,63,56,90,20,120.4838562,22.4509792,2350541,0,1243776,0
09:13:30.515,63,56,90,20,120.4838562,22.4509792,2350541,0,1243776,0
09:13:30.612,67,51,90,20,120.4838562,22.4509792,2496181,0,1150964,0
09:13:30.744,67,51,86,19,120.4839325,22.4509754,2496181,0,1150964,0
09:13:30.810,67,46,86,19,120.4839325,22.4509754,2515083,0,1037736,0
09:13:30.909,70,43,84,20,120.4839706,22.4509735,2622396,0,983296,0
09:13:31.004,72,43,84,20,120.4839706,22.4509735,2679610,0,974820,0
09:13:31.102,74,44,84,20,120.4839706,22.4509735,2765142,0,1004578,0
09:13:31.269,73,44,81,20,120.4840317,22.4509640,2733302,0,1001474,0
09:13:31.303,71,40,81,20,120.4840317,22.4509640,2644259,0,918508,0
09:13:31.400,76,41,81,20,120.4840317,22.4509640,2831652,0,927159,0
09:13:31.548,78,44,78,20,120.4840927,22.4509525,2892027,0,985446,0
09:13:31.613,75,41,78,20,120.4840927,22.4509525,2794223,0,923869,0
09:13:31.711,74,39,78,20,120.4840927,22.4509525,2760388,0,885152,0
09:13:31.837,75,37,76,20,120.4841614,22.4509335,2791249,0,854908,0
09:13:31.903,73,36,76,20,120.4841614,22.4509335,2718571,0,816177,0
09:13:32.000,73,33,76,20,120.4841614,22.4509335,2725000,0,755603,0
09:13:32.183,74,29,75,20,120.4842148,22.4509144,2764564,0,670826,0
09:13:32.215,77,30,75,20,120.4842148,22.4509144,2865412,0,707351,0
09:13:32.313,73,29,75,20,120.4842148,22.4509144,2737081,0,672512,0
09:13:32.423,80,29,75,20,120.4842758,22.4508858,2972156,0,675670,0
09:13:32.504,89,44,75,20,120.4842758,22.4508858,3305398,0,995676,0
09:13:32.603,86,43,75,20,120.4842758,22.4508858,3193515,0,971701,0
09:13:32.797,83,36,76,20,120.4843292,22.4508553,3083692,0,817468,0
09:13:32.814,83,36,76,20,120.4843292,22.4508553,3083692,0,817468,0
09:13:32.912,84,32,76,20,120.4843292,22.4508553,3142885,0,731162,0
09:13:33.008,90,36,76,20,120.4843292,22.4508553,3354008,0,824516,0
09:13:33.105,89,36,76,20,120.4843292,22.4508553,3324633,0,816560,0
09:13:33.205,89,36,77,20,120.4843674,22.4508152,3324633,0,816560,0
09:13:33.303,89,35,77,20,120.4843674,22.4508152,3322698,0,794799,0
09:13:33.415,90,35,77,20,120.4843674,22.4508152,3344482,0,797987,0
09:13:33.512,90,36,77,20,120.4843674,22.4508152,3352715,0,828346,0
09:13:33.622,90,36,81,20,120.4844284,22.4507656,3352715,0,828346,0
09:13:33.704,90,37,81,20,120.4844284,22.4507656,3348048,0,836885,0
09:13:33.800,92,37,81,20,120.4844284,22.4507656,3414153,0,848655,0
09:13:33.915,92,35,81,20,120.4844284,22.4507656,3413263,0,795191,0
09:13:34.043,92,35,84,20,120.4844818,22.4507008,3413263,0,795191,0
09:13:34.108,89,34,84,20,120.4844818,22.4507008,3307307,0,790441,0
09:13:34.205,90,31,84,20,120.4844818,22.4507008,3335321,0,723043,0
09:13:34.303,94,36,84,20,120.4844818,22.4507008,3475666,0,820549,0
09:13:34.406,94,36,88,20,120.4845276,22.4506264,3475666,0,820549,0
09:13:34.503,90,28,88,20,120.4845276,22.4506264,3331040,0,665466,0
09:13:34.615,91,28,88,20,120.4845276,22.4506264,3373730,0,653392,0
09:13:34.765,92,34,93,19,120.4845734,22.4505424,3432498,0,775585,0
09:13:34.814,88,40,93,19,120.4845734,22.4505424,3277696,0,919253,0
09:13:34.912,79,41,93,19,120.4845734,22.4505424,2935175,0,935790,0
09:13:35.010,75,42,93,19,120.4845734,22.4505424,2800811,0,949283,0
09:13:35.107,75,42,93,19,120.4845734,22.4505424,2784149,0,946134,0
09:13:35.228,75,42,96,20,120.4846115,22.4504509,2784149,0,946134,0
09:13:35.309,74,41,96,20,120.4846115,22.4504509,2766573,0,939906,0
09:13:35.407,76,43,96,20,120.4846115,22.4504509,2830948,0,978398,0
09:13:35.554,75,42,91,19,120.4846344,22.4503593,2790327,0,955650,0
09:13:35.603,75,42,91,19,120.4846344,22.4503593,2790327,0,955650,0
09:13:35.715,74,43,91,19,120.4846344,22.4503593,2758915,0,968391,0
09:13:35.813,72,40,91,19,120.4846344,22.4503593,2683559,0,901911,0
09:13:35.913,71,39,91,19,120.4846344,22.4503593,2663138,0,878248,0
09:13:36.058,71,39,87,20,120.4846497,22.4502716,2663138,0,878248,0
09:13:36.107,72,40,87,20,120.4846497,22.4502716,2691410,0,900284,0
09:13:36.203,74,42,87,20,120.4846497,22.4502716,2761821,0,945983,0
09:13:36.382,73,41,83,19,120.4846573,22.4501858,2721937,0,921007,0
09:13:36.415,72,38,83,19,120.4846573,22.4501858,2675078,0,877254,0
09:13:36.503,71,37,83,19,120.4846573,22.4501858,2651981,0,856201,0
09:13:36.615,73,40,83,19,120.4846573,22.4501858,2736246,0,899230,0
09:13:36.799,75,40,79,19,120.4846573,22.4501038,2792745,0,907599,0
09:13:36.815,75,39,79,19,120.4846573,22.4501038,2807211,0,889648,0
09:13:36.912,73,38,79,19,120.4846573,22.4501038,2733176,0,872818,0
09:13:37.010,71,38,79,19,120.4846573,22.4501038,2639984,0,861536,0
09:13:37.107,71,35,79,19,120.4846573,22.4501038,2646710,0,809298,0
09:13:37.215,71,35,76,20,120.4846497,22.4500256,2646710,0,809298,0
09:13:37.312,72,36,76,20,120.4846497,22.4500256,2682256,0,826525,0
09:13:37.408,71,35,76,20,120.4846497,22.4500256,2660968,0,809995,0
09:13:37.505,71,34,76,20,120.4846497,22.4500256,2646942,0,775579,0
09:13:37.623,71,34,73,20,120.4846191,22.4499512,2646942,0,775579,0
09:13:37.705,73,34,73,20,120.4846191,22.4499512,2717530,0,777471,0
09:13:37.803,73,31,73,20,120.4846191,22.4499512,2738002,0,729102,0
09:13:37.900,71,27,73,20,120.4846191,22.4499512,2645456,0,633497,0
09:13:38.030,71,27,71,20,120.4845963,22.4498825,2645456,0,633497,0
09:13:38.112,71,27,71,20,120.4845963,22.4498825,2646901,0,634445,0
09:13:38.208,68,24,71,20,120.4845963,22.4498825,2529851,0,567279,0
09:13:38.305,77,26,71,20,120.4845963,22.4498825,2864559,0,612453,0
09:13:38.408,77,26,70,20,120.4845581,22.4498215,2864559,0,612453,0
09:13:38.505,83,28,70,20,120.4845581,22.4498215,3103491,0,653334,0
09:13:38.603,83,25,70,20,120.4845581,22.4498215,3080866,0,595243,0
09:13:38.700,83,23,70,20,120.4845581,22.4498215,3075227,0,555581,0
09:13:38.825,85,26,72,20,120.4845047,22.4497681,3173968,0,602828,0
09:13:38.908,86,28,72,20,120.4845047,22.4497681,3210851,0,645497,0
09:13:39.004,88,29,72,20,120.4845047,22.4497681,3283651,0,673721,0
09:13:39.103,88,30,72,20,120.4845047,22.4497681,3282767,0,694262,0
09:13:39.245,88,28,75,20,120.4844437,22.4497223,3257774,0,660747,0
09:13:39.311,89,29,75,20,120.4844437,22.4497223,3304823,0,680044,0
09:13:39.408,92,33,75,20,120.4844437,22.4497223,3414193,0,754764,0
09:13:39.505,92,33,75,20,120.4844437,22.4497223,3409686,0,758797,0
09:13:39.624,92,33,80,20,120.4843674,22.4496822,3409686,0,758797,0
09:13:39.704,94,33,80,20,120.4843674,22.4496822,3489936,0,761692,0
09:13:39.803,100,40,80,20,120.4843674,22.4496822,3750986,0,917358,0
09:13:39.900,100,45,80,20,120.4843674,22.4496822,3769576,0,1007699,0
09:13:40.027,100,45,86,20,120.4842758,22.4496498,3769576,0,1007699,0
09:13:40.107,100,47,86,20,120.4842758,22.4496498,3718575,0,1048480,0
09:13:40.204,100,47,86,20,120.4842758,22.4496498,3760567,0,1049465,0
09:13:40.303,100,46,86,20,120.4842758,22.4496498,3735934,0,1041980,0
09:13:40.428,100,46,93,20,120.4841843,22.4496231,3735934,0,1041980,0
09:13:40.509,98,41,93,20,120.4841843,22.4496231,3633443,0,928961,0
09:13:40.607,100,42,93,20,120.4841843,22.4496231,3731352,0,944201,0
09:13:40.704,100,42,93,20,120.4841843,22.4496231,3702964,0,949787,0
09:13:40.812,100,41,100,20,120.4840927,22.4496002,3695416,0,924590,0
09:13:40.911,100,38,100,20,120.4840927,22.4496002,3708655,0,866588,0
09:13:41.007,100,39,100,20,120.4840927,22.4496002,3772115,0,893773,0
09:13:41.105,100,40,100,20,120.4840927,22.4496002,3769877,0,919065,0
09:13:41.213,100,40,107,20,120.4839783,22.4495811,3769877,0,919065,0
09:13:41.311,99,45,107,20,120.4839783,22.4495811,3669218,0,1018849,0
09:13:41.407,100,45,107,20,120.4839783,22.4495811,3754466,0,1011816,0
09:13:41.513,100,40,107,20,120.4839783,22.4495811,3696282,0,910938,0
09:13:41.628,100,40,115,20,120.4838638,22.4495659,3696282,0,910938,0
09:13:41.709,100,43,115,20,120.4838638,22.4495659,3798246,0,968411,0
09:13:41.807,100,44,115,20,120.4838638,22.4495659,3785724,0,985931,0
09:13:41.904,100,42,115,20,120.4838638,22.4495659,3732903,0,954251,0
09:13:42.055,100,42,122,20,120.4837341,22.4495564,3732903,0,954251,0
09:13:42.104,100,43,122,20,120.4837341,22.4495564,3788404,0,963038,0
09:13:42.200,100,42,122,20,120.4837341,22.4495564,3742829,0,957124,0
09:13:42.314,100,43,122,20,120.4837341,22.4495564,3800837,0,964945,0
09:13:42.435,100,43,127,20,120.4836121,22.4495525,3800837,0,964945,0
09:13:42.500,100,41,127,20,120.4836121,22.4495525,3769669,0,941153,0
09:13:42.614,100,42,127,20,120.4836121,22.4495525,3806824,0,957356,0
09:13:42.712,100,41,127,20,120.4836121,22.4495525,3726461,0,927269,0
09:13:42.807,100,41,133,19,120.4834671,22.4495525,3726461,0,927269,0
09:13:42.905,100,43,133,19,120.4834671,22.4495525,3737266,0,969786,0
09:13:43.003,100,41,133,19,120.4834671,22.4495525,3743214,0,938310,0
09:13:43.115,100,43,133,19,120.4834671,22.4495525,3756472,0,968856,0
09:13:43.239,98,42,137,19,120.4833145,22.4495564,3653159,0,945292,0
09:13:43.305,98,42,137,19,120.4833145,22.4495564,3653159,0,945292,0
09:13:43.403,96,44,137,19,120.4833145,22.4495564,3567494,0,1002144,0
09:13:43.598,95,45,141,19,120.4831772,22.4495659,3531828,0,1010797,0
09:13:43.614,95,45,141,19,120.4831772,22.4495659,3531828,0,1010797,0
09:13:43.712,87,43,141,19,120.4831772,22.4495659,3240929,0,965690,0
09:13:43.808,82,46,141,19,120.4831772,22.4495659,3061997,0,1029792,0
09:13:43.905,79,45,141,19,120.4831772,22.4495659,2944075,0,1007401,0
09:13:44.014,79,45,141,19,120.4830246,22.4495792,2944075,0,1007401,0
09:13:44.111,82,47,141,19,120.4830246,22.4495792,3050181,0,1064805,0
09:13:44.207,81,46,141,19,120.4830246,22.4495792,3004059,0,1038398,0
09:13:44.313,84,50,141,19,120.4830246,22.4495792,3124559,0,1116943,0
09:13:44.420,84,50,136,19,120.4828644,22.4495945,3124559,0,1116943,0
09:13:44.503,81,44,136,19,120.4828644,22.4495945,3020360,0,993559,0
09:13:44.614,84,51,136,19,120.4828644,22.4495945,3132274,0,1137557,0
09:13:44.785,82,51,132,18,120.4827271,22.4496117,3071112,0,1134370,0
09:13:44.802,82,48,132,18,120.4827271,22.4496117,3038260,0,1074427,0
09:13:44.914,82,48,132,18,120.4827271,22.4496117,3059862,0,1085618,0
09:13:45.010,80,46,132,18,120.4827271,22.4496117,2975541,0,1028649,0
09:13:45.107,81,44,132,18,120.4827271,22.4496117,3010048,0,1001147,0
09:13:45.215,80,47,127,18,120.4825821,22.4496269,2984114,0,1049226,0
09:13:45.313,78,44,127,18,120.4825821,22.4496269,2921116,0,986039,0
09:13:45.411,80,47,127,18,120.4825821,22.4496269,2996088,0,1062792,0
09:13:45.523,79,48,122,18,120.4824448,22.4496422,2943992,0,1087323,0
09:13:45.628,79,48,122,18,120.4824448,22.4496422,2943992,0,1087323,0
09:13:45.708,72,49,122,18,120.4824448,22.4496422,2688832,0,1105490,0
09:13:45.804,67,53,122,18,120.4824448,22.4496422,2521609,0,1187919,0
09:13:45.900,73,66,122,18,120.4824448,22.4496422,2734105,0,1460106,0
09:13:46.010,73,66,117,19,120.4823151,22.4496517,2734105,0,1460106,0
09:13:46.106,70,63,117,19,120.4823151,22.4496517,2616793,0,1406107,0
09:13:46.203,68,57,117,19,120.4823151,22.4496517,2539570,0,1274496,0
09:13:46.372,68,57,110,20,120.4822006,22.4496593,2546913,0,1267705,0
09:13:46.405,68,57,110,20,120.4822006,22.4496593,2546913,0,1267705,0
09:13:46.510,68,58,110,20,120.4822006,22.4496593,2547489,0,1300679,0
09:13:46.607,68,61,110,20,120.4822006,22.4496593,2546665,0,1363390,0
09:13:46.776,68,62,105,20,120.4820709,22.4496632,2549310,0,1376017,0
09:13:46.809,68,62,105,20,120.4820709,22.4496632,2549310,0,1376017,0
09:13:46.907,66,61,105,20,120.4820709,22.4496632,2488642,0,1354306,0
09:13:47.003,66,58,105,20,120.4820709,22.4496632,2468229,0,1301620,0
09:13:47.213,71,56,99,20,120.4819717,22.4496632,2652075,0,1255355,0
09:13:47.310,73,50,99,20,120.4819717,22.4496632,2723548,0,1128758,0
09:13:47.407,76,51,99,20,120.4819717,22.4496632,2843957,0,1136634,0
09:13:47.570,79,53,94,19,120.4818726,22.4496632,2938398,0,1189420,0
09:13:47.603,79,53,94,19,120.4818726,22.4496632,2938398,0,1189420,0
09:13:47.714,78,49,94,19,120.4818726,22.4496632,2910266,0,1096967,0
09:13:47.878,80,51,90,19,120.4817886,22.4496613,2981341,0,1140448,0
09:13:47.911,80,51,90,19,120.4817886,22.4496613,2981341,0,1140448,0
09:13:48.008,80,50,90,19,120.4817886,22.4496613,2975555,0,1119884,0
09:13:48.104,78,48,90,19,120.4817886,22.4496613,2908959,0,1077787,0
09:13:48.202,78,45,90,19,120.4817886,22.4496613,2912211,0,1022488,0
09:13:48.313,78,45,87,18,120.4817047,22.4496555,2912211,0,1022488,0
09:13:48.412,80,49,87,18,120.4817047,22.4496555,2973939,0,1100771,0
09:13:48.507,78,44,87,18,120.4817047,22.4496555,2893576,0,986360,0
09:13:48.605,82,48,87,18,120.4817047,22.4496555,3065934,0,1077995,0
09:13:48.728,82,48,83,19,120.4815979,22.4496517,3065934,0,1077995,0
09:13:48.807,81,49,83,19,120.4815979,22.4496517,3020446,0,1103363,0
09:13:48.904,79,46,83,19,120.4815979,22.4496517,2934510,0,1044878,0
09:13:49.003,80,48,83,19,120.4815979,22.4496517,2998679,0,1076558,0
09:13:49.112,80,48,79,18,120.4815216,22.4496441,2998679,0,1076558,0
09:13:49.210,81,50,79,18,120.4815216,22.4496441,3007022,0,1119153,0
09:13:49.306,80,49,79,18,120.4815216,22.4496441,2978621,0,1091745,0
09:13:49.493,80,50,76,19,120.4814301,22.4496403,2983103,0,1128991,0
09:13:49.510,77,51,76,19,120.4814301,22.4496403,2879843,0,1152689,0
09:13:49.607,73,51,76,19,120.4814301,22.4496403,2721060,0,1139172,0
09:13:49.704,72,53,76,19,120.4814301,22.4496403,2706491,0,1186161,0
09:13:49.845,72,55,72,19,120.4813538,22.4496346,2678555,0,1227372,0
09:13:49.908,75,59,72,19,120.4813538,22.4496346,2785261,0,1305137,0
09:13:50.006,73,64,72,19,120.4813538,22.4496346,2726206,0,1427772,0
09:13:50.103,69,62,72,19,120.4813538,22.4496346,2580662,0,1372329,0
09:13:50.318,66,59,68,20,120.4812775,22.4496288,2455109,0,1314810,0
09:13:50.407,68,59,68,20,120.4812775,22.4496288,2550299,0,1322242,0
09:13:50.503,69,63,68,20,120.4812775,22.4496288,2599319,0,1387199,0
09:13:50.600,70,58,68,20,120.4812775,22.4496288,2626764,0,1295441,0
09:13:50.724,70,58,64,19,120.4812012,22.4496269,2626764,0,1295441,0
09:13:50.805,73,58,64,19,120.4812012,22.4496269,2717677,0,1299846,0
09:13:50.903,73,58,64,19,120.4812012,22.4496269,2744905,0,1296210,0
09:13:51.092,75,58,59,19,120.4811401,22.4496307,2797107,0,1297912,0
09:13:51.108,75,58,59,19,120.4811401,22.4496307,2797107,0,1297912,0
09:13:51.207,75,59,59,19,120.4811401,22.4496307,2789434,0,1308267,0
09:13:51.304,72,56,59,19,120.4811401,22.4496307,2702847,0,1259319,0
09:13:51.402,73,55,59,19,120.4811401,22.4496307,2718603,0,1231488,0
09:13:51.517,72,55,56,20,120.4810867,22.4496326,2708551,0,1227813,0
09:13:51.615,73,59,56,20,120.4810867,22.4496326,2711624,0,1308537,0
09:13:51.711,69,60,56,20,120.4810867,22.4496326,2575460,0,1323892,0
09:13:51.807,67,60,56,20,120.4810867,22.4496326,2503803,0,1334398,0
09:13:51.956,67,61,52,20,120.4810257,22.4496346,2506683,0,1361662,0
09:13:52.005,67,61,52,20,120.4810257,22.4496346,2506683,0,1361662,0
09:13:52.103,62,66,52,20,120.4810257,22.4496346,2335478,0,1450694,0
09:13:52.202,62,66,52,20,120.4810257,22.4496346,2337993,0,1452683,0
09:13:52.309,62,66,48,20,120.4809723,22.4496346,2337993,0,1452683,0
09:13:52.407,62,68,48,20,120.4809723,22.4496346,2327343,0,1497670,0
09:13:52.504,60,68,48,20,120.4809723,22.4496346,2262937,0,1511836,0
09:13:52.601,60,66,48,20,120.4809723,22.4496346,2263267,0,1466954,0
09:13:52.720,60,66,42,20,120.4809189,22.4496365,2263267,0,1466954,0
09:13:52.803,62,64,42,20,120.4809189,22.4496365,2337954,0,1408311,0
09:13:52.900,64,58,42,20,120.4809189,22.4496365,2408222,0,1289426,0
09:13:53.015,67,51,42,20,120.4809189,22.4496365,2521544,0,1149394,0
09:13:53.120,67,51,37,20,120.4808731,22.4496403,2521544,0,1149394,0
09:13:53.202,71,51,37,20,120.4808731,22.4496403,2652951,0,1145029,0
09:13:53.315,72,51,37,20,120.4808731,22.4496403,2693963,0,1137153,0
09:13:53.489,73,49,33,20,120.4808350,22.4496460,2730024,0,1106340,0
09:13:53.506,74,48,33,20,120.4808350,22.4496460,2753775,0,1069556,0
09:13:53.605,75,46,33,20,120.4808350,22.4496460,2790816,0,1031140,0
09:13:53.703,74,45,33,20,120.4808350,22.4496460,2778403,0,1012612,0
09:13:53.802,75,44,33,20,120.4808350,22.4496460,2784952,0,1004804,0
09:13:53.908,75,44,30,20,120.4807968,22.4496555,2784952,0,1004804,0
09:13:54.004,79,47,30,20,120.4807968,22.4496555,2930690,0,1052203,0
09:13:54.116,78,48,30,20,120.4807968,22.4496555,2902680,0,1068808,0
09:13:54.230,74,46,29,20,120.4807663,22.4496727,2757809,0,1038017,0
09:13:54.313,74,46,29,20,120.4807663,22.4496727,2757809,0,1038017,0
09:13:54.410,76,41,29,20,120.4807663,22.4496727,2847647,0,925689,0
09:13:54.507,80,42,29,20,120.4807663,22.4496727,2970476,0,947917,0
09:13:54.604,83,43,29,20,120.4807663,22.4496727,3106240,0,964458,0
09:13:54.713,83,43,27,20,120.4807434,22.4496918,3106240,0,964458,0
09:13:54.810,91,43,27,20,120.4807434,22.4496918,3385586,0,975705,0
09:13:54.907,91,43,27,20,120.4807434,22.4496918,3387030,0,979481,0
09:13:55.004,91,43,27,20,120.4807434,22.4496918,3400167,0,979302,0
09:13:55.124,91,43,29,20,120.4807281,22.4497147,3400167,0,979302,0
09:13:55.205,91,41,29,20,120.4807281,22.4497147,3380112,0,921105,0
09:13:55.302,92,41,29,20,120.4807281,22.4497147,3432971,0,931624,0
09:13:55.507,93,41,32,20,120.4807205,22.4497433,3441016,0,933102,0
09:13:55.605,94,42,32,20,120.4807205,22.4497433,3482440,0,951592,0
09:13:55.703,94,42,32,20,120.4807205,22.4497433,3493888,0,949990,0
09:13:55.815,94,42,32,20,120.4807205,22.4497433,3499303,0,960337,0
09:13:55.924,94,42,37,20,120.4807053,22.4497814,3499303,0,960337,0
09:13:56.007,94,44,37,20,120.4807053,22.4497814,3511140,0,991798,0
09:13:56.103,95,43,37,20,120.4807053,22.4497814,3521080,0,966802,0
09:13:56.216,95,43,37,20,120.4807053,22.4497814,3537641,0,978868,0
09:13:56.329,96,44,41,19,120.4807053,22.4498215,3555898,0,994335,0
09:13:56.410,96,45,41,19,120.4807053,22.4498215,3573510,0,1015349,0
09:13:56.502,96,45,41,19,120.4807053,22.4498215,3576399,0,1017392,0
09:13:56.699,96,45,46,20,120.4807053,22.4498634,3581006,0,1018975,0
09:13:56.715,96,45,46,20,120.4807053,22.4498634,3581006,0,1018975,0
09:13:56.813,97,46,46,20,120.4807053,22.4498634,3615674,0,1032376,0
09:13:56.910,96,46,46,20,120.4807053,22.4498634,3573670,0,1031027,0
09:13:57.007,96,44,46,20,120.4807053,22.4498634,3575632,0,1002809,0
09:13:57.113,96,44,50,19,120.4807205,22.4499111,3575632,0,1002809,0
09:13:57.212,97,47,50,19,120.4807205,22.4499111,3604358,0,1051123,0
09:13:57.309,97,44,50,19,120.4807205,22.4499111,3614800,0,1001294,0
09:13:57.405,97,44,50,19,120.4807205,22.4499111,3601114,0,1004367,0
09:13:57.510,97,44,56,19,120.4807205,22.4499664,3601114,0,1004367,0
09:13:57.607,94,46,56,19,120.4807205,22.4499664,3481365,0,1033838,0
09:13:57.703,90,44,56,19,120.4807205,22.4499664,3347309,0,998432,0
09:13:57.877,88,45,60,20,120.4807281,22.4500217,3271204,0,1008769,0
09:13:57.910,88,45,60,20,120.4807281,22.4500217,3271204,0,1008769,0
09:13:58.007,82,43,60,20,120.4807281,22.4500217,3053393,0,975614,0
09:13:58.104,81,39,60,20,120.4807281,22.4500217,3025804,0,880614,0
09:13:58.203,84,44,60,20,120.4807281,22.4500217,3138775,0,989963,0
09:13:58.310,84,44,59,20,120.4807587,22.4500809,3138775,0,989963,0
09:13:58.407,85,44,59,20,120.4807587,22.4500809,3150927,0,988761,0
09:13:58.505,86,44,59,20,120.4807587,22.4500809,3216398,0,1002351,0
09:13:58.675,88,46,59,20,120.4807816,22.4501343,3284059,0,1033219,0
09:13:58.709,89,47,59,20,120.4807816,22.4501343,3311072,0,1066126,0
09:13:58.807,88,47,59,20,120.4807816,22.4501343,3268542,0,1062630,0
09:13:58.903,89,47,59,20,120.4807816,22.4501343,3302344,0,1063123,0
09:13:59.100,88,47,60,19,120.4808044,22.4501877,3285428,0,1062351,0
09:13:59.214,88,47,60,19,120.4808044,22.4501877,3280175,0,1065656,0
09:13:59.310,88,48,60,19,120.4808044,22.4501877,3276206,0,1077740,0
09:13:59.478,88,48,60,20,120.4808350,22.4502392,3283782,0,1076632,0
09:13:59.511,88,48,60,20,120.4808350,22.4502392,3291561,0,1088725,0
09:13:59.607,88,49,60,20,120.4808350,22.4502392,3277092,0,1100528,0
09:13:59.705,85,49,60,20,120.4808350,22.4502392,3167985,0,1106178,0
09:13:59.803,83,49,60,20,120.4808350,22.4502392,3087082,0,1106245,0
09:13:59.928,82,48,60,20,120.4808578,22.4502907,3056968,0,1081399,0
09:14:00.009,82,47,60,20,120.4808578,22.4502907,3039851,0,1065707,0
09:14:00.106,82,48,60,20,120.4808578,22.4502907,3042909,0,1085424,0
09:14:00.204,81,49,60,20,120.4808578,22.4502907,3036439,0,1092750,0
09:14:00.331,81,49,57,19,120.4808807,22.4503422,3036439,0,1092750,0
09:14:00.412,82,49,57,19,120.4808807,22.4503422,3042471,0,1098071,0
09:14:00.512,82,49,57,19,120.4808807,22.4503422,3043809,0,1103826,0
09:14:00.609,81,48,57,19,120.4808807,22.4503422,3026878,0,1078307,0
09:14:00.718,81,48,55,20,120.4809113,22.4503918,3026878,0,1078307,0
09:14:00.816,82,50,55,20,120.4809113,22.4503918,3040372,0,1114338,0
09:14:00.912,81,50,55,20,120.4809113,22.4503918,3021647,0,1122363,0
09:14:01.007,81,48,55,20,120.4809113,22.4503918,3020075,0,1077980,0
09:14:01.125,81,48,52,20,120.4809341,22.4504414,3020075,0,1077980,0
09:14:01.207,81,49,52,20,120.4809341,22.4504414,3025194,0,1103539,0
09:14:01.303,81,49,52,20,120.4809341,22.4504414,3024013,0,1092620,0
09:14:01.416,82,50,52,20,120.4809341,22.4504414,3042998,0,1125749,0
09:14:01.543,82,50,50,20,120.4809570,22.4504871,3042998,0,1125749,0
09:14:01.607,82,50,50,20,120.4809570,22.4504871,3063137,0,1124887,0
09:14:01.703,82,50,50,20,120.4809570,22.4504871,3066493,0,1127303,0
09:14:01.894,82,49,48,20,120.4809723,22.4505310,3070534,0,1104544,0
09:14:01.910,82,49,48,20,120.4809723,22.4505310,3070534,0,1104544,0
09:14:02.007,82,49,48,20,120.4809723,22.4505310,3062625,0,1092078,0
09:14:02.104,82,49,48,20,120.4809723,22.4505310,3052514,0,1098266,0
09:14:02.200,83,49,48,20,120.4809723,22.4505310,3076176,0,1106330,0
09:14:02.364,80,48,45,20,120.4809952,22.4505749,2973724,0,1087896,0
09:14:02.415,80,48,45,20,120.4809952,22.4505749,2973724,0,1087896,0
09:14:02.502,81,48,45,20,120.4809952,22.4505749,3008576,0,1085181,0
09:14:02.615,81,47,45,20,120.4809952,22.4505749,3035347,0,1056123,0
09:14:02.724,81,47,43,20,120.4810104,22.4506168,3035347,0,1056123,0
09:14:02.806,87,49,43,20,120.4810104,22.4506168,3227450,0,1107259,0
09:14:02.904,87,52,43,20,120.4810104,22.4506168,3244841,0,1162978,0
09:14:03.001,81,48,43,20,120.4810104,22.4506168,3015318,0,1087778,0
09:14:03.119,81,48,42,20,120.4810257,22.4506569,3015318,0,1087778,0
09:14:03.200,81,46,42,20,120.4810257,22.4506569,3023099,0,1046943,0
09:14:03.312,79,50,42,20,120.4810257,22.4506569,2943016,0,1113581,0
09:14:03.442,70,54,39,20,120.4810333,22.4506969,2623597,0,1209929,0
09:14:03.520,70,54,39,20,120.4810333,22.4506969,2623597,0,1209929,0
09:14:03.602,68,56,39,20,120.4810333,22.4506969,2557204,0,1244645,0
09:14:03.714,69,57,39,20,120.4810333,22.4506969,2587821,0,1276126,0
09:14:03.812,71,57,39,20,120.4810333,22.4506969,2643330,0,1270586,0
09:14:03.920,73,56,36,19,120.4810333,22.4507332,2715902,0,1242602,0
09:14:04.002,75,55,36,19,120.4810333,22.4507332,2815137,0,1219342,0
09:14:04.114,77,54,36,19,120.4810333,22.4507332,2855883,0,1199233,0
09:14:04.212,79,53,36,19,120.4810333,22.4507332,2944906,0,1175010,0
09:14:04.313,79,52,32,20,120.4810486,22.4507675,2952427,0,1159466,0
09:14:04.410,80,51,32,20,120.4810486,22.4507675,2992014,0,1142742,0
09:14:04.507,79,49,32,20,120.4810486,22.4507675,2960800,0,1093752,0
09:14:04.623,80,49,30,20,120.4810486,22.4507999,2978952,0,1095894,0
09:14:04.715,80,49,30,20,120.4810486,22.4507999,2978952,0,1095894,0
09:14:04.812,80,49,30,20,120.4810486,22.4507999,2994007,0,1099067,0
09:14:04.910,80,48,30,20,120.4810486,22.4507999,2992639,0,1074849,0
09:14:05.075,80,47,29,18,120.4810486,22.4508305,2986949,0,1055864,0
09:14:05.106,80,47,29,18,120.4810486,22.4508305,2986949,0,1055864,0
09:14:05.202,80,47,29,18,120.4810486,22.4508305,2988622,0,1055577,0
09:14:05.316,81,48,29,18,120.4810486,22.4508305,3011081,0,1073389,0
09:14:05.498,81,48,27,20,120.4810486,22.4508591,3015805,0,1079462,0
09:14:05.514,81,48,27,20,120.4810486,22.4508591,3015805,0,1079462,0
09:14:05.611,81,49,27,20,120.4810486,22.4508591,3022938,0,1099004,0
09:14:05.707,81,49,27,20,120.4810486,22.4508591,3034237,0,1099692,0
09:14:05.805,82,49,26,20,120.4810333,22.4508858,3038073,0,1108840,0
09:14:05.907,82,49,26,20,120.4810333,22.4508858,3037655,0,1093915,0
09:14:06.004,81,49,26,20,120.4810333,22.4508858,3028044,0,1090209,0
09:14:06.116,81,48,26,20,120.4810333,22.4508858,3030670,0,1089762,0
09:14:06.353,82,49,25,19,120.4810333,22.4509144,3040170,0,1095285,0
09:14:06.402,82,48,25,19,120.4810333,22.4509144,3043303,0,1070026,0
09:14:06.505,82,47,25,19,120.4810333,22.4509144,3049151,0,1065409,0
09:14:06.603,82,46,25,19,120.4810333,22.4509144,3037660,0,1036609,0
09:14:06.728,82,46,24,20,120.4810257,22.4509373,3046002,0,1040683,0
09:14:06.810,81,45,24,20,120.4810257,22.4509373,3028738,0,1024479,0
09:14:06.906,81,46,24,20,120.4810257,22.4509373,3030455,0,1039556,0
09:14:07.074,81,46,24,18,120.4810104,22.4509602,3032904,0,1032145,0
09:14:07.107,81,46,24,18,120.4810104,22.4509602,3033770,0,1028474,0
09:14:07.203,82,46,24,18,120.4810104,22.4509602,3052627,0,1047336,0
09:14:07.314,83,47,24,18,120.4810104,22.4509602,3100284,0,1066857,0
09:14:07.480,85,48,23,17,120.4809952,22.4509773,3167309,0,1081111,0
09:14:07.512,85,49,23,17,120.4809952,22.4509773,3155029,0,1092493,0
09:14:07.612,85,50,23,17,120.4809952,22.4509773,3157594,0,1131876,0
09:14:07.710,80,51,23,17,120.4809952,22.4509773,2995730,0,1141903,0
09:14:07.870,77,53,23,18,120.4809723,22.4509926,2880206,0,1186250,0
09:14:07.902,77,53,23,18,120.4809723,22.4509926,2880206,0,1186250,0
09:14:08.014,72,58,23,18,120.4809723,22.4509926,2698564,0,1301738,0
09:14:08.112,73,60,23,18,120.4809723,22.4509926,2716557,0,1326632,0
09:14:08.293,73,60,22,18,120.4809570,22.4510040,2744012,0,1323499,0
09:14:08.310,73,60,22,18,120.4809570,22.4510040,2744012,0,1323499,0
09:14:08.407,77,56,22,18,120.4809570,22.4510040,2864899,0,1253976,0
09:14:08.512,79,57,22,18,120.4809570,22.4510040,2933403,0,1265489,0
09:14:08.676,78,56,20,17,120.4809341,22.4510155,2907831,0,1249869,0
09:14:08.709,78,56,20,17,120.4809341,22.4510155,2907831,0,1249869,0
09:14:08.807,73,58,20,17,120.4809341,22.4510155,2723382,0,1290082,0
09:14:08.904,71,60,20,17,120.4809341,22.4510155,2663875,0,1337034,0
09:14:09.002,73,58,20,17,120.4809341,22.4510155,2721894,0,1284922,0
09:14:09.102,73,58,18,17,120.4809189,22.4510269,2721894,0,1284922,0
09:14:09.214,75,55,18,17,120.4809189,22.4510269,2792321,0,1229375,0
09:14:09.312,75,54,18,17,120.4809189,22.4510269,2796461,0,1214337,0
09:14:09.498,75,55,15,17,120.4809113,22.4510384,2811395,0,1227620,0
09:14:09.514,75,55,15,17,120.4809113,22.4510384,2811395,0,1227620,0
09:14:09.612,75,55,15,17,120.4809113,22.4510384,2805109,0,1234932,0
09:14:09.710,74,56,15,17,120.4809113,22.4510384,2781428,0,1244059,0
09:14:09.875,75,56,12,17,120.4809113,22.4510460,2782699,0,1247399,0
09:14:09.908,75,56,12,17,120.4809113,22.4510460,2782699,0,1247399,0
09:14:10.005,75,57,12,17,120.4809113,22.4510460,2789955,0,1262892,0
09:14:10.102,73,59,12,17,120.4809113,22.4510460,2732359,0,1302542,0
09:14:10.288,70,64,7,17,120.4809113,22.4510536,2606753,0,1419951,0
09:14:10.304,70,64,7,17,120.4809113,22.4510536,2606753,0,1419951,0
09:14:10.402,70,66,7,17,120.4809113,22.4510536,2599622,0,1459505,0
09:14:10.514,69,66,7,17,120.4809113,22.4510536,2581585,0,1455640,0
09:14:10.643,68,66,3,17,120.4808960,22.4510593,2554080,0,1453935,0
09:14:10.708,66,67,3,17,120.4808960,22.4510593,2475351,0,1474550,0
09:14:10.804,64,70,3,17,120.4808960,22.4510593,2385686,0,1541649,0
09:14:10.916,63,74,3,17,120.4808960,22.4510593,2366081,0,1639904,0
09:14:11.089,68,73,0,17,120.4808960,22.4510632,2560624,0,1615664,0
09:14:11.106,68,73,0,17,120.4808960,22.4510632,2560624,0,1615664,0
09:14:11.204,87,60,0,17,120.4808960,22.4510632,3239820,0,1336367,0
09:14:11.302,91,50,0,17,120.4808960,22.4510632,3387482,0,1122311,0
09:14:11.467,92,45,3,16,120.4808960,22.4510612,3402882,0,1013314,0
09:14:11.507,92,45,3,16,120.4808960,22.4510612,3402882,0,1013314,0
09:14:11.604,90,49,3,16,120.4808960,22.4510612,3336397,0,1095649,0
09:14:11.702,91,50,3,16,120.4808960,22.4510612,3376841,0,1121009,0
09:14:11.869,91,50,2,16,120.4808960,22.4510612,3377661,0,1127183,0
09:14:11.902,91,50,2,16,120.4808960,22.4510612,3377661,0,1127183,0
09:14:12.015,91,53,2,16,120.4808960,22.4510612,3380663,0,1194194,0
09:14:12.112,91,53,2,16,120.4808960,22.4510612,3369984,0,1181858,0
09:14:12.233,91,53,1,14,120.4808960,22.4510632,3386875,0,1188117,0
09:14:12.315,91,53,1,14,120.4808960,22.4510632,3386875,0,1188117,0
09:14:12.414,91,55,1,14,120.4808960,22.4510632,3396577,0,1226666,0
09:14:12.512,91,55,1,14,120.4808960,22.4510632,3379766,0,1227900,0
09:14:12.678,91,54,1,15,120.4808960,22.4510632,3367390,0,1196402,0
09:14:12.712,91,54,1,15,120.4808960,22.4510632,3367390,0,1196402,0
09:14:12.808,91,52,1,15,120.4808960,22.4510632,3395296,0,1156157,0
09:14:12.905,91,52,1,15,120.4808960,22.4510632,3381119,0,1159614,0
09:14:13.087,91,53,1,16,120.4808960,22.4510632,3387851,0,1180507,0
09:14:13.104,91,53,1,16,120.4808960,22.4510632,3387851,0,1180507,0
09:14:13.202,91,53,1,16,120.4808960,22.4510632,3385103,0,1181741,0
09:14:13.313,91,54,1,16,120.4808960,22.4510632,3384939,0,1206223,0
09:14:13.447,92,57,1,15,120.4808960,22.4510632,3406847,0,1264231,0
09:14:13.512,93,61,1,15,120.4808960,22.4510632,3440905,0,1345664,0
09:14:13.607,93,63,1,15,120.4808960,22.4510632,3472369,0,1397550,0
09:14:13.705,94,64,1,15,120.4808960,22.4510632,3477747,0,1417975,0
09:14:13.802,95,64,1,15,120.4808960,22.4510632,3526221,0,1423013,0
09:14:13.902,95,64,1,15,120.4808960,22.4510632,3529733,0,1423436,0
09:14:14.085,95,65,0,15,120.4808960,22.4510632,3534303,0,1436356,0
09:14:14.102,96,69,0,15,120.4808960,22.4510632,3567219,0,1515246,0
09:14:14.202,96,74,0,15,120.4808960,22.4510632,3559657,0,1636487,0
09:14:14.315,95,77,0,15,120.4808960,22.4510632,3532183,0,1688837,0
09:14:14.456,96,78,1,16,120.4808960,22.4510632,3563849,0,1720234,0
09:14:14.513,96,78,1,16,120.4808960,22.4510632,3563849,0,1720234,0
09:14:14.612,96,80,1,16,120.4808960,22.4510632,3554782,0,1763412,0
09:14:14.710,96,80,0,16,120.4808960,22.4510632,3554782,0,1763412,0
09:14:14.806,97,81,0,16,120.4808960,22.4510632,3592672,0,1779483,0
09:14:14.903,97,81,0,16,120.4808960,22.4510632,3618020,0,1785330,0
09:14:15.078,98,82,0,16,120.4808960,22.4510632,3636721,0,1790886,0
09:14:15.111,98,82,0,16,120.4808960,22.4510632,3636721,0,1790886,0
09:14:15.208,98,82,0,16,120.4808960,22.4510632,3643409,0,1796016,0
09:14:15.325,98,82,1,15,120.4808960,22.4510632,3641608,0,1795943,0
09:14:15.406,99,82,1,15,120.4808960,22.4510632,3693076,0,1795167,0
09:14:15.503,98,82,1,15,120.4808960,22.4510632,3641256,0,1794334,0
09:14:15.602,99,82,1,15,120.4808960,22.4510632,3676351,0,1793241,0
09:14:15.733,99,82,0,16,120.4808960,22.4510651,3676351,0,1793241,0
09:14:15.809,99,82,0,16,120.4808960,22.4510651,3682488,0,1794201,0
09:14:15.907,99,82,0,16,120.4808960,22.4510651,3694398,0,1795088,0
09:14:16.004,99,82,0,16,120.4808960,22.4510651,3693574,0,1793640,0
09:14:16.183,99,82,1,15,120.4808960,22.4510651,3669611,0,1794941,0
09:14:16.215,99,82,1,15,120.4808960,22.4510651,3680048,0,1795001,0
09:14:16.312,99,82,1,15,120.4808960,22.4510651,3687403,0,1795578,0
09:14:16.412,99,82,1,15,120.4808960,22.4510651,3674008,0,1795354,0
09:14:16.526,99,82,0,14,120.4808960,22.4510651,3674008,0,1795354,0
09:14:16.607,99,82,0,14,120.4808960,22.4510651,3682425,0,1793923,0
09:14:16.703,99,82,0,14,120.4808960,22.4510651,3682252,0,1794848,0
09:14:16.847,99,82,0,15,120.4808960,22.4510651,3682252,0,1794848,0
09:14:16.911,100,82,0,15,120.4808960,22.4510651,3705299,0,1794868,0
09:14:17.007,99,82,0,15,120.4808960,22.4510651,3691173,0,1794526,0
09:14:17.105,100,82,0,15,120.4808960,22.4510670,3714027,0,1795101,0
09:14:17.202,100,82,0,15,120.4808960,22.4510670,3695657,0,1795571,0
09:14:17.316,99,82,0,15,120.4808960,22.4510670,3673069,0,1795138,0
09:14:17.469,99,82,0,15,120.4808960,22.4510670,3673069,0,1795138,0
09:14:17.502,100,82,0,15,120.4808960,22.4510670,3706425,0,1794869,0
09:14:17.616,99,82,0,15,120.4808960,22.4510670,3677199,0,1795311,0
09:14:17.740,100,82,0,15,120.4808960,22.4510670,3694700,0,1792973,0
09:14:17.804,100,82,0,15,120.4808960,22.4510670,3694700,0,1792973,0
09:14:17.916,99,82,0,15,120.4808960,22.4510670,3691901,0,1794343,0
09:14:18.059,100,82,0,15,120.4808960,22.4510670,3701812,0,1795787,0
09:14:18.108,100,82,0,15,120.4808960,22.4510670,3701812,0,1795787,0
09:14:18.205,98,82,0,15,120.4808960,22.4510670,3656728,0,1793438,0
09:14:18.302,100,82,0,15,120.4808960,22.4510670,3702826,0,1794241,0
09:14:18.413,99,82,0,15,120.4808960,22.4510670,3684328,0,1794290,0
09:14:18.512,100,82,0,15,120.4808960,22.4510670,3705895,0,1794952,0
09:14:18.608,99,82,0,15,120.4808960,22.4510670,3685499,0,1794071,0
09:14:18.792,99,82,0,15,120.4808960,22.4510670,3681253,0,1794599,0
09:14:18.808,99,82,0,15,120.4808960,22.4510670,3681253,0,1794599,0
09:14:18.906,99,82,0,15,120.4808960,22.4510670,3691161,0,1794125,0
09:14:19.045,99,82,0,15,120.4808960,22.4510670,3684127,0,1795396,0
09:14:19.109,99,82,0,15,120.4808960,22.4510670,3687951,0,1794448,0
09:14:19.205,100,82,0,15,120.4808960,22.4510670,3705285,0,1794590,0
09:14:19.302,99,82,0,15,120.4808960,22.4510670,3685097,0,1794256,0
09:14:19.427,97,82,0,16,120.4808960,22.4510670,3618590,0,1795119,0
09:14:19.507,100,82,0,16,120.4808960,22.4510670,3698316,0,1795067,0
09:14:19.604,99,82,0,16,120.4808960,22.4510670,3681946,0,1793219,0
09:14:19.785,99,82,0,16,120.4808960,22.4510670,3658397,0,1794352,0
09:14:19.802,98,82,0,16,120.4808960,22.4510670,3653488,0,1795357,0
09:14:19.915,99,82,0,16,120.4808960,22.4510670,3678145,0,1794770,0
09:14:20.012,98,82,0,16,120.4808960,22.4510670,3655357,0,1794301,0
09:14:20.128,99,82,0,16,120.4808960,22.4510670,3680390,0,1794437,0
09:14:20.208,100,82,0,16,120.4808960,22.4510670,3705513,0,1794465,0
09:14:20.306,99,82,0,16,120.4808960,22.4510670,3694445,0,1794590,0
09:14:20.403,98,82,0,16,120.4808960,22.4510670,3657177,0,1795083,0
09:14:20.591,99,82,0,15,120.4808960,22.4510670,3692711,0,1794947,0
09:14:20.607,99,82,0,15,120.4808960,22.4510670,3692711,0,1794947,0
09:14:20.702,99,82,0,15,120.4808960,22.4510670,3672035,0,1794558,0
09:14:20.835,99,82,0,15,120.4808960,22.4510670,3688881,0,1795645,0
09:14:20.916,99,82,0,15,120.4808960,22.4510670,3686960,0,1794491,0
09:14:21.013,99,82,0,15,120.4808960,22.4510670,3692405,0,1795748,0
09:14:21.144,100,82,0,15,120.4808960,22.4510689,3704005,0,1793836,0
09:14:21.209,98,82,0,15,120.4808960,22.4510689,3654189,0,1793860,0
09:14:21.306,100,82,0,15,120.4808960,22.4510689,3714566,0,1795423,0
09:14:21.403,99,82,0,15,120.4808960,22.4510689,3686209,0,1795134,0
09:14:21.539,100,82,0,14,120.4808807,22.4510689,3701658,0,1794242,0
09:14:21.604,99,82,0,14,120.4808807,22.4510689,3678315,0,1794280,0
09:14:21.702,99,82,0,14,120.4808807,22.4510689,3661377,0,1794356,0
09:14:21.847,99,82,0,14,120.4808807,22.4510689,3677417,0,1794117,0
09:14:21.912,99,82,0,14,120.4808807,22.4510689,3680503,0,1794970,0
09:14:22.009,99,82,0,14,120.4808807,22.4510689,3664542,0,1793747,0
09:14:22.157,99,82,0,14,120.4808807,22.4510689,3661514,0,1794548,0
09:14:22.205,99,82,0,14,120.4808807,22.4510689,3661514,0,1794548,0
09:14:22.302,99,82,0,14,120.4808807,22.4510689,3692371,0,1794595,0
09:14:22.416,99,82,0,14,120.4808807,22.4510689,3671404,0,1794653,0
09:14:22.536,99,82,0,15,120.4808807,22.4510689,3671404,0,1794653,0
09:14:22.602,100,82,0,15,120.4808807,22.4510689,3696476,0,1794690,0
09:14:22.715,99,82,0,15,120.4808807,22.4510689,3690837,0,1793975,0
09:14:22.843,99,82,0,16,120.4808807,22.4510689,3690837,0,1793975,0
09:14:22.908,99,82,0,16,120.4808807,22.4510689,3672072,0,1793926,0
09:14:23.005,99,82,0,16,120.4808807,22.4510689,3691196,0,1794586,0
09:14:23.150,100,82,0,15,120.4808807,22.4510689,3702393,0,1795019,0
09:14:23.214,99,82,0,15,120.4808807,22.4510689,3692678,0,1795924,0
09:14:23.312,100,82,0,15,120.4808807,22.4510689,3720248,0,1794596,0
09:14:23.436,99,82,0,15,120.4808807,22.4510689,3686834,0,1796018,0
09:14:23.502,99,82,0,15,120.4808807,22.4510689,3684758,0,1794698,0
09:14:23.614,100,82,0,15,120.4808807,22.4510689,3712638,0,1796116,0
09:14:23.712,99,82,0,15,120.4808807,22.4510689,3672213,0,1796070,0
09:14:23.845,99,82,0,16,120.4808807,22.4510689,3688621,0,1795462,0
09:14:23.912,99,82,0,16,120.4808807,22.4510689,3686486,0,1793887,0
09:14:24.008,100,82,0,16,120.4808807,22.4510689,3704354,0,1794722,0
09:14:24.123,99,82,0,16,120.4808807,22.4510689,3664822,0,1795764,0
09:14:24.203,99,82,0,16,120.4808807,22.4510689,3692362,0,1795384,0
09:14:24.316,100,82,0,16,120.4808807,22.4510689,3721136,0,1794724,0
09:14:24.412,98,82,0,16,120.4808807,22.4510689,3647870,0,1795130,0
09:14:24.581,100,82,0,15,120.4808807,22.4510689,3695991,0,1794380,0
09:14:24.613,100,82,0,15,120.4808807,22.4510689,3695991,0,1794380,0
09:14:24.712,99,82,0,15,120.4808807,22.4510689,3660367,0,1795314,0
09:14:24.816,99,82,0,15,120.4808807,22.4510689,3660367,0,1795314,0
09:14:24.913,99,82,0,15,120.4808807,22.4510689,3694552,0,1793369,0
09:14:25.012,100,82,0,15,120.4808807,22.4510689,3702074,0,1793778,0
09:14:25.178,99,81,0,15,120.4808807,22.4510689,3678132,0,1781465,0
09:14:25.212,99,81,0,15,120.4808807,22.4510689,3678132,0,1781465,0
09:14:25.307,100,76,0,15,120.4808807,22.4510689,3734779,0,1673434,0
09:14:25.438,100,73,0,15,120.4808807,22.4510689,3716052,0,1612523,0
09:14:25.503,100,72,0,15,120.4808807,22.4510689,3765777,0,1590312,0
09:14:25.602,100,72,0,15,120.4808807,22.4510689,3769022,0,1588232,0
09:14:25.734,100,72,0,15,120.4808807,22.4510689,3781430,0,1584837,0
09:14:25.816,99,70,0,15,120.4808807,22.4510689,3668546,0,1552137,0
09:14:25.912,100,69,0,15,120.4808807,22.4510689,3703342,0,1526207,0
09:14:26.059,100,69,1,15,120.4808807,22.4510689,3708922,0,1520289,0
09:14:26.108,100,69,1,15,120.4808807,22.4510689,3708922,0,1520289,0
09:14:26.206,99,70,1,15,120.4808807,22.4510689,3681016,0,1538313,0
09:14:26.350,99,70,1,14,120.4808807,22.4510670,3681016,0,1538313,0
09:14:26.413,99,72,1,14,120.4808807,22.4510670,3679366,0,1583658,0
09:14:26.508,99,74,1,14,120.4808807,22.4510670,3671383,0,1631848,0
09:14:26.607,98,75,1,14,120.4808807,22.4510651,3652784,0,1658771,0
09:14:26.704,98,76,1,14,120.4808807,22.4510651,3647359,0,1667260,0
09:14:26.802,99,76,1,14,120.4808807,22.4510651,3659184,0,1668455,0
09:14:26.933,99,76,1,15,120.4808807,22.4510632,3680021,0,1668303,0
09:14:27.015,98,76,1,15,120.4808807,22.4510632,3646285,0,1668582,0
09:14:27.112,98,76,1,15,120.4808807,22.4510632,3641971,0,1667184,0
09:14:27.244,99,74,1,15,120.4808807,22.4510632,3669207,0,1634297,0
09:14:27.309,100,71,1,15,120.4808807,22.4510632,3709873,0,1569048,0
09:14:27.405,97,73,1,15,120.4808807,22.4510632,3612205,0,1610613,0
09:14:27.502,97,73,1,15,120.4808807,22.4510632,3611630,0,1617991,0
09:14:27.628,96,74,1,14,120.4808807,22.4510632,3564700,0,1625996,0
09:14:27.707,96,74,1,14,120.4808807,22.4510632,3564700,0,1625996,0
09:14:27.804,89,77,1,14,120.4808807,22.4510632,3323759,0,1691852,0
09:14:27.933,89,77,1,14,120.4808807,22.4510632,3323759,0,1691852,0
09:14:28.013,89,77,1,14,120.4808807,22.4510632,3298849,0,1692066,0
09:14:28.112,91,76,1,14,120.4808807,22.4510632,3396080,0,1673559,0
09:14:28.212,92,76,0,14,120.4808807,22.4510651,3421079,0,1671667,0
09:14:28.309,92,76,0,14,120.4808807,22.4510651,3433740,0,1671932,0
09:14:28.406,92,76,0,14,120.4808807,22.4510651,3414659,0,1672815,0
09:14:28.559,92,76,0,14,120.4808807,22.4510651,3414659,0,1672815,0
09:14:28.607,93,76,0,14,120.4808807,22.4510651,3447210,0,1671475,0
09:14:28.704,92,76,0,14,120.4808807,22.4510651,3422554,0,1671861,0
09:14:28.812,93,76,0,14,120.4808807,22.4510651,3446471,0,1670759,0
09:14:28.910,93,76,0,14,120.4808807,22.4510651,3442922,0,1672627,0
09:14:29.007,92,76,0,14,120.4808807,22.4510651,3434726,0,1672709,0
09:14:29.173,92,76,0,14,120.4808807,22.4510651,3429960,0,1671599,0
09:14:29.207,92,76,0,14,120.4808807,22.4510651,3429960,0,1671599,0
09:14:29.305,93,76,0,14,120.4808807,22.4510651,3439915,0,1671429,0
09:14:29.404,93,76,0,14,120.4808807,22.4510651,3461931,0,1672120,0
09:14:29.502,92,76,0,14,120.4808807,22.4510651,3415894,0,1672135,0
09:14:29.616,92,76,0,14,120.4808807,22.4510651,3438259,0,1671475,0
09:14:29.767,92,76,0,14,120.4808807,22.4510651,3438259,0,1671475,0
09:14:29.816,93,76,0,14,120.4808807,22.4510651,3448081,0,1671622,0
09:14:29.912,93,76,0,14,120.4808807,22.4510651,3454900,0,1672476,0
09:14:30.080,93,76,0,14,120.4808807,22.4510651,3463313,0,1671087,0
09:14:30.112,93,76,0,14,120.4808807,22.4510651,3464864,0,1672651,0
09:14:30.210,92,76,0,14,120.4808807,22.4510651,3428826,0,1670332,0
09:14:30.307,93,76,0,14,120.4808807,22.4510651,3465917,0,1672407,0
09:14:30.433,93,76,0,14,120.4808807,22.4510632,3462312,0,1671059,0
09:14:30.516,93,76,0,14,120.4808807,22.4510632,3470057,0,1670073,0
09:14:30.612,93,76,0,14,120.4808807,22.4510632,3472831,0,1671849,0
09:14:30.742,93,76,0,14,120.4808807,22.4510632,3472831,0,1671849,0
09:14:30.808,93,76,0,14,120.4808807,22.4510632,3467058,0,1671684,0
09:14:30.904,94,76,0,14,120.4808807,22.4510632,3475686,0,1671029,0
09:14:31.044,93,76,1,14,120.4808807,22.4510632,3452080,0,1672574,0
09:14:31.108,93,76,1,14,120.4808807,22.4510632,3454391,0,1672020,0
09:14:31.205,94,76,1,14,120.4808807,22.4510632,3485607,0,1671897,0
09:14:31.302,93,76,1,14,120.4808807,22.4510632,3465714,0,1672674,0
09:14:31.463,93,76,2,14,120.4808807,22.4510651,3465714,0,1672674,0
09:14:31.504,93,76,2,14,120.4808807,22.4510651,3464161,0,1670700,0
09:14:31.615,92,76,2,14,120.4808807,22.4510651,3438751,0,1671376,0
09:14:31.747,93,76,2,14,120.4808807,22.4510670,3460823,0,1671716,0
09:14:31.812,94,76,2,14,120.4808807,22.4510670,3481690,0,1670178,0
09:14:31.907,93,76,2,14,120.4808807,22.4510670,3444259,0,1670832,0
09:14:32.058,93,76,2,14,120.4808807,22.4510689,3465785,0,1671133,0
09:14:32.107,93,76,2,14,120.4808807,22.4510689,3465785,0,1671133,0
09:14:32.205,94,76,2,14,120.4808807,22.4510689,3476363,0,1671261,0
09:14:32.302,94,76,2,14,120.4808807,22.4510689,3481418,0,1672078,0
09:14:32.491,93,76,2,15,120.4808807,22.4510727,3459417,0,1671354,0
09:14:32.507,93,76,2,15,120.4808807,22.4510727,3459417,0,1671354,0
09:14:32.612,94,76,2,15,120.4808807,22.4510727,3495354,0,1671071,0
09:14:32.710,94,76,2,15,120.4808807,22.4510727,3504063,0,1671679,0
09:14:32.808,94,76,3,15,120.4808960,22.4510746,3506252,0,1672644,0
09:14:32.907,94,76,3,15,120.4808960,22.4510746,3506252,0,1672644,0
09:14:33.004,94,77,3,15,120.4808960,22.4510746,3483433,0,1688521,0
09:14:33.102,91,78,3,15,120.4808960,22.4510746,3371461,0,1717158,0
09:14:33.289,83,82,3,15,120.4808960,22.4510765,3104142,0,1793941,0
09:14:33.307,83,82,3,15,120.4808960,22.4510765,3104142,0,1793941,0
09:14:33.403,80,80,3,15,120.4808960,22.4510765,2985720,0,1757711,0
09:14:33.513,92,77,2,15,120.4808960,22.4510784,3419231,0,1692621,0
09:14:33.611,98,77,2,15,120.4808960,22.4510784,3633600,0,1702960,0
09:14:33.707,98,77,2,15,120.4808960,22.4510784,3642731,0,1694010,0
09:14:33.856,98,77,1,14,120.4808960,22.4510803,3653867,0,1694637,0
09:14:33.905,98,77,1,14,120.4808960,22.4510803,3653867,0,1694637,0
09:14:34.002,99,72,1,14,120.4808960,22.4510803,3690303,0,1582015,0
09:14:34.147,99,72,1,14,120.4808960,22.4510803,3690303,0,1582015,0
09:14:34.212,99,69,1,14,120.4808960,22.4510803,3676457,0,1533339,0
09:14:34.309,97,68,1,14,120.4808960,22.4510803,3620178,0,1510793,0
09:14:34.427,99,68,2,14,120.4808960,22.4510784,3678730,0,1512898,0
09:14:34.507,99,69,2,14,120.4808960,22.4510784,3688791,0,1528588,0
09:14:34.605,99,69,2,14,120.4808960,22.4510784,3688922,0,1531469,0
09:14:34.749,99,69,2,15,120.4808960,22.4510803,3662948,0,1531787,0
09:14:34.814,99,69,2,15,120.4808960,22.4510803,3682861,0,1530676,0
09:14:34.912,98,69,2,15,120.4808960,22.4510803,3647739,0,1529051,0
09:14:35.059,99,69,2,15,120.4808960,22.4510784,3675546,0,1529525,0
09:14:35.107,98,69,2,15,120.4808960,22.4510784,3644583,0,1531533,0
09:14:35.204,99,70,2,15,120.4808960,22.4510784,3690232,0,1536646,0
09:14:35.316,99,70,2,15,120.4808960,22.4510784,3686253,0,1537164,0
09:14:35.463,100,70,2,14,120.4808807,22.4510765,3716814,0,1536412,0
09:14:35.512,100,70,2,14,120.4808807,22.4510765,3729695,0,1535723,0
09:14:35.612,100,69,2,14,120.4808807,22.4510765,3708684,0,1534835,0
09:14:35.708,100,69,2,14,120.4808807,22.4510765,3710691,0,1532966,0
09:14:35.838,99,69,3,14,120.4808807,22.4510746,3668893,0,1533234,0
09:14:35.904,99,69,3,14,120.4808807,22.4510746,3668893,0,1533234,0
09:14:36.002,98,69,3,14,120.4808807,22.4510746,3651756,0,1533000,0
09:14:36.120,98,69,3,14,120.4808807,22.4510727,3651756,0,1533000,0
09:14:36.203,99,69,3,14,120.4808807,22.4510727,3685872,0,1533057,0
09:14:36.302,99,69,3,14,120.4808807,22.4510727,3662991,0,1532614,0
09:14:36.402,99,69,3,14,120.4808807,22.4510727,3672731,0,1531772,0
09:14:36.583,97,69,3,14,120.4808807,22.4510727,3601471,0,1527930,0
09:14:36.600,97,69,3,14,120.4808807,22.4510727,3601471,0,1527930,0
09:14:36.713,97,69,3,14,120.4808807,22.4510727,3592830,0,1519003,0
09:14:36.811,95,69,3,14,120.4808807,22.4510727,3541790,0,1532818,0
09:14:36.948,96,70,2,14,120.4808807,22.4510708,3583390,0,1540421,0
09:14:37.009,97,71,2,14,120.4808807,22.4510708,3588141,0,1563149,0
09:14:37.107,97,72,2,14,120.4808807,22.4510708,3605087,0,1581103,0
09:14:37.204,97,72,2,14,120.4808807,22.4510708,3592844,0,1595366,0
09:14:37.326,96,73,2,14,120.4808807,22.4510689,3565028,0,1599849,0
09:14:37.408,96,73,2,14,120.4808807,22.4510689,3584508,0,1609606,0
09:14:37.503,98,73,2,14,120.4808807,22.4510689,3621830,0,1610957,0
09:14:37.603,97,73,2,14,120.4808807,22.4510689,3587997,0,1612344,0
09:14:37.807,97,73,3,15,120.4808731,22.4510651,3605850,0,1618710,0
09:14:37.904,97,73,3,15,120.4808731,22.4510651,3596764,0,1616773,0
09:14:38.003,97,73,3,15,120.4808731,22.4510651,3598475,0,1615595,0
09:14:38.146,97,73,3,15,120.4808731,22.4510632,3599370,0,1614994,0
09:14:38.212,96,73,3,15,120.4808731,22.4510632,3557225,0,1615638,0
09:14:38.309,97,74,3,15,120.4808731,22.4510632,3613279,0,1625301,0
09:14:38.406,97,74,3,15,120.4808731,22.4510632,3618064,0,1637297,0
09:14:38.583,97,75,2,15,120.4808731,22.4510612,3618732,0,1643372,0
09:14:38.616,97,75,2,15,120.4808731,22.4510612,3618732,0,1643372,0
09:14:38.704,97,75,2,15,120.4808731,22.4510612,3617295,0,1657416,0
09:14:38.836,96,76,2,15,120.4808731,22.4510612,3572940,0,1667823,0
09:14:38.902,96,76,2,15,120.4808731,22.4510612,3581606,0,1669422,0
09:14:39.014,97,76,2,15,120.4808731,22.4510612,3586226,0,1669385,0
09:14:39.139,97,76,3,15,120.4808731,22.4510593,3597633,0,1669077,0
09:14:39.204,97,76,3,15,120.4808731,22.4510593,3610012,0,1668684,0
09:14:39.302,97,76,3,15,120.4808731,22.4510593,3613501,0,1669303,0
09:14:39.414,97,76,2,14,120.4808731,22.4510689,3613501,0,1669303,0
09:14:39.511,96,76,2,14,120.4808731,22.4510689,3570877,0,1669408,0
09:14:39.610,96,76,2,14,120.4808731,22.4510689,3577316,0,1669602,0
09:14:39.707,96,76,2,12,120.4808807,22.4510689,3577316,0,1669602,0
09:14:39.805,97,76,2,12,120.4808807,22.4510689,3615720,0,1667889,0
09:14:39.902,97,76,2,12,120.4808807,22.4510689,3618631,0,1668028,0
09:14:40.014,97,76,2,12,120.4808807,22.4510689,3619441,0,1667425,0
09:14:40.227,97,76,3,11,120.4808731,22.4510689,3591091,0,1668321,0
09:14:40.307,96,76,3,11,120.4808731,22.4510689,3583286,0,1668405,0
09:14:40.407,97,76,3,11,120.4808731,22.4510689,3598505,0,1668171,0
09:14:40.514,97,76,4,10,120.4808807,22.4510689,3608576,0,1668500,0
09:14:40.612,97,76,4,10,120.4808807,22.4510689,3596647,0,1667222,0
09:14:40.768,96,76,5,9,120.4808807,22.4510689,3571599,0,1668725,0
09:14:40.802,97,76,5,9,120.4808807,22.4510689,3608250,0,1667285,0
09:14:40.902,96,76,5,9,120.4808807,22.4510689,3581771,0,1667484,0
09:14:41.057,97,76,5,8,120.4808807,22.4510689,3599696,0,1666309,0
09:14:41.116,96,76,5,8,120.4808807,22.4510689,3584577,0,1667574,0
09:14:41.213,98,76,5,8,120.4808807,22.4510689,3629266,0,1667042,0
09:14:41.337,97,76,6,8,120.4808807,22.4510689,3601351,0,1667420,0
09:14:41.403,97,76,6,8,120.4808807,22.4510689,3601351,0,1667420,0
09:14:41.507,98,76,6,8,120.4808807,22.4510689,3623573,0,1666251,0
09:14:41.633,97,76,5,8,120.4808807,22.4510689,3617498,0,1666347,0
09:14:41.714,97,76,5,8,120.4808807,22.4510689,3593678,0,1668585,0
09:14:41.812,96,76,5,8,120.4808807,22.4510689,3572219,0,1666885,0
09:14:41.909,97,76,5,8,120.4808807,22.4510689,3606102,0,1668051,0
09:14:42.032,97,76,5,9,120.4808807,22.4510670,3604577,0,1666590,0
09:14:42.113,97,76,5,9,120.4808807,22.4510670,3620658,0,1667070,0
09:14:42.285,96,76,4,8,120.4808807,22.4510670,3579352,0,1666810,0
09:14:42.302,96,76,4,8,120.4808807,22.4510670,3579352,0,1666810,0
09:14:42.414,97,76,4,8,120.4808807,22.4510670,3609689,0,1666316,0
09:14:42.529,97,76,4,8,120.4808807,22.4510670,3606824,0,1666792,0
09:14:42.609,96,76,4,8,120.4808807,22.4510670,3584799,0,1666495,0
09:14:42.705,97,76,4,8,120.4808807,22.4510670,3585926,0,1667260,0
09:14:42.802,97,76,4,8,120.4808807,22.4510670,3601723,0,1666520,0
09:14:42.910,97,76,3,10,120.4808807,22.4510651,3601723,0,1666520,0
09:14:43.006,97,76,3,10,120.4808807,22.4510651,3594079,0,1666288,0
09:14:43.140,95,76,3,10,120.4808731,22.4510651,3517812,0,1667882,0
09:14:43.228,97,76,3,10,120.4808731,22.4510651,3603274,0,1665554,0
09:14:43.309,98,76,3,10,120.4808731,22.4510651,3638405,0,1666345,0
09:14:43.468,97,76,0,10,120.4808578,22.4510632,3602431,0,1667490,0
09:14:43.502,97,76,0,10,120.4808578,22.4510632,3602431,0,1667490,0
09:14:43.615,97,76,0,10,120.4808578,22.4510632,3598984,0,1667882,0
09:14:43.783,96,76,0,10,120.4808578,22.4510632,3584691,0,1668603,0
09:14:43.815,96,76,0,10,120.4808578,22.4510632,3584691,0,1668603,0
09:14:43.912,97,76,0,10,120.4808578,22.4510632,3587400,0,1672692,0
09:14:44.009,97,76,0,10,120.4808578,22.4510632,3596637,0,1675746,0
09:14:44.143,96,76,0,10,120.4808578,22.4510632,3556972,0,1679565,0
09:14:44.212,96,76,0,10,120.4808578,22.4510632,3556972,0,1679565,0
09:14:44.309,96,77,0,10,120.4808578,22.4510632,3575141,0,1687544,0
09:14:44.407,97,77,0,10,120.4808578,22.4510632,3586216,0,1690541,0
09:14:44.512,97,77,0,11,120.4808578,22.4510632,3586216,0,1690541,0
09:14:44.609,97,77,0,11,120.4808578,22.4510632,3613200,0,1688199,0
09:14:44.705,97,77,0,11,120.4808578,22.4510632,3602179,0,1689736,0
09:14:44.809,97,77,0,11,120.4808578,22.4510632,3605789,0,1690103,0
09:14:44.906,97,77,0,11,120.4808578,22.4510632,3595184,0,1690719,0
09:14:45.004,95,77,0,11,120.4808578,22.4510632,3547659,0,1690186,0
09:14:45.112,97,77,0,11,120.4808578,22.4510632,3592482,0,1690457,0
09:14:45.211,97,77,0,11,120.4808578,22.4510632,3604157,0,1690831,0
09:14:45.311,97,77,0,11,120.4808578,22.4510632,3608853,0,1690499,0
09:14:45.443,96,77,0,12,120.4808578,22.4510632,3577784,0,1694595,0
09:14:45.509,96,77,0,12,120.4808578,22.4510632,3577784,0,1694595,0
09:14:45.606,97,77,0,12,120.4808578,22.4510632,3593282,0,1694304,0
09:14:45.734,97,77,0,11,120.4808578,22.4510632,3593282,0,1694304,0
09:14:45.816,96,77,0,11,120.4808578,22.4510632,3559488,0,1693387,0
09:14:45.911,97,77,0,11,120.4808578,22.4510632,3616326,0,1694598,0
09:14:46.015,97,77,0,11,120.4808578,22.4510632,3596944,0,1693948,0
09:14:46.112,97,77,0,11,120.4808578,22.4510632,3601690,0,1693916,0
09:14:46.212,97,77,0,11,120.4808578,22.4510632,3606109,0,1693310,0
09:14:46.312,97,77,0,11,120.4808578,22.4510632,3586963,0,1693518,0
09:14:46.422,97,77,0,11,120.4808578,22.4510632,3591315,0,1694029,0
09:14:46.504,97,77,0,11,120.4808578,22.4510632,3600465,0,1694314,0
09:14:46.602,97,77,0,11,120.4808578,22.4510632,3599503,0,1694765,0
09:14:46.734,96,77,0,11,120.4808578,22.4510612,3577031,0,1694840,0
09:14:46.813,97,77,0,11,120.4808578,22.4510612,3588965,0,1694107,0
09:14:46.911,97,77,0,11,120.4808578,22.4510612,3592300,0,1693970,0
09:14:47.014,97,77,0,11,120.4808578,22.4510632,3592300,0,1693970,0
09:14:47.111,97,77,0,11,120.4808578,22.4510632,3592222,0,1692891,0
09:14:47.206,97,77,0,11,120.4808578,22.4510632,3610970,0,1693739,0
09:14:47.316,97,77,0,11,120.4808578,22.4510632,3610970,0,1693739,0
09:14:47.413,96,77,0,11,120.4808578,22.4510632,3574500,0,1693237,0
09:14:47.511,96,77,0,11,120.4808578,22.4510632,3567490,0,1694513,0
09:14:47.647,96,77,0,11,120.4808578,22.4510632,3567490,0,1694513,0
09:14:47.712,97,77,0,11,120.4808578,22.4510632,3587164,0,1694117,0
09:14:47.808,97,77,0,11,120.4808578,22.4510632,3587367,0,1693604,0
09:14:47.911,97,77,0,11,120.4808578,22.4510632,3603485,0,1694309,0
09:14:48.007,97,77,0,11,120.4808578,22.4510632,3594239,0,1694623,0
09:14:48.104,96,77,0,11,120.4808578,22.4510632,3571194,0,1693816,0
09:14:48.206,96,77,0,11,120.4808578,22.4510632,3571194,0,1693816,0
09:14:48.302,96,77,0,11,120.4808578,22.4510632,3570105,0,1694755,0
09:14:48.415,97,77,0,11,120.4808578,22.4510632,3594718,0,1694278,0
09:14:48.565,96,77,0,11,120.4808578,22.4510632,3584089,0,1693477,0
09:14:48.613,97,77,0,11,120.4808578,22.4510632,3593393,0,1693447,0
09:14:48.711,96,77,0,11,120.4808578,22.4510632,3579803,0,1694297,0
09:14:48.808,95,77,0,11,120.4808578,22.4510632,3535899,0,1693379,0
09:14:48.919,95,77,0,12,120.4808578,22.4510632,3535899,0,1693379,0
09:14:49.015,96,77,0,12,120.4808578,22.4510632,3561013,0,1695397,0
09:14:49.112,97,77,0,12,120.4808578,22.4510632,3614445,0,1694767,0
09:14:49.202,97,77,0,11,120.4808578,22.4510632,3614445,0,1694767,0
09:14:49.315,97,77,0,11,120.4808578,22.4510632,3598887,0,1693560,0
09:14:49.413,97,77,0,11,120.4808578,22.4510632,3601783,0,1695101,0
09:14:49.547,97,77,0,12,120.4808578,22.4510632,3601783,0,1695101,0
09:14:49.612,97,77,0,12,120.4808578,22.4510632,3613151,0,1693765,0
09:14:49.710,97,77,0,12,120.4808578,22.4510632,3600294,0,1694531,0
09:14:49.811,96,77,0,10,120.4808578,22.4510632,3580855,0,1694405,0
09:14:49.908,97,77,0,10,120.4808578,22.4510632,3596600,0,1693915,0
09:14:50.006,96,77,0,10,120.4808578,22.4510632,3572162,0,1694078,0
09:14:50.119,96,77,0,10,120.4808578,22.4510632,3572162,0,1694078,0
09:14:50.216,97,77,0,10,120.4808578,22.4510632,3606849,0,1693526,0
09:14:50.313,97,77,0,10,120.4808578,22.4510632,3602038,0,1694476,0
09:14:50.410,97,77,0,10,120.4808578,22.4510632,3596992,0,1693066,0
09:14:50.556,97,77,0,10,120.4808578,22.4510632,3593477,0,1693863,0
09:14:50.604,97,77,0,10,120.4808578,22.4510632,3593477,0,1693863,0
09:14:50.702,96,77,0,10,120.4808578,22.4510632,3582785,0,1692818,0
09:14:50.802,97,77,0,10,120.4808578,22.4510632,3614937,0,1693616,0
09:14:50.915,97,77,0,10,120.4808578,22.4510632,3598861,0,1693459,0
09:14:51.012,97,77,0,10,120.4808578,22.4510632,3586130,0,1693519,0
09:14:51.117,97,77,0,11,120.4808578,22.4510632,3586130,0,1693519,0
09:14:51.207,97,77,0,11,120.4808578,22.4510632,3604284,0,1692742,0
09:14:51.304,97,77,0,11,120.4808578,22.4510632,3607019,0,1693510,0
09:14:51.416,96,77,0,11,120.4808578,22.4510632,3578684,0,1692892,0
09:14:51.501,96,77,0,11,120.4808578,22.4510632,3569411,0,1694517,0
09:14:51.614,96,77,0,11,120.4808578,22.4510632,3554278,0,1694123,0
09:14:51.706,96,77,0,11,120.4808578,22.4510632,3583375,0,1694128,0
09:14:51.802,96,77,0,11,120.4808578,22.4510632,3569704,0,1693260,0
09:14:51.914,97,77,0,11,120.4808578,22.4510632,3587027,0,1694377,0
09:14:52.030,97,77,0,11,120.4808578,22.4510632,3587027,0,1694377,0
09:14:52.110,95,77,0,11,120.4808578,22.4510632,3545547,0,1693535,0
09:14:52.207,96,77,0,11,120.4808578,22.4510632,3576064,0,1694592,0
09:14:52.308,96,77,0,12,120.4808578,22.4510632,3576064,0,1694592,0
09:14:52.405,97,77,0,12,120.4808578,22.4510632,3587709,0,1694282,0
09:14:52.503,97,77,0,12,120.4808578,22.4510632,3594201,0,1694376,0
09:14:52.609,96,77,0,12,120.4808578,22.4510632,3580588,0,1694925,0
09:14:52.706,96,77,0,12,120.4808578,22.4510632,3566945,0,1695319,0
09:14:52.802,97,77,0,12,120.4808578,22.4510632,3592926,0,1693922,0
09:14:52.912,97,77,0,12,120.4808578,22.4510632,3599893,0,1694585,0
09:14:53.009,96,77,0,12,120.4808578,22.4510632,3578347,0,1695181,0
09:14:53.106,97,77,0,12,120.4808578,22.4510632,3604732,0,1693900,0
09:14:53.208,98,77,0,12,120.4808578,22.4510632,3621664,0,1693052,0
09:14:53.304,97,77,0,12,120.4808578,22.4510632,3593607,0,1694280,0
09:14:53.401,97,77,0,12,120.4808578,22.4510632,3607018,0,1694378,0
09:14:53.532,96,77,0,12,120.4808578,22.4510632,3553982,0,1693456,0
09:14:53.613,97,77,0,12,120.4808578,22.4510632,3612260,0,1692743,0
09:14:53.710,97,77,0,12,120.4808578,22.4510632,3585089,0,1694278,0
09:14:53.802,97,77,0,11,120.4808578,22.4510632,3585089,0,1694278,0
09:14:53.915,97,77,0,11,120.4808578,22.4510632,3596221,0,1693881,0
09:14:54.011,96,77,0,11,120.4808578,22.4510632,3570400,0,1693645,0
09:14:54.136,96,77,0,12,120.4808578,22.4510632,3570400,0,1693645,0
09:14:54.201,97,77,0,12,120.4808578,22.4510632,3586863,0,1694964,0
09:14:54.313,97,77,0,12,120.4808578,22.4510632,3589726,0,1693646,0
09:14:54.411,97,77,0,12,120.4808578,22.4510632,3589726,0,1693646,0
09:14:54.507,96,77,0,12,120.4808578,22.4510632,3563365,0,1693825,0
09:14:54.604,96,77,0,12,120.4808578,22.4510632,3582828,0,1693586,0
09:14:54.710,96,77,0,11,120.4808578,22.4510632,3565740,0,1694404,0
09:14:54.806,97,77,0,11,120.4808578,22.4510632,3592307,0,1694541,0
09:14:54.902,97,77,0,11,120.4808578,22.4510632,3607454,0,1695799,0
09:14:55.004,96,77,0,12,120.4808578,22.4510632,3583918,0,1696395,0
09:14:55.101,96,77,0,12,120.4808578,22.4510632,3582420,0,1695413,0
09:14:55.255,97,77,0,11,120.4808578,22.4510632,3598687,0,1695150,0
09:14:55.303,97,77,0,11,120.4808578,22.4510632,3586654,0,1693582,0
09:14:55.401,97,77,0,11,120.4808578,22.4510632,3607054,0,1694960,0
09:14:55.514,97,77,0,11,120.4808578,22.4510632,3596919,0,1694587,0
09:14:55.619,96,77,0,11,120.4808578,22.4510632,3559747,0,1694993,0
09:14:55.701,96,77,0,11,120.4808578,22.4510632,3576759,0,1695919,0
09:14:55.815,96,77,0,11,120.4808578,22.4510632,3573977,0,1694028,0
09:14:55.904,96,77,0,11,120.4808578,22.4510632,3573977,0,1694028,0
09:14:56.001,96,77,0,11,120.4808578,22.4510632,3577427,0,1695212,0
09:14:56.113,97,77,0,11,120.4808578,22.4510632,3589028,0,1694257,0
09:14:56.230,97,77,0,11,120.4808578,22.4510632,3589028,0,1694257,0
09:14:56.310,96,77,0,11,120.4808578,22.4510632,3568866,0,1694654,0
09:14:56.406,97,77,0,11,120.4808578,22.4510632,3589176,0,1694992,0
09:14:56.511,97,77,0,11,120.4808578,22.4510632,3602614,0,1693612,0
09:14:56.607,97,77,0,11,120.4808578,22.4510632,3608174,0,1692902,0
09:14:56.703,96,77,0,11,120.4808578,22.4510632,3565615,0,1695166,0
09:14:56.814,97,77,0,10,120.4808578,22.4510632,3615226,0,1693245,0
09:14:56.914,97,77,0,10,120.4808578,22.4510632,3609635,0,1693746,0
09:14:57.007,97,77,0,10,120.4808578,22.4510632,3596515,0,1693153,0
09:14:57.112,97,77,0,11,120.4808578,22.4510632,3592869,0,1694378,0
09:14:57.207,97,77,0,11,120.4808578,22.4510632,3587798,0,1694391,0
09:14:57.301,97,77,0,11,120.4808578,22.4510632,3590109,0,1693211,0
09:14:57.412,97,77,0,11,120.4808578,22.4510632,3590109,0,1693211,0
09:14:57.506,97,77,0,11,120.4808578,22.4510632,3585905,0,1693514,0
09:14:57.603,97,77,0,11,120.4808578,22.4510632,3588731,0,1694691,0
09:14:57.708,97,77,0,11,120.4808578,22.4510632,3588731,0,1694691,0
09:14:57.807,97,77,0,11,120.4808578,22.4510632,3611318,0,1693998,0
09:14:57.905,97,77,0,11,120.4808578,22.4510632,3589974,0,1694778,0
09:14:58.027,97,77,0,11,120.4808578,22.4510632,3589974,0,1694778,0
09:14:58.108,96,77,0,11,120.4808578,22.4510632,3567056,0,1694457,0
09:14:58.239,97,77,0,10,120.4808578,22.4510632,3606002,0,1693289,0
09:14:58.307,97,77,0,10,120.4808578,22.4510632,3600311,0,1693722,0
09:14:58.404,96,77,0,10,120.4808578,22.4510632,3565498,0,1693615,0
09:14:58.577,96,77,0,10,120.4808578,22.4510632,3579327,0,1694880,0
