Time,R Scale 1,R Scale 2,G Speed,SV,Longitude,Latitude,raw1,raw2,raw3,raw4
10:26:21.113,91,54,0,14,120.4809189,22.4510708,3399313,0,1215632,0
10:26:21.213,92,54,0,14,120.4809189,22.4510708,3421955,0,1214963,0
10:26:21.304,92,54,0,14,120.4809189,22.4510708,3421955,0,1214963,0
10:26:21.401,92,54,0,14,120.4809189,22.4510708,3406382,0,1216131,0
10:26:21.501,91,54,0,14,120.4809189,22.4510708,3384785,0,1215544,0
10:26:21.628,91,54,0,13,120.4809189,22.4510708,3384785,0,1215544,0
10:26:21.710,91,54,0,13,120.4809189,22.4510708,3399107,0,1211555,0
10:26:21.855,91,53,0,13,120.4809189,22.4510689,3397508,0,1179652,0
10:26:21.903,92,52,0,13,120.4809189,22.4510689,3411931,0,1163662,0
10:26:22.003,91,53,0,13,120.4809189,22.4510689,3385824,0,1177489,0
10:26:22.169,91,54,0,13,120.4809341,22.4510689,3397565,0,1211787,0
10:26:22.201,91,55,0,13,120.4809341,22.4510689,3369679,0,1224906,0
10:26:22.300,90,53,0,13,120.4809341,22.4510689,3359923,0,1195579,0
10:26:22.457,90,52,0,12,120.4809341,22.4510689,3361285,0,1174509,0
10:26:22.507,90,53,0,12,120.4809341,22.4510689,3342399,0,1175977,0
10:26:22.605,90,52,0,12,120.4809341,22.4510689,3355386,0,1172294,0
10:26:22.786,90,52,0,12,120.4809341,22.4510689,3357841,0,1172975,0
10:26:22.803,90,52,0,12,120.4809341,22.4510689,3357841,0,1172975,0
10:26:22.901,90,52,0,12,120.4809341,22.4510689,3342375,0,1166444,0
10:26:23.047,90,52,0,13,120.4809341,22.4510689,3355648,0,1159525,0
10:26:23.113,90,51,0,13,120.4809341,22.4510689,3350346,0,1142434,0
10:26:23.209,89,51,0,13,120.4809341,22.4510689,3322362,0,1140571,0
10:26:23.375,90,51,0,13,120.4809341,22.4510689,3345077,0,1143068,0
10:26:23.408,90,51,0,13,120.4809341,22.4510689,3345077,0,1143068,0
10:26:23.506,93,51,0,13,120.4809341,22.4510689,3457710,0,1147065,0
10:26:23.603,94,52,0,13,120.4809341,22.4510689,3480396,0,1168884,0
10:26:23.706,94,52,1,12,120.4809341,22.4510689,3480396,0,1168884,0
10:26:23.806,94,52,1,12,120.4809341,22.4510689,3510986,0,1171227,0
10:26:23.978,95,49,3,12,120.4809189,22.4510708,3520933,0,1104327,0
10:26:24.011,95,49,3,12,120.4809189,22.4510708,3520933,0,1104327,0
10:26:24.109,94,49,3,12,120.4809189,22.4510708,3504015,0,1093770,0
10:26:24.207,94,48,6,12,120.4809189,22.4510727,3509990,0,1086783,0
10:26:24.311,95,48,6,12,120.4809189,22.4510727,3516874,0,1081349,0
10:26:24.409,95,48,6,12,120.4809189,22.4510727,3534143,0,1072724,0
10:26:24.581,94,47,9,12,120.4809341,22.4510803,3511603,0,1065512,0
10:26:24.613,94,47,9,12,120.4809341,22.4510803,3498584,0,1054278,0
10:26:24.713,95,47,9,12,120.4809341,22.4510803,3519775,0,1050622,0
10:26:24.849,94,47,12,13,120.4809341,22.4510880,3510370,0,1053401,0
10:26:24.900,94,47,12,13,120.4809341,22.4510880,3510370,0,1053401,0
10:26:25.015,96,46,12,13,120.4809341,22.4510880,3561757,0,1046858,0
10:26:25.113,96,46,12,13,120.4809341,22.4510880,3564513,0,1042619,0
10:26:25.211,96,46,14,13,120.4809341,22.4510975,3564513,0,1042619,0
10:26:25.310,96,46,14,13,120.4809341,22.4510975,3554381,0,1040300,0
10:26:25.410,94,45,14,13,120.4809341,22.4510975,3507154,0,1019061,0
10:26:25.521,94,45,17,13,120.4809341,22.4511089,3507154,0,1019061,0
10:26:25.603,95,46,17,13,120.4809341,22.4511089,3535449,0,1027965,0
10:26:25.703,95,45,17,13,120.4809341,22.4511089,3514937,0,1006929,0
10:26:25.812,94,44,20,13,120.4809341,22.4511223,3491504,0,998352,0
10:26:25.910,93,45,20,13,120.4809341,22.4511223,3464346,0,1024108,0
10:26:26.010,93,45,20,13,120.4809341,22.4511223,3472508,0,1019787,0
10:26:26.115,93,45,21,13,120.4809494,22.4511375,3459307,0,1014462,0
10:26:26.213,91,44,21,13,120.4809494,22.4511375,3388761,0,1002412,0
10:26:26.392,90,45,23,14,120.4809494,22.4511528,3350322,0,1020675,0
10:26:26.409,90,45,23,14,120.4809494,22.4511528,3350322,0,1020675,0
10:26:26.506,90,49,23,14,120.4809494,22.4511528,3340427,0,1101983,0
10:26:26.605,89,49,23,14,120.4809494,22.4511528,3309429,0,1100139,0
10:26:26.701,89,49,24,14,120.4809494,22.4511719,3309429,0,1100139,0
10:26:26.801,88,49,24,14,120.4809494,22.4511719,3271959,0,1104923,0
10:26:26.978,88,50,25,14,120.4809570,22.4511909,3273131,0,1113693,0
10:26:27.011,88,50,25,14,120.4809570,22.4511909,3273131,0,1113693,0
10:26:27.102,88,49,25,14,120.4809570,22.4511909,3268617,0,1090789,0
10:26:27.201,88,48,25,14,120.4809570,22.4511909,3262420,0,1088654,0
10:26:27.303,89,48,25,14,120.4809570,22.4512100,3307619,0,1086805,0
10:26:27.402,90,50,25,14,120.4809570,22.4512100,3365209,0,1112567,0
10:26:27.502,89,48,25,14,120.4809570,22.4512100,3304958,0,1081481,0
10:26:27.605,89,48,26,15,120.4809570,22.4512291,3304958,0,1081481,0
10:26:27.703,89,46,26,15,120.4809570,22.4512291,3313919,0,1047486,0
10:26:27.801,89,48,26,15,120.4809570,22.4512291,3309969,0,1071957,0
10:26:27.903,89,48,27,15,120.4809570,22.4512501,3309969,0,1071957,0
10:26:28.001,89,48,27,15,120.4809570,22.4512501,3322021,0,1075534,0
10:26:28.100,90,48,27,15,120.4809570,22.4512501,3337145,0,1085301,0
10:26:28.211,90,48,28,16,120.4809570,22.4512711,3337145,0,1085301,0
10:26:28.309,89,48,28,16,120.4809570,22.4512711,3326942,0,1086925,0
10:26:28.447,90,48,28,17,120.4809723,22.4512920,3351226,0,1082942,0
10:26:28.507,90,49,28,17,120.4809723,22.4512920,3340312,0,1091403,0
10:26:28.605,90,49,28,17,120.4809723,22.4512920,3341765,0,1104886,0
10:26:28.703,89,49,28,17,120.4809723,22.4512920,3312861,0,1103670,0
10:26:28.831,89,49,30,17,120.4809723,22.4513130,3309886,0,1107108,0
10:26:28.903,89,48,30,17,120.4809723,22.4513130,3326107,0,1085478,0
10:26:29.003,90,48,30,17,120.4809723,22.4513130,3355680,0,1082775,0
10:26:29.111,90,48,31,16,120.4809875,22.4513378,3355680,0,1082775,0
10:26:29.208,89,41,31,16,120.4809875,22.4513378,3317340,0,931747,0
10:26:29.307,90,42,31,16,120.4809875,22.4513378,3363638,0,955532,0
10:26:29.413,90,42,32,17,120.4809875,22.4513626,3363638,0,955532,0
10:26:29.511,91,43,32,17,120.4809875,22.4513626,3372881,0,970265,0
10:26:29.611,92,43,32,17,120.4809875,22.4513626,3404296,0,969854,0
10:26:29.723,91,44,33,17,120.4809875,22.4513874,3392243,0,1000516,0
10:26:29.805,91,44,33,17,120.4809875,22.4513874,3386967,0,990494,0
10:26:29.903,90,44,33,17,120.4809875,22.4513874,3357658,0,985898,0
10:26:30.033,90,44,35,17,120.4809875,22.4514122,3342345,0,989878,0
10:26:30.115,90,43,35,17,120.4809875,22.4514122,3330336,0,975477,0
10:26:30.213,90,43,35,17,120.4809875,22.4514122,3338258,0,976924,0
10:26:30.315,90,43,35,17,120.4809952,22.4514408,3338258,0,976924,0
10:26:30.413,89,44,35,17,120.4809952,22.4514408,3327438,0,993980,0
10:26:30.513,89,44,35,17,120.4809952,22.4514408,3299194,0,992345,0
10:26:30.627,89,44,35,17,120.4809952,22.4514656,3299194,0,992345,0
10:26:30.708,89,44,35,17,120.4809952,22.4514656,3314455,0,991125,0
10:26:30.807,89,44,35,17,120.4809952,22.4514656,3317733,0,1000562,0
10:26:30.913,89,45,35,17,120.4809952,22.4514923,3322388,0,1016772,0
10:26:31.013,89,45,35,17,120.4809952,22.4514923,3306352,0,1010384,0
10:26:31.113,89,44,35,17,120.4809952,22.4514923,3321924,0,987553,0
10:26:31.208,89,44,35,18,120.4809952,22.4515190,3321924,0,987553,0
10:26:31.307,89,44,35,18,120.4809952,22.4515190,3305780,0,998946,0
10:26:31.407,88,44,35,18,120.4809952,22.4515190,3290381,0,997106,0
10:26:31.515,88,44,35,18,120.4809952,22.4515457,3266108,0,999172,0
10:26:31.613,89,44,35,18,120.4809952,22.4515457,3310223,0,1002920,0
10:26:31.713,88,44,35,18,120.4809952,22.4515457,3273922,0,1003514,0
10:26:31.807,88,44,35,18,120.4809952,22.4515724,3273922,0,1003514,0
10:26:31.907,88,44,35,18,120.4809952,22.4515724,3282930,0,999399,0
10:26:32.007,89,45,35,18,120.4809952,22.4515724,3294107,0,1016609,0
10:26:32.108,89,45,36,18,120.4809952,22.4515991,3294107,0,1016609,0
10:26:32.207,89,45,36,18,120.4809952,22.4515991,3295845,0,1015030,0
10:26:32.307,88,44,36,18,120.4809952,22.4515991,3285018,0,995339,0
10:26:32.402,88,44,35,18,120.4809952,22.4516258,3285018,0,995339,0
10:26:32.501,89,44,35,18,120.4809952,22.4516258,3296965,0,1005125,0
10:26:32.600,88,45,35,18,120.4809952,22.4516258,3289217,0,1005274,0
10:26:32.727,88,45,35,18,120.4809952,22.4516525,3290261,0,1007642,0
10:26:32.810,88,45,35,18,120.4809952,22.4516525,3284334,0,1016485,0
10:26:32.910,88,44,35,18,120.4809952,22.4516525,3273640,0,990640,0
10:26:33.007,88,44,35,18,120.4809952,22.4516525,3289346,0,1005121,0
10:26:33.193,88,44,35,17,120.4809875,22.4516888,3281618,0,1003057,0
10:26:33.210,88,44,35,17,120.4809875,22.4516888,3281618,0,1003057,0
10:26:33.308,88,45,35,17,120.4809875,22.4516888,3291556,0,1005166,0
10:26:33.405,88,44,35,17,120.4809875,22.4516888,3271415,0,1001577,0
10:26:33.548,88,44,36,17,120.4809875,22.4517231,3271281,0,1001731,0
10:26:33.613,88,44,36,17,120.4809875,22.4517231,3271281,0,1001731,0
10:26:33.712,88,45,36,17,120.4809875,22.4517231,3263115,0,1012433,0
10:26:33.813,88,45,36,17,120.4809875,22.4517231,3272078,0,1010365,0
10:26:33.928,88,45,35,17,120.4809875,22.4517593,3272078,0,1010365,0
10:26:34.003,88,45,35,17,120.4809875,22.4517593,3274723,0,1011903,0
10:26:34.103,88,45,35,17,120.4809875,22.4517593,3257409,0,1014091,0
10:26:34.221,87,45,35,17,120.4809875,22.4517860,3254751,0,1016496,0
10:26:34.303,86,44,35,17,120.4809875,22.4517860,3201720,0,1003016,0
10:26:34.402,86,44,35,17,120.4809875,22.4517860,3216238,0,1001744,0
10:26:34.503,87,44,35,17,120.4809875,22.4517860,3236535,0,1003141,0
10:26:34.645,87,45,34,17,120.4809875,22.4518204,3237975,0,1011267,0
10:26:34.710,87,45,34,17,120.4809875,22.4518204,3243534,0,1020999,0
10:26:34.808,86,45,34,17,120.4809875,22.4518204,3218649,0,1008492,0
10:26:34.912,86,45,34,17,120.4809875,22.4518471,3218649,0,1008492,0
10:26:35.012,87,45,34,17,120.4809875,22.4518471,3224064,0,1010288,0
10:26:35.112,86,44,34,17,120.4809875,22.4518471,3214102,0,997516,0
10:26:35.247,86,44,33,17,120.4809875,22.4518719,3214102,0,997516,0
10:26:35.312,86,45,33,17,120.4809875,22.4518719,3206016,0,1007910,0
10:26:35.413,87,45,33,17,120.4809875,22.4518719,3221947,0,1006874,0
10:26:35.585,87,45,33,16,120.4809875,22.4518967,3231712,0,1014007,0
10:26:35.602,87,45,33,16,120.4809875,22.4518967,3231712,0,1014007,0
10:26:35.703,86,45,33,16,120.4809875,22.4518967,3218842,0,1017180,0
10:26:35.803,86,45,33,16,120.4809875,22.4518967,3214612,0,1016646,0
10:26:35.932,87,45,33,18,120.4809875,22.4519310,3221777,0,1020708,0
10:26:36.013,87,45,33,18,120.4809875,22.4519310,3227969,0,1023940,0
10:26:36.111,86,45,33,18,120.4809875,22.4519310,3213155,0,1019665,0
10:26:36.210,86,45,33,18,120.4809875,22.4519310,3216651,0,1017532,0
10:26:36.362,86,45,32,17,120.4809875,22.4519634,3219375,0,1021748,0
10:26:36.412,86,45,32,17,120.4809875,22.4519634,3219375,0,1021748,0
10:26:36.513,87,46,32,17,120.4809875,22.4519634,3244268,0,1027145,0
10:26:36.611,87,44,32,17,120.4809875,22.4519634,3253499,0,1003630,0
10:26:36.743,87,44,32,17,120.4809875,22.4519958,3253499,0,1003630,0
10:26:36.810,87,45,32,17,120.4809875,22.4519958,3239143,0,1011160,0
10:26:36.908,87,44,32,17,120.4809875,22.4519958,3227014,0,1001820,0
10:26:37.007,87,45,32,17,120.4809875,22.4519958,3223311,0,1013270,0
10:26:37.118,87,45,32,17,120.4809875,22.4520264,3231541,0,1017771,0
10:26:37.200,87,45,32,17,120.4809875,22.4520264,3236345,0,1007685,0
10:26:37.313,87,46,32,17,120.4809875,22.4520264,3231258,0,1027687,0
10:26:37.411,87,45,31,17,120.4809875,22.4520493,3233641,0,1025947,0
10:26:37.510,86,46,31,17,120.4809875,22.4520493,3207913,0,1027614,0
10:26:37.608,86,45,31,17,120.4809875,22.4520493,3206977,0,1023095,0
10:26:37.777,87,45,31,17,120.4809723,22.4520741,3231952,0,1007436,0
10:26:37.812,87,45,31,17,120.4809723,22.4520741,3231952,0,1007436,0
10:26:37.913,87,45,31,17,120.4809723,22.4520741,3224217,0,1026244,0
10:26:38.012,87,46,31,17,120.4809723,22.4520741,3234503,0,1029488,0
10:26:38.138,87,46,30,16,120.4809723,22.4521046,3234503,0,1029488,0
10:26:38.205,87,45,30,16,120.4809723,22.4521046,3229920,0,1018630,0
10:26:38.302,87,45,30,16,120.4809723,22.4521046,3226269,0,1023424,0
10:26:38.432,87,46,30,18,120.4809723,22.4521255,3237574,0,1026752,0
10:26:38.500,87,46,30,18,120.4809723,22.4521255,3237574,0,1026752,0
10:26:38.613,87,45,30,18,120.4809723,22.4521255,3230265,0,1016629,0
10:26:38.741,87,45,29,18,120.4809723,22.4521484,3225391,0,1014618,0
10:26:38.806,87,45,29,18,120.4809723,22.4521484,3225391,0,1014618,0
10:26:38.913,87,45,29,18,120.4809723,22.4521484,3226353,0,1017839,0
10:26:39.011,87,45,29,18,120.4809723,22.4521484,3238726,0,1019151,0
10:26:39.152,87,45,29,18,120.4809723,22.4521770,3238726,0,1019151,0
10:26:39.201,87,45,29,18,120.4809723,22.4521770,3229505,0,1022307,0
10:26:39.300,87,45,29,18,120.4809723,22.4521770,3245746,0,1024352,0
10:26:39.415,87,45,29,18,120.4809723,22.4521770,3226516,0,1023781,0
10:26:39.543,87,45,28,18,120.4809723,22.4522057,3226516,0,1023781,0
10:26:39.610,87,45,28,18,120.4809723,22.4522057,3242899,0,1005604,0
10:26:39.707,87,45,28,18,120.4809723,22.4522057,3231885,0,1008476,0
10:26:39.807,87,45,28,18,120.4809723,22.4522057,3228855,0,1021904,0
10:26:39.923,87,45,28,18,120.4809723,22.4522343,3241357,0,1021938,0
10:26:40.007,87,44,28,18,120.4809723,22.4522343,3228534,0,998816,0
10:26:40.107,87,45,28,18,120.4809723,22.4522343,3236367,0,1012643,0
10:26:40.207,87,45,27,18,120.4809723,22.4522552,3236367,0,1012643,0
10:26:40.305,87,45,27,18,120.4809723,22.4522552,3234806,0,1018837,0
10:26:40.403,87,46,27,18,120.4809723,22.4522552,3245449,0,1035461,0
10:26:40.527,87,44,27,18,120.4809723,22.4522743,3246104,0,1003781,0
10:26:40.610,87,45,27,18,120.4809723,22.4522743,3244034,0,1024452,0
10:26:40.709,87,45,27,18,120.4809723,22.4522743,3243334,0,1026104,0
10:26:40.808,87,45,27,18,120.4809723,22.4522743,3250196,0,1017600,0
10:26:40.966,87,44,27,18,120.4809723,22.4523029,3223398,0,1005001,0
10:26:41.000,87,44,27,18,120.4809723,22.4523029,3223398,0,1005001,0
10:26:41.115,87,45,27,18,120.4809723,22.4523029,3223365,0,1018357,0
10:26:41.211,87,45,27,17,120.4809723,22.4523239,3240110,0,1013065,0
10:26:41.310,87,45,27,17,120.4809723,22.4523239,3234013,0,1019051,0
10:26:41.409,87,45,27,17,120.4809723,22.4523239,3229822,0,1016891,0
10:26:41.522,87,45,26,18,120.4809723,22.4523449,3229653,0,1017789,0
10:26:41.615,87,45,26,18,120.4809723,22.4523449,3234646,0,1015852,0
10:26:41.713,87,45,26,18,120.4809723,22.4523449,3231245,0,1015417,0
10:26:41.812,87,46,26,18,120.4809723,22.4523449,3237835,0,1031158,0
10:26:41.943,87,46,26,18,120.4809723,22.4523716,3246617,0,1033487,0
10:26:42.009,87,46,26,18,120.4809723,22.4523716,3246617,0,1033487,0
10:26:42.107,87,46,26,18,120.4809723,22.4523716,3238166,0,1032074,0
10:26:42.207,86,45,26,18,120.4809723,22.4523716,3219734,0,1025144,0
10:26:42.333,86,46,26,18,120.4809723,22.4523964,3203733,0,1028903,0
10:26:42.415,86,44,26,18,120.4809723,22.4523964,3202373,0,989418,0
10:26:42.513,86,44,26,18,120.4809723,22.4523964,3211100,0,984111,0
10:26:42.611,87,44,26,18,120.4809723,22.4523964,3231339,0,1004769,0
10:26:42.786,86,45,25,18,120.4809723,22.4524231,3211373,0,1015935,0
10:26:42.802,86,45,25,18,120.4809723,22.4524231,3211373,0,1015935,0
10:26:42.902,87,45,25,18,120.4809723,22.4524231,3226610,0,1009597,0
10:26:43.002,87,45,25,18,120.4809723,22.4524231,3224262,0,1017450,0
10:26:43.138,86,44,24,17,120.4809723,22.4524498,3216948,0,999760,0
10:26:43.203,87,45,24,17,120.4809723,22.4524498,3254020,0,1016458,0
10:26:43.302,88,45,24,17,120.4809723,22.4524498,3277284,0,1014684,0
10:26:43.402,89,45,24,17,120.4809723,22.4524498,3321225,0,1017117,0
10:26:43.573,89,45,25,17,120.4809570,22.4524727,3297884,0,1009142,0
10:26:43.606,89,46,25,17,120.4809570,22.4524727,3315309,0,1030031,0
10:26:43.707,89,44,25,17,120.4809570,22.4524727,3326618,0,994070,0
10:26:43.803,89,45,25,17,120.4809570,22.4524727,3324290,0,1006965,0
10:26:43.927,90,45,25,17,120.4809570,22.4525013,3334208,0,1007145,0
10:26:44.013,89,45,25,17,120.4809570,22.4525013,3316511,0,1006528,0
10:26:44.113,89,46,25,17,120.4809570,22.4525013,3314437,0,1030104,0
10:26:44.216,89,46,26,17,120.4809570,22.4525204,3314437,0,1030104,0
10:26:44.313,89,45,26,17,120.4809570,22.4525204,3327279,0,1013875,0
10:26:44.413,90,45,26,17,120.4809570,22.4525204,3329829,0,1012553,0
10:26:44.530,90,45,26,17,120.4809570,22.4525414,3329829,0,1012553,0
10:26:44.611,89,45,26,17,120.4809570,22.4525414,3323401,0,1011676,0
10:26:44.710,90,45,26,17,120.4809570,22.4525414,3361553,0,1019605,0
10:26:44.810,90,46,26,17,120.4809570,22.4525414,3345915,0,1027851,0
10:26:44.925,90,46,27,17,120.4809570,22.4525681,3345915,0,1027851,0
10:26:45.000,90,45,27,17,120.4809570,22.4525681,3346043,0,1021329,0
10:26:45.115,90,46,27,17,120.4809570,22.4525681,3351285,0,1043121,0
10:26:45.240,90,46,28,17,120.4809570,22.4525890,3363042,0,1033146,0
10:26:45.305,91,46,28,17,120.4809570,22.4525890,3393139,0,1033172,0
10:26:45.403,91,46,28,17,120.4809570,22.4525890,3401201,0,1028344,0
10:26:45.501,91,45,28,17,120.4809570,22.4525890,3394918,0,1014649,0
10:26:45.643,92,44,29,16,120.4809570,22.4526176,3419776,0,1003290,0
10:26:45.710,92,45,29,16,120.4809570,22.4526176,3424316,0,1010612,0
10:26:45.809,92,44,29,16,120.4809570,22.4526176,3438034,0,995275,0
10:26:45.908,92,44,29,16,120.4809570,22.4526176,3438626,0,1002492,0
10:26:46.052,93,45,31,16,120.4809570,22.4526501,3442259,0,1017742,0
10:26:46.101,93,45,31,16,120.4809570,22.4526501,3442259,0,1017742,0
10:26:46.215,92,45,31,16,120.4809570,22.4526501,3431056,0,1013403,0
10:26:46.339,92,45,33,16,120.4809570,22.4526730,3431056,0,1013403,0
10:26:46.405,91,45,33,16,120.4809570,22.4526730,3399731,0,1005504,0
10:26:46.503,91,44,33,16,120.4809570,22.4526730,3383010,0,997404,0
10:26:46.603,92,45,33,16,120.4809570,22.4526730,3404443,0,1020850,0
10:26:46.747,92,45,34,16,120.4809570,22.4527073,3408705,0,1018211,0
10:26:46.813,91,45,34,16,120.4809570,22.4527073,3390315,0,1025723,0
10:26:46.913,91,46,34,16,120.4809570,22.4527073,3385055,0,1030108,0
10:26:47.014,91,46,35,16,120.4809570,22.4527340,3385055,0,1030108,0
10:26:47.113,90,45,35,16,120.4809570,22.4527340,3354799,0,1006547,0
10:26:47.213,90,45,35,16,120.4809570,22.4527340,3351830,0,1020060,0
10:26:47.306,90,45,35,16,120.4809570,22.4527607,3351830,0,1020060,0
10:26:47.406,90,45,35,16,120.4809570,22.4527607,3347533,0,1023399,0
10:26:47.505,90,45,35,16,120.4809570,22.4527607,3344110,0,1023885,0
10:26:47.688,89,46,36,15,120.4809570,22.4527893,3311232,0,1027711,0
10:26:47.705,89,46,36,15,120.4809570,22.4527893,3311232,0,1027711,0
10:26:47.803,90,45,36,15,120.4809570,22.4527893,3330929,0,1020142,0
10:26:47.903,89,45,36,15,120.4809570,22.4527893,3317654,0,1022798,0
10:26:48.017,89,44,36,16,120.4809570,22.4528236,3300902,0,987055,0
10:26:48.100,89,44,36,16,120.4809570,22.4528236,3321267,0,998154,0
10:26:48.200,89,45,36,16,120.4809570,22.4528236,3324655,0,1019528,0
10:26:48.332,89,45,36,15,120.4809494,22.4528503,3313617,0,1019160,0
10:26:48.415,88,46,36,15,120.4809494,22.4528503,3288601,0,1026766,0
10:26:48.513,89,45,36,15,120.4809494,22.4528503,3304070,0,1020213,0
10:26:48.613,89,45,36,15,120.4809494,22.4528503,3310582,0,1025405,0
10:26:48.761,89,46,36,16,120.4809494,22.4528885,3304977,0,1030896,0
10:26:48.811,88,45,36,16,120.4809494,22.4528885,3284879,0,1023040,0
10:26:48.915,89,45,36,16,120.4809494,22.4528885,3296805,0,1024915,0
10:26:49.013,89,45,36,16,120.4809494,22.4528885,3300225,0,1025274,0
10:26:49.108,89,45,36,17,120.4809494,22.4529247,3300225,0,1025274,0
10:26:49.207,88,45,36,17,120.4809494,22.4529247,3288089,0,1015305,0
10:26:49.305,89,45,36,17,120.4809494,22.4529247,3304839,0,1008458,0
10:26:49.420,89,45,36,17,120.4809494,22.4529514,3304839,0,1008458,0
10:26:49.503,89,45,36,17,120.4809494,22.4529514,3308932,0,1017513,0
10:26:49.601,89,45,36,17,120.4809494,22.4529514,3296776,0,1014150,0
10:26:49.700,89,45,36,17,120.4809494,22.4529514,3305271,0,1008071,0
10:26:49.808,89,45,36,17,120.4809494,22.4529896,3305271,0,1008071,0
10:26:49.906,88,45,36,17,120.4809494,22.4529896,3279260,0,1008697,0
10:26:50.003,89,44,36,17,120.4809494,22.4529896,3300286,0,1002380,0
10:26:50.111,89,45,36,17,120.4809494,22.4530182,3321924,0,1026100,0
10:26:50.210,89,46,36,17,120.4809494,22.4530182,3303491,0,1029408,0
10:26:50.307,90,45,36,17,120.4809494,22.4530182,3345931,0,1020244,0
10:26:50.400,91,46,37,17,120.4809494,22.4530468,3391205,0,1031949,0
10:26:50.500,92,46,37,17,120.4809494,22.4530468,3404299,0,1038394,0
10:26:50.615,92,45,37,17,120.4809494,22.4530468,3431952,0,1022784,0
10:26:50.705,93,44,38,16,120.4809494,22.4530754,3457099,0,1004942,0
10:26:50.803,93,44,38,16,120.4809494,22.4530754,3444270,0,998456,0
10:26:50.913,95,45,38,16,120.4809494,22.4530754,3524912,0,1017564,0
10:26:51.019,95,45,40,17,120.4809494,22.4531040,3524912,0,1017564,0
10:26:51.100,96,47,40,17,120.4809494,22.4531040,3561952,0,1057595,0
10:26:51.213,95,46,40,17,120.4809494,22.4531040,3543087,0,1028264,0
10:26:51.305,95,46,42,17,120.4809494,22.4531364,3543087,0,1028264,0
10:26:51.403,96,46,42,17,120.4809494,22.4531364,3552436,0,1045283,0
10:26:51.501,96,45,42,17,120.4809494,22.4531364,3555054,0,1021416,0
10:26:51.614,95,46,45,18,120.4809494,22.4531689,3545867,0,1035880,0
10:26:51.713,96,48,45,18,120.4809494,22.4531689,3554302,0,1087871,0
10:26:51.813,97,45,45,18,120.4809494,22.4531689,3587926,0,1010316,0
10:26:51.913,97,45,48,18,120.4809494,22.4532051,3587926,0,1010316,0
10:26:52.012,99,45,48,18,120.4809494,22.4532051,3692401,0,1017404,0
10:26:52.112,100,46,48,18,120.4809494,22.4532051,3759559,0,1037161,0
10:26:52.203,100,46,51,18,120.4809494,22.4532433,3759559,0,1037161,0
10:26:52.303,100,46,51,18,120.4809494,22.4532433,3766008,0,1036732,0
10:26:52.403,100,44,51,18,120.4809494,22.4532433,3726503,0,1002960,0
10:26:52.561,100,44,56,18,120.4809494,22.4532852,3726503,0,1002960,0
10:26:52.611,100,47,56,18,120.4809494,22.4532852,3778251,0,1062862,0
10:26:52.710,100,48,56,18,120.4809494,22.4532852,3844749,0,1075825,0
10:26:52.807,100,48,61,18,120.4809341,22.4533272,3844749,0,1075825,0
10:26:52.905,100,45,61,18,120.4809341,22.4533272,3792219,0,1013314,0
10:26:53.072,100,47,67,17,120.4809341,22.4533768,3840771,0,1048957,0
10:26:53.105,100,47,67,17,120.4809341,22.4533768,3840771,0,1048957,0
10:26:53.202,100,44,67,17,120.4809341,22.4533768,3764381,0,999096,0
10:26:53.303,100,45,67,17,120.4809341,22.4533768,3779615,0,1025546,0
10:26:53.415,100,45,72,17,120.4809341,22.4534283,3779615,0,1025546,0
10:26:53.515,100,44,72,17,120.4809341,22.4534283,3829971,0,985070,0
10:26:53.613,100,45,72,17,120.4809341,22.4534283,3834986,0,1012764,0
10:26:53.711,100,47,77,17,120.4809341,22.4534855,3870578,0,1049189,0
10:26:53.810,100,44,77,17,120.4809341,22.4534855,3848800,0,992437,0
10:26:53.915,100,45,77,17,120.4809341,22.4534855,3919146,0,1020209,0
10:26:54.013,100,47,83,18,120.4809189,22.4535465,3840393,0,1049935,0
10:26:54.112,100,46,83,18,120.4809189,22.4535465,3881570,0,1035134,0
10:26:54.226,100,44,89,17,120.4809189,22.4536114,3883713,0,1002691,0
10:26:54.303,100,44,89,17,120.4809189,22.4536114,3883713,0,1002691,0
10:26:54.403,100,46,89,17,120.4809189,22.4536114,3907136,0,1027749,0
10:26:54.503,100,49,89,17,120.4809189,22.4536114,3859612,0,1109107,0
10:26:54.610,100,49,96,17,120.4809189,22.4536819,3859612,0,1109107,0
10:26:54.709,91,45,96,17,120.4809189,22.4536819,3400206,0,1012084,0
10:26:54.807,87,49,96,17,120.4809189,22.4536819,3228601,0,1108885,0
10:26:54.925,87,49,102,17,120.4809189,22.4537563,3228601,0,1108885,0
10:26:55.008,78,41,102,17,120.4809189,22.4537563,2918937,0,921662,0
10:26:55.106,82,45,102,17,120.4809189,22.4537563,3045521,0,1014248,0
10:26:55.217,80,46,100,18,120.4809113,22.4538345,2995758,0,1046310,0
10:26:55.301,81,47,100,18,120.4809113,22.4538345,3029010,0,1066082,0
10:26:55.400,81,48,100,18,120.4809113,22.4538345,3013843,0,1079882,0
10:26:55.508,76,49,97,18,120.4809113,22.4539070,2840707,0,1094366,0
10:26:55.607,73,49,97,18,120.4809113,22.4539070,2743510,0,1100171,0
10:26:55.705,69,54,97,18,120.4809113,22.4539070,2597185,0,1216266,0
10:26:55.803,62,59,97,18,120.4809113,22.4539070,2324350,0,1319755,0
10:26:55.915,53,66,93,18,120.4809113,22.4540024,1993606,0,1455996,0
10:26:56.010,53,66,93,18,120.4809113,22.4540024,1993606,0,1455996,0
10:26:56.108,44,81,93,18,120.4809113,22.4540024,1666319,0,1786172,0
10:26:56.223,44,81,87,18,120.4808960,22.4540730,1666319,0,1786172,0
10:26:56.305,52,70,87,18,120.4808960,22.4540730,1969137,0,1555169,0
10:26:56.403,74,64,87,18,120.4808960,22.4540730,2759515,0,1428344,0
10:26:56.503,78,57,87,18,120.4808960,22.4540730,2908530,0,1274169,0
10:26:56.650,78,57,78,18,120.4808960,22.4541550,2908530,0,1274169,0
10:26:56.715,77,53,78,18,120.4808960,22.4541550,2857569,0,1179754,0
10:26:56.807,67,58,78,18,120.4808960,22.4541550,2510995,0,1301836,0
10:26:56.905,52,65,78,18,120.4808960,22.4541550,1964446,0,1446213,0
10:26:57.015,50,74,75,17,120.4808960,22.4542313,1876580,0,1638490,0
10:26:57.113,53,73,75,17,120.4808960,22.4542313,2008404,0,1609577,0
10:26:57.213,65,62,75,17,120.4808960,22.4542313,2425605,0,1379051,0
10:26:57.307,75,56,69,17,120.4808960,22.4542866,2790284,0,1252989,0
10:26:57.406,78,55,69,17,120.4808960,22.4542866,2895882,0,1217467,0
10:26:57.505,78,53,69,17,120.4808960,22.4542866,2917600,0,1177436,0
10:26:57.623,79,51,65,17,120.4808807,22.4543362,2952398,0,1144517,0
10:26:57.713,79,51,65,17,120.4808807,22.4543362,2952398,0,1144517,0
10:26:57.811,80,50,65,17,120.4808807,22.4543362,2988441,0,1115755,0
10:26:57.910,80,51,65,17,120.4808807,22.4543362,2972646,0,1133679,0
10:26:58.035,80,51,61,17,120.4808807,22.4543991,2972646,0,1133679,0
10:26:58.103,79,45,61,17,120.4808807,22.4543991,2933759,0,1025621,0
10:26:58.203,80,47,61,17,120.4808807,22.4543991,2979953,0,1052104,0
10:26:58.302,80,47,59,17,120.4808807,22.4544449,2979953,0,1052104,0
10:26:58.403,80,46,59,17,120.4808807,22.4544449,2966158,0,1041281,0
10:26:58.502,80,46,59,17,120.4808807,22.4544449,2983948,0,1036645,0
10:26:58.622,80,46,57,17,120.4808807,22.4544888,2983948,0,1036645,0
10:26:58.703,80,47,57,17,120.4808807,22.4544888,2974711,0,1060703,0
10:26:58.802,78,43,57,17,120.4808807,22.4544888,2905605,0,982500,0
10:26:58.923,78,43,55,16,120.4808731,22.4545307,2905605,0,982500,0
10:26:59.012,77,44,55,16,120.4808731,22.4545307,2885669,0,994866,0
10:26:59.113,77,43,55,16,120.4808731,22.4545307,2866355,0,973394,0
10:26:59.227,77,42,53,16,120.4808731,22.4545727,2883256,0,947215,0
10:26:59.310,84,41,53,16,120.4808731,22.4545727,3142651,0,934966,0
10:26:59.407,89,42,53,16,120.4808731,22.4545727,3298153,0,952160,0
10:26:59.563,91,42,51,17,120.4808578,22.4546108,3375825,0,947607,0
10:26:59.612,91,42,51,17,120.4808578,22.4546108,3388900,0,944675,0
10:26:59.711,91,41,51,17,120.4808578,22.4546108,3373668,0,939057,0
10:26:59.810,91,42,51,17,120.4808578,22.4546108,3369876,0,944559,0
10:26:59.959,91,42,54,18,120.4808426,22.4546623,3377008,0,944055,0
10:27:00.007,91,42,54,18,120.4808426,22.4546623,3377008,0,944055,0
10:27:00.105,90,41,54,18,120.4808426,22.4546623,3362760,0,926866,0
10:27:00.206,90,40,56,17,120.4808197,22.4547005,3352689,0,915341,0
10:27:00.305,91,43,56,17,120.4808197,22.4547005,3378981,0,973096,0
10:27:00.403,91,42,56,17,120.4808197,22.4547005,3379402,0,950703,0
10:27:00.505,91,41,58,18,120.4807968,22.4547386,3371726,0,930731,0
10:27:00.603,93,42,58,18,120.4807968,22.4547386,3442708,0,951769,0
10:27:00.702,93,44,58,18,120.4807968,22.4547386,3473269,0,996060,0
10:27:00.803,94,44,58,18,120.4807968,22.4547386,3481519,0,1004216,0
10:27:00.988,93,43,61,18,120.4807663,22.4547901,3473730,0,982751,0
10:27:01.005,93,43,61,18,120.4807663,22.4547901,3473730,0,982751,0
10:27:01.103,94,46,61,18,120.4807663,22.4547901,3484404,0,1035002,0
10:27:01.202,93,46,61,18,120.4807663,22.4547901,3459290,0,1043377,0
10:27:01.341,93,46,63,18,120.4807281,22.4548397,3471542,0,1039382,0
10:27:01.407,93,46,63,18,120.4807281,22.4548397,3471542,0,1039382,0
10:27:01.507,90,47,63,18,120.4807281,22.4548397,3352933,0,1066191,0
10:27:01.606,88,47,63,18,120.4807281,22.4548397,3290764,0,1055070,0
10:27:01.751,87,46,65,18,120.4806747,22.4548931,3241264,0,1038057,0
10:27:01.801,87,46,65,18,120.4806747,22.4548931,3241264,0,1038057,0
10:27:01.900,88,47,65,18,120.4806747,22.4548931,3281341,0,1052106,0
10:27:02.015,88,47,65,18,120.4806747,22.4548931,3290119,0,1049927,0
10:27:02.135,88,47,64,18,120.4806366,22.4549446,3290119,0,1049927,0
10:27:02.201,88,47,64,18,120.4806366,22.4549446,3279956,0,1050512,0
10:27:02.300,86,45,64,18,120.4806366,22.4549446,3208774,0,1025123,0
10:27:02.440,86,45,64,18,120.4805984,22.4549847,3208835,0,1007783,0
10:27:02.506,87,47,64,18,120.4805984,22.4549847,3233689,0,1053131,0
10:27:02.606,87,47,64,18,120.4805984,22.4549847,3231695,0,1062815,0
10:27:02.707,86,47,64,18,120.4805984,22.4549847,3194796,0,1054055,0
10:27:02.862,84,47,64,18,120.4805603,22.4550343,3112247,0,1049272,0
10:27:02.913,83,48,64,18,120.4805603,22.4550343,3096483,0,1088632,0
10:27:03.012,83,50,64,18,120.4805603,22.4550343,3075562,0,1112144,0
10:27:03.113,82,49,64,18,120.4805603,22.4550343,3059741,0,1095176,0
10:27:03.255,83,48,62,18,120.4805222,22.4550858,3078276,0,1071521,0
10:27:03.304,87,48,62,18,120.4805222,22.4550858,3247678,0,1074048,0
10:27:03.403,88,47,62,18,120.4805222,22.4550858,3290765,0,1068580,0
10:27:03.501,91,48,62,18,120.4805222,22.4550858,3380797,0,1081516,0
10:27:03.665,91,49,61,18,120.4804840,22.4551353,3381319,0,1107377,0
10:27:03.715,89,46,61,18,120.4804840,22.4551353,3297051,0,1039560,0
10:27:03.813,88,46,61,18,120.4804840,22.4551353,3284458,0,1045060,0
10:27:03.902,90,46,61,18,120.4804840,22.4551353,3330351,0,1047358,0
10:27:04.036,90,48,62,18,120.4804459,22.4551868,3335704,0,1069330,0
10:27:04.102,90,48,62,18,120.4804459,22.4551868,3335704,0,1069330,0
10:27:04.203,89,48,62,18,120.4804459,22.4551868,3302528,0,1075241,0
10:27:04.301,89,48,62,18,120.4804459,22.4551868,3307086,0,1069760,0
10:27:04.431,89,48,62,18,120.4804077,22.4552383,3307086,0,1069760,0
10:27:04.512,90,48,62,18,120.4804077,22.4552383,3359206,0,1084895,0
10:27:04.611,90,48,62,18,120.4804077,22.4552383,3329964,0,1076223,0
10:27:04.710,89,48,62,18,120.4804077,22.4552383,3305329,0,1073356,0
10:27:04.838,89,48,62,18,120.4803696,22.4552917,3305329,0,1073356,0
10:27:04.903,89,48,62,18,120.4803696,22.4552917,3302004,0,1069071,0
10:27:05.003,89,48,62,18,120.4803696,22.4552917,3295462,0,1076643,0
10:27:05.123,87,47,62,18,120.4803467,22.4553318,3235604,0,1056205,0
10:27:05.207,86,46,62,18,120.4803467,22.4553318,3196861,0,1042941,0
10:27:05.307,86,46,62,18,120.4803467,22.4553318,3204172,0,1038171,0
10:27:05.411,86,45,62,18,120.4803238,22.4553719,3183919,0,1013546,0
10:27:05.513,85,45,62,18,120.4803238,22.4553719,3175598,0,1013248,0
10:27:05.613,84,44,62,18,120.4803238,22.4553719,3141854,0,998477,0
10:27:05.713,84,44,62,18,120.4803238,22.4553719,3137382,0,994131,0
10:27:05.804,84,44,61,18,120.4802933,22.4554272,3137382,0,994131,0
10:27:05.903,83,44,61,18,120.4802933,22.4554272,3108977,0,987991,0
10:27:06.001,83,44,61,18,120.4802933,22.4554272,3085323,0,990152,0
10:27:06.133,83,44,60,18,120.4802704,22.4554691,3085323,0,990152,0
10:27:06.213,82,43,60,18,120.4802704,22.4554691,3063837,0,974949,0
10:27:06.312,81,41,60,18,120.4802704,22.4554691,3023695,0,928645,0
10:27:06.411,82,42,60,18,120.4802704,22.4554691,3039068,0,952112,0
10:27:06.561,82,42,59,18,120.4802551,22.4555264,3039068,0,952112,0
10:27:06.611,82,43,59,18,120.4802551,22.4555264,3047984,0,977703,0
10:27:06.710,81,43,59,18,120.4802551,22.4555264,3028529,0,979148,0
10:27:06.810,81,43,59,18,120.4802551,22.4555264,3014366,0,969181,0
10:27:06.941,82,42,58,18,120.4802399,22.4555836,3042346,0,960857,0
10:27:07.007,83,43,58,18,120.4802399,22.4555836,3075537,0,970749,0
10:27:07.106,82,42,58,18,120.4802399,22.4555836,3067547,0,957611,0
10:27:07.204,83,41,58,18,120.4802399,22.4555836,3081089,0,930095,0
10:27:07.310,84,42,57,18,120.4802322,22.4556408,3112847,0,948372,0
10:27:07.409,85,43,57,18,120.4802322,22.4556408,3156612,0,982141,0
10:27:07.507,85,44,57,18,120.4802322,22.4556408,3171057,0,988896,0
10:27:07.691,86,45,58,18,120.4802322,22.4556866,3198928,0,1007973,0
10:27:07.707,86,45,58,18,120.4802322,22.4556866,3198928,0,1007973,0
10:27:07.806,85,45,58,18,120.4802322,22.4556866,3169097,0,1016610,0
10:27:07.906,84,45,58,18,120.4802322,22.4556866,3134862,0,1021629,0
10:27:08.067,84,45,57,18,120.4802399,22.4557438,3134862,0,1021629,0
10:27:08.100,85,45,57,18,120.4802399,22.4557438,3167594,0,1021551,0
10:27:08.215,86,46,57,18,120.4802399,22.4557438,3210624,0,1033363,0
10:27:08.332,87,47,57,18,120.4802399,22.4557877,3241884,0,1057383,0
10:27:08.413,87,46,57,18,120.4802399,22.4557877,3248441,0,1046459,0
10:27:08.512,87,46,57,18,120.4802399,22.4557877,3221200,0,1045903,0
10:27:08.611,87,46,57,18,120.4802399,22.4557877,3237477,0,1036425,0
10:27:08.744,87,46,57,18,120.4802551,22.4558449,3248773,0,1039628,0
10:27:08.802,87,47,57,18,120.4802551,22.4558449,3235162,0,1063761,0
10:27:08.908,86,47,57,18,120.4802551,22.4558449,3219198,0,1056197,0
10:27:09.006,86,47,57,18,120.4802551,22.4558449,3195908,0,1065917,0
10:27:09.151,85,47,56,18,120.4802704,22.4559002,3159009,0,1060621,0
10:27:09.201,85,47,56,18,120.4802704,22.4559002,3159009,0,1060621,0
10:27:09.300,83,45,56,18,120.4802704,22.4559002,3100994,0,1013328,0
10:27:09.426,84,46,55,18,120.4802780,22.4559422,3112672,0,1027585,0
10:27:09.511,83,46,55,18,120.4802780,22.4559422,3105147,0,1038653,0
10:27:09.610,83,45,55,18,120.4802780,22.4559422,3106715,0,1022459,0
10:27:09.708,82,44,55,18,120.4802780,22.4559422,3064154,0,990958,0
10:27:09.823,82,44,54,18,120.4802933,22.4559956,3064154,0,990958,0
10:27:09.906,83,45,54,18,120.4802933,22.4559956,3104054,0,1011544,0
10:27:10.006,83,45,54,18,120.4802933,22.4559956,3102751,0,1008585,0
10:27:10.108,83,44,53,18,120.4803238,22.4560318,3103937,0,999542,0
10:27:10.206,82,44,53,18,120.4803238,22.4560318,3038618,0,992322,0
10:27:10.306,82,43,53,18,120.4803238,22.4560318,3039408,0,968465,0
10:27:10.427,82,44,53,18,120.4803314,22.4560680,3066801,0,993858,0
10:27:10.510,83,44,53,18,120.4803314,22.4560680,3083744,0,1000699,0
10:27:10.610,84,45,53,18,120.4803314,22.4560680,3112251,0,1013098,0
10:27:10.710,84,44,53,18,120.4803314,22.4560680,3124057,0,1002436,0
10:27:10.846,84,44,52,18,120.4803619,22.4561157,3119330,0,993844,0
10:27:10.913,85,44,52,18,120.4803619,22.4561157,3148054,0,995933,0
10:27:11.012,84,44,52,18,120.4803619,22.4561157,3145685,0,988767,0
10:27:11.111,85,43,52,18,120.4803619,22.4561157,3147442,0,981487,0
10:27:11.248,85,45,52,18,120.4804001,22.4561577,3168333,0,1008639,0
10:27:11.313,85,45,52,18,120.4804001,22.4561577,3168333,0,1008639,0
10:27:11.413,85,45,52,18,120.4804001,22.4561577,3151528,0,1024326,0
10:27:11.513,85,45,52,18,120.4804001,22.4561577,3181852,0,1019764,0
10:27:11.685,85,45,52,18,120.4804382,22.4561977,3177302,0,1011150,0
10:27:11.702,85,45,52,18,120.4804382,22.4561977,3177302,0,1011150,0
10:27:11.802,85,44,52,18,120.4804382,22.4561977,3159200,0,999879,0
10:27:11.902,85,44,52,18,120.4804382,22.4561977,3168172,0,989117,0
10:27:12.051,85,44,52,18,120.4804764,22.4562359,3173449,0,996627,0
10:27:12.101,87,47,52,18,120.4804764,22.4562359,3222915,0,1056163,0
10:27:12.215,87,47,52,18,120.4804764,22.4562359,3239937,0,1061217,0
10:27:12.313,87,46,52,18,120.4804764,22.4562359,3235191,0,1043269,0
10:27:12.410,87,47,52,18,120.4805222,22.4562683,3240972,0,1051471,0
10:27:12.510,86,49,52,18,120.4805222,22.4562683,3217365,0,1095064,0
10:27:12.610,84,48,52,18,120.4805222,22.4562683,3144575,0,1077317,0
10:27:12.745,81,45,52,18,120.4805527,22.4562931,3012694,0,1018118,0
10:27:12.811,81,44,52,18,120.4805527,22.4562931,3034047,0,985975,0
10:27:12.910,82,47,52,18,120.4805527,22.4562931,3039458,0,1058197,0
10:27:13.008,81,46,52,18,120.4805527,22.4562931,3036056,0,1039692,0
10:27:13.147,80,45,50,18,120.4805984,22.4563236,2986118,0,1012132,0
10:27:13.212,79,42,50,18,120.4805984,22.4563236,2961380,0,955868,0
10:27:13.312,80,43,50,18,120.4805984,22.4563236,2969961,0,975252,0
10:27:13.412,80,43,50,18,120.4805984,22.4563236,2967065,0,982546,0
10:27:13.561,79,43,48,18,120.4806519,22.4563465,2959018,0,969025,0
10:27:13.610,79,43,48,18,120.4806519,22.4563465,2959018,0,969025,0
10:27:13.707,83,43,48,18,120.4806519,22.4563465,3085243,0,970237,0
10:27:13.805,84,43,48,18,120.4806519,22.4563465,3134724,0,967276,0
10:27:13.918,84,43,46,18,120.4807053,22.4563656,3134724,0,967276,0
10:27:14.006,85,43,46,18,120.4807053,22.4563656,3177003,0,975794,0
10:27:14.106,87,44,46,18,120.4807053,22.4563656,3232824,0,987864,0
10:27:14.243,88,45,47,18,120.4807434,22.4563770,3270905,0,1011002,0
10:27:14.308,89,46,47,18,120.4807434,22.4563770,3322291,0,1045956,0
10:27:14.406,90,44,47,18,120.4807434,22.4563770,3330773,0,987891,0
10:27:14.506,91,43,47,18,120.4807434,22.4563770,3369640,0,966393,0
10:27:14.678,92,43,49,18,120.4807968,22.4563866,3418516,0,980145,0
10:27:14.702,92,43,49,18,120.4807968,22.4563866,3418516,0,980145,0
10:27:14.801,93,44,49,18,120.4807968,22.4563866,3471669,0,995655,0
10:27:14.900,94,44,49,18,120.4807968,22.4563866,3494612,0,986450,0
10:27:15.046,95,43,53,18,120.4808426,22.4563923,3529084,0,982709,0
10:27:15.111,95,43,53,18,120.4808426,22.4563923,3529084,0,982709,0
10:27:15.210,97,43,53,18,120.4808426,22.4563923,3610234,0,978534,0
10:27:15.310,99,43,53,18,120.4808426,22.4563923,3672435,0,978565,0
10:27:15.483,100,44,58,18,120.4809113,22.4563923,3733857,0,991654,0
10:27:15.500,100,44,58,18,120.4809113,22.4563923,3733857,0,991654,0
10:27:15.600,100,45,58,18,120.4809113,22.4563923,3765365,0,1010385,0
10:27:15.700,100,44,58,18,120.4809113,22.4563923,3780498,0,987211,0
10:27:15.837,100,44,65,18,120.4809723,22.4563866,3818739,0,994368,0
10:27:15.903,100,44,65,18,120.4809723,22.4563866,3790965,0,997248,0
10:27:16.002,100,44,65,18,120.4809723,22.4563866,3816928,0,993811,0
10:27:16.103,100,43,65,18,120.4809723,22.4563866,3795407,0,974925,0
10:27:16.264,100,44,73,18,120.4810486,22.4563770,3813430,0,990660,0
10:27:16.313,100,45,73,18,120.4810486,22.4563770,3859890,0,1010093,0
10:27:16.413,100,50,73,18,120.4810486,22.4563770,3816159,0,1125535,0
10:27:16.511,100,40,73,18,120.4810486,22.4563770,3773523,0,908887,0
10:27:16.681,100,38,80,18,120.4811401,22.4563618,3735465,0,875146,0
10:27:16.715,100,44,80,18,120.4811401,22.4563618,3844443,0,992962,0
10:27:16.800,100,45,80,18,120.4811401,22.4563618,3846959,0,1007912,0
10:27:16.900,100,47,80,18,120.4811401,22.4563618,3868626,0,1065679,0
10:27:17.048,100,46,88,18,120.4812317,22.4563408,3830450,0,1026737,0
10:27:17.113,100,46,88,18,120.4812317,22.4563408,3830450,0,1026737,0
10:27:17.213,100,46,88,18,120.4812317,22.4563408,3873933,0,1031635,0
10:27:17.313,100,45,88,18,120.4812317,22.4563408,3866584,0,1025034,0
10:27:17.471,100,45,98,18,120.4813156,22.4563160,4000781,0,1022851,0
10:27:17.505,100,45,98,18,120.4813156,22.4563160,4000781,0,1022851,0
10:27:17.603,100,47,98,18,120.4813156,22.4563160,3913849,0,1067613,0
10:27:17.703,100,45,98,18,120.4813156,22.4563160,3777311,0,1015905,0
10:27:17.866,100,45,108,18,120.4814301,22.4562836,3777311,0,1015905,0
10:27:17.915,100,45,108,18,120.4814301,22.4562836,3818460,0,1007080,0
10:27:18.015,100,45,108,18,120.4814301,22.4562836,3900373,0,1022982,0
10:27:18.113,100,46,108,18,120.4814301,22.4562836,3877980,0,1037680,0
10:27:18.244,100,45,115,18,120.4815521,22.4562473,3912261,0,1025762,0
10:27:18.310,100,44,115,18,120.4815521,22.4562473,3864864,0,1002476,0
10:27:18.410,100,48,115,18,120.4815521,22.4562473,3998480,0,1068915,0
10:27:18.510,100,47,115,18,120.4815521,22.4562473,3879712,0,1055567,0
10:27:18.659,100,44,124,18,120.4816666,22.4562092,3905421,0,987851,0
10:27:18.707,100,46,124,18,120.4816666,22.4562092,3973138,0,1040982,0
10:27:18.806,100,47,124,18,120.4816666,22.4562092,3978269,0,1064271,0
10:27:18.910,100,46,124,18,120.4816666,22.4562092,3907297,0,1029446,0
10:27:19.021,100,46,133,18,120.4817886,22.4561672,3907297,0,1029446,0
10:27:19.103,100,44,133,18,120.4817886,22.4561672,3974915,0,993741,0
10:27:19.203,100,46,133,18,120.4817886,22.4561672,3866280,0,1028094,0
10:27:19.307,100,46,140,18,120.4819107,22.4561348,3866280,0,1028094,0
10:27:19.406,100,43,140,18,120.4819107,22.4561348,3868832,0,967165,0
10:27:19.507,100,48,140,18,120.4819107,22.4561348,3945781,0,1078138,0
10:27:19.634,100,48,146,18,120.4820099,22.4560986,3945781,0,1078138,0
10:27:19.700,100,46,146,18,120.4820099,22.4560986,3940275,0,1026652,0
10:27:19.800,100,45,146,18,120.4820099,22.4560986,3825816,0,1017904,0
10:27:19.900,100,45,146,18,120.4820099,22.4560986,3755894,0,1008035,0
10:27:20.031,93,45,155,17,120.4821625,22.4560509,3445355,0,1024054,0
10:27:20.113,81,45,155,17,120.4821625,22.4560509,3009956,0,1020545,0
10:27:20.211,81,49,155,17,120.4821625,22.4560509,3021559,0,1105519,0
10:27:20.305,81,49,156,18,120.4822922,22.4560146,3021559,0,1105519,0
10:27:20.403,48,76,156,18,120.4822922,22.4560146,1802044,0,1682534,0
10:27:20.501,39,82,156,18,120.4822922,22.4560146,1500864,0,1807012,0
10:27:20.616,39,82,153,18,120.4824066,22.4559784,1500864,0,1807012,0
10:27:20.713,37,88,153,18,120.4824066,22.4559784,1426553,0,1921512,0
10:27:20.813,36,86,153,18,120.4824066,22.4559784,1384169,0,1885742,0
10:27:20.912,36,89,153,18,120.4824066,22.4559784,1362492,0,1952004,0
10:27:21.072,33,87,140,18,120.4825592,22.4559326,1273194,0,1914451,0
10:27:21.106,33,87,140,18,120.4825592,22.4559326,1273194,0,1914451,0
10:27:21.205,34,86,140,18,120.4825592,22.4559326,1297459,0,1876290,0
10:27:21.302,41,81,140,18,120.4825592,22.4559326,1547394,0,1772774,0
10:27:21.421,41,81,127,18,120.4826889,22.4558907,1547394,0,1772774,0
10:27:21.503,46,78,127,18,120.4826889,22.4558907,1728869,0,1717555,0
10:27:21.602,48,78,127,18,120.4826889,22.4558907,1823694,0,1710051,0
10:27:21.750,49,78,119,18,120.4827881,22.4558620,1850834,0,1706057,0
10:27:21.800,50,78,119,18,120.4827881,22.4558620,1892272,0,1724745,0
10:27:21.900,50,77,119,18,120.4827881,22.4558620,1902474,0,1701944,0
10:27:22.021,50,77,113,18,120.4828796,22.4558353,1902474,0,1701944,0
10:27:22.103,52,76,113,18,120.4828796,22.4558353,1963432,0,1681724,0
10:27:22.201,54,75,113,18,120.4828796,22.4558353,2026393,0,1655287,0
10:27:22.322,54,75,107,18,120.4829559,22.4558086,2026393,0,1655287,0
10:27:22.404,55,72,107,18,120.4829559,22.4558086,2071112,0,1580570,0
10:27:22.503,58,71,107,18,120.4829559,22.4558086,2170934,0,1565532,0
10:27:22.636,58,69,101,18,120.4830475,22.4557819,2173254,0,1529323,0
10:27:22.702,59,67,101,18,120.4830475,22.4557819,2232062,0,1490351,0
10:27:22.802,61,67,101,18,120.4830475,22.4557819,2282315,0,1472900,0
10:27:22.901,62,66,101,18,120.4830475,22.4557819,2339013,0,1462733,0
10:27:23.027,63,64,94,18,120.4831390,22.4557495,2356565,0,1421486,0
10:27:23.110,66,60,94,18,120.4831390,22.4557495,2485303,0,1327541,0
10:27:23.208,68,57,94,18,120.4831390,22.4557495,2534642,0,1278571,0
10:27:23.322,69,55,90,18,120.4832153,22.4557247,2577566,0,1226302,0
10:27:23.406,71,52,90,18,120.4832153,22.4557247,2638888,0,1170774,0
10:27:23.506,71,49,90,18,120.4832153,22.4557247,2660013,0,1091387,0
10:27:23.605,72,48,90,18,120.4832153,22.4557247,2696089,0,1070335,0
10:27:23.756,72,45,85,18,120.4832993,22.4556904,2685901,0,1009956,0
10:27:23.806,72,45,85,18,120.4832993,22.4556904,2685901,0,1009956,0
10:27:23.912,74,45,85,18,120.4832993,22.4556904,2766227,0,1010706,0
10:27:24.012,76,43,85,18,120.4832993,22.4556904,2847840,0,964979,0
10:27:24.121,76,43,81,18,120.4833755,22.4556503,2847840,0,964979,0
10:27:24.202,81,43,81,18,120.4833755,22.4556503,3027418,0,981289,0
10:27:24.301,83,42,81,18,120.4833755,22.4556503,3099764,0,945789,0
10:27:24.401,83,41,80,18,120.4834290,22.4556198,3106053,0,923883,0
10:27:24.512,85,40,80,18,120.4834290,22.4556198,3147845,0,915487,0
10:27:24.612,84,40,80,18,120.4834290,22.4556198,3114987,0,901248,0
10:27:24.717,83,38,81,18,120.4834824,22.4555836,3102843,0,859871,0
10:27:24.800,84,38,81,18,120.4834824,22.4555836,3133204,0,869425,0
10:27:24.915,85,39,81,18,120.4834824,22.4555836,3181447,0,886446,0
10:27:25.031,85,39,81,18,120.4835358,22.4555454,3181447,0,886446,0
10:27:25.112,85,39,81,18,120.4835358,22.4555454,3159223,0,894159,0
10:27:25.212,83,38,81,18,120.4835358,22.4555454,3088476,0,876670,0
10:27:25.313,83,38,82,18,120.4835815,22.4555016,3088476,0,876670,0
10:27:25.411,82,37,82,18,120.4835815,22.4555016,3046489,0,856604,0
10:27:25.510,82,38,82,18,120.4835815,22.4555016,3046765,0,875174,0
10:27:25.601,82,38,82,18,120.4836349,22.4554558,3038862,0,864776,0
10:27:25.700,80,37,82,18,120.4836349,22.4554558,2974610,0,838895,0
10:27:25.815,79,35,82,18,120.4836349,22.4554558,2932085,0,801038,0
10:27:25.908,79,36,82,18,120.4836731,22.4554081,2951394,0,826858,0
10:27:26.003,76,34,82,18,120.4836731,22.4554081,2840259,0,782449,0
10:27:26.102,75,37,82,18,120.4836731,22.4554081,2783062,0,843762,0
10:27:26.207,75,37,82,18,120.4837112,22.4553547,2783062,0,843762,0
10:27:26.305,71,36,82,18,120.4837112,22.4553547,2668723,0,821751,0
10:27:26.403,73,37,82,18,120.4837112,22.4553547,2742086,0,844344,0
10:27:26.520,73,37,80,18,120.4837341,22.4553032,2742086,0,844344,0
10:27:26.603,76,37,80,18,120.4837341,22.4553032,2823330,0,845574,0
10:27:26.703,77,37,80,18,120.4837341,22.4553032,2876969,0,847900,0
10:27:26.812,76,36,78,18,120.4837723,22.4552479,2851920,0,825301,0
10:27:26.911,77,35,78,18,120.4837723,22.4552479,2856571,0,805035,0
10:27:27.008,77,38,78,18,120.4837723,22.4552479,2887535,0,861286,0
10:27:27.105,76,36,77,18,120.4837875,22.4551945,2830774,0,823279,0
10:27:27.203,76,35,77,18,120.4837875,22.4551945,2818714,0,800990,0
10:27:27.303,77,37,77,18,120.4837875,22.4551945,2887533,0,840704,0
10:27:27.411,77,37,76,18,120.4838028,22.4551353,2885478,0,840954,0
10:27:27.508,75,36,76,18,120.4838028,22.4551353,2805275,0,821227,0
10:27:27.606,74,35,76,18,120.4838028,22.4551353,2751421,0,810295,0
10:27:27.732,74,35,76,18,120.4838181,22.4550781,2751421,0,810295,0
10:27:27.815,75,35,76,18,120.4838181,22.4550781,2784883,0,810482,0
10:27:27.912,77,36,76,18,120.4838181,22.4550781,2886648,0,816362,0
10:27:28.013,77,36,74,18,120.4838257,22.4550228,2886648,0,816362,0
10:27:28.112,76,35,74,18,120.4838257,22.4550228,2854232,0,803856,0
10:27:28.212,76,34,74,18,120.4838257,22.4550228,2849950,0,784030,0
10:27:28.312,77,34,74,18,120.4838181,22.4549656,2879104,0,788508,0
10:27:28.411,78,34,74,18,120.4838181,22.4549656,2924018,0,792396,0
10:27:28.508,79,35,74,18,120.4838181,22.4549656,2933574,0,809091,0
10:27:28.624,79,34,73,18,120.4838181,22.4549084,2939946,0,784464,0
10:27:28.706,80,35,73,18,120.4838181,22.4549084,2979743,0,810068,0
10:27:28.806,80,36,73,18,120.4838181,22.4549084,2995307,0,822826,0
10:27:28.913,80,36,73,18,120.4838028,22.4548569,2995307,0,822826,0
10:27:29.012,80,36,73,18,120.4838028,22.4548569,2984129,0,822084,0
10:27:29.112,80,35,73,18,120.4838028,22.4548569,2978963,0,811741,0
10:27:29.206,80,35,73,18,120.4837723,22.4548035,2978963,0,811741,0
10:27:29.303,79,37,73,18,120.4837723,22.4548035,2935023,0,835465,0
10:27:29.402,77,32,73,18,120.4837723,22.4548035,2864221,0,747776,0
10:27:29.535,78,32,73,18,120.4837646,22.4547520,2913228,0,748853,0
10:27:29.601,81,34,73,18,120.4837646,22.4547520,3022654,0,786199,0
10:27:29.700,83,34,73,18,120.4837646,22.4547520,3074412,0,782853,0
10:27:29.800,82,34,73,18,120.4837646,22.4547520,3043523,0,774423,0
10:27:29.931,84,35,74,18,120.4837265,22.4546871,3113490,0,812262,0
10:27:30.013,81,33,74,18,120.4837265,22.4546871,3016188,0,771487,0
10:27:30.111,80,33,74,18,120.4837265,22.4546871,2996431,0,751038,0
10:27:30.211,81,34,74,18,120.4836884,22.4546394,3011491,0,778181,0
10:27:30.308,82,35,74,18,120.4836884,22.4546394,3052143,0,804914,0
10:27:30.406,81,34,74,18,120.4836884,22.4546394,3013328,0,777670,0
10:27:30.506,81,34,75,18,120.4836349,22.4545975,3013328,0,777670,0
10:27:30.603,79,31,75,18,120.4836349,22.4545975,2949365,0,716424,0
10:27:30.702,80,31,75,18,120.4836349,22.4545975,2981991,0,728968,0
10:27:30.813,80,31,76,18,120.4835968,22.4545593,2981991,0,728968,0
10:27:30.912,84,33,76,18,120.4835968,22.4545593,3115355,0,761322,0
10:27:31.013,85,36,76,18,120.4835968,22.4545593,3175038,0,829370,0
10:27:31.118,85,36,77,18,120.4835434,22.4545250,3175038,0,829370,0
10:27:31.200,85,34,77,18,120.4835434,22.4545250,3177763,0,781174,0
10:27:31.315,84,34,77,18,120.4835434,22.4545250,3124182,0,781017,0
10:27:31.421,84,29,78,18,120.4834976,22.4544926,3126141,0,670506,0
10:27:31.503,91,34,78,18,120.4834976,22.4544926,3396961,0,788818,0
10:27:31.602,93,39,78,18,120.4834976,22.4544926,3439394,0,879414,0
10:27:31.702,92,37,78,18,120.4834976,22.4544926,3414314,0,836084,0
10:27:31.826,91,35,81,18,120.4834213,22.4544582,3393213,0,806751,0
10:27:31.908,94,41,81,18,120.4834213,22.4544582,3502238,0,927369,0
10:27:32.006,93,40,81,18,120.4834213,22.4544582,3450736,0,906764,0
10:27:32.105,93,40,84,18,120.4833527,22.4544353,3450736,0,906764,0
10:27:32.203,96,41,84,18,120.4833527,22.4544353,3550341,0,929103,0
10:27:32.303,94,41,84,18,120.4833527,22.4544353,3485451,0,930039,0
10:27:32.410,91,41,86,18,120.4832916,22.4544163,3388515,0,923101,0
10:27:32.508,92,43,86,18,120.4832916,22.4544163,3402656,0,973723,0
10:27:32.615,93,43,86,18,120.4832916,22.4544163,3470769,0,981601,0
10:27:32.757,93,43,88,18,120.4832153,22.4543991,3470769,0,981601,0
10:27:32.807,92,81,88,18,120.4832153,22.4543991,3414985,0,1769654,0
10:27:32.906,93,42,88,18,120.4832153,22.4543991,3464769,0,942177,0
10:27:33.015,94,43,89,18,120.4831467,22.4543858,3485876,0,965044,0
10:27:33.115,95,41,89,18,120.4831467,22.4543858,3513767,0,929500,0
10:27:33.275,95,43,91,18,120.4830704,22.4543724,3541504,0,981299,0
10:27:33.308,95,43,91,18,120.4830704,22.4543724,3541504,0,981299,0
10:27:33.406,93,44,91,18,120.4830704,22.4543724,3442294,0,1000559,0
10:27:33.505,91,43,91,18,120.4830704,22.4543724,3371096,0,982221,0
10:27:33.628,90,44,94,18,120.4829941,22.4543629,3361260,0,989751,0
10:27:33.710,90,47,94,18,120.4829941,22.4543629,3360070,0,1049531,0
10:27:33.808,86,48,94,18,120.4829941,22.4543629,3187628,0,1087963,0
10:27:33.912,80,47,94,18,120.4829941,22.4543629,3000668,0,1065813,0
10:27:34.025,80,47,94,18,120.4828949,22.4543533,3000668,0,1065813,0
10:27:34.107,79,46,94,18,120.4828949,22.4543533,2960749,0,1035003,0
10:27:34.205,78,45,94,18,120.4828949,22.4543533,2905817,0,1025620,0
10:27:34.323,78,45,92,18,120.4828186,22.4543495,2905817,0,1025620,0
10:27:34.406,75,42,92,18,120.4828186,22.4543495,2803911,0,946808,0
10:27:34.503,74,39,92,18,120.4828186,22.4543495,2765135,0,883454,0
10:27:34.637,74,39,89,18,120.4827499,22.4543457,2774439,0,884631,0
10:27:34.702,77,40,89,18,120.4827499,22.4543457,2864570,0,906389,0
10:27:34.802,77,38,89,18,120.4827499,22.4543457,2856504,0,861922,0
10:27:34.901,76,36,89,18,120.4827499,22.4543457,2820646,0,825111,0
10:27:35.045,76,33,86,18,120.4826508,22.4543495,2824636,0,771149,0
10:27:35.110,76,35,86,18,120.4826508,22.4543495,2854433,0,795750,0
10:27:35.208,77,34,86,18,120.4826508,22.4543495,2885696,0,779171,0
10:27:35.301,79,35,85,18,120.4825821,22.4543591,2963427,0,810639,0
10:27:35.400,84,36,85,18,120.4825821,22.4543591,3122283,0,826185,0
10:27:35.515,85,37,85,18,120.4825821,22.4543591,3155658,0,856583,0
10:27:35.651,81,33,85,18,120.4825058,22.4543705,3029096,0,763560,0
10:27:35.700,81,33,85,18,120.4825058,22.4543705,3029096,0,763560,0
10:27:35.815,84,37,85,18,120.4825058,22.4543705,3136069,0,848052,0
10:27:35.913,78,28,85,18,120.4825058,22.4543705,2924177,0,664818,0
10:27:36.003,78,28,85,16,120.4824219,22.4543953,2924177,0,664818,0
10:27:36.100,84,32,85,16,120.4824219,22.4543953,3127818,0,745366,0
10:27:36.200,87,41,85,16,120.4824219,22.4543953,3251814,0,921479,0
10:27:36.362,87,41,85,16,120.4823685,22.4544201,3251814,0,921479,0
10:27:36.412,87,39,85,16,120.4823685,22.4544201,3220423,0,884358,0
10:27:36.512,87,37,85,16,120.4823685,22.4544201,3236494,0,856149,0
10:27:36.621,86,37,86,16,120.4823074,22.4544487,3214185,0,856615,0
10:27:36.703,86,34,86,16,120.4823074,22.4544487,3198507,0,781845,0
10:27:36.802,88,35,86,16,120.4823074,22.4544487,3276017,0,810658,0
10:27:36.901,93,39,86,16,120.4823074,22.4544487,3459063,0,888109,0
10:27:37.045,92,44,88,16,120.4822159,22.4544945,3434282,0,989962,0
10:27:37.110,83,26,88,16,120.4822159,22.4544945,3097228,0,611637,0
10:27:37.208,90,31,88,16,120.4822159,22.4544945,3355949,0,718305,0
10:27:37.306,94,45,88,16,120.4822159,22.4544945,3485193,0,1023392,0
10:27:37.428,87,50,91,16,120.4821396,22.4545479,3247457,0,1131326,0
10:27:37.510,79,45,91,16,120.4821396,22.4545479,2945427,0,1023832,0
10:27:37.608,81,46,91,16,120.4821396,22.4545479,3010178,0,1047170,0
10:27:37.741,80,49,90,16,120.4820862,22.4545918,2980211,0,1107113,0
10:27:37.807,80,49,90,16,120.4820862,22.4545918,2980211,0,1107113,0
10:27:37.906,60,62,90,16,120.4820862,22.4545918,2261658,0,1375797,0
10:27:38.005,58,66,90,16,120.4820862,22.4545918,2196272,0,1462250,0
10:27:38.137,59,70,87,17,120.4820099,22.4546547,2201061,0,1540043,0
10:27:38.203,59,70,87,17,120.4820099,22.4546547,2201061,0,1540043,0
10:27:38.301,59,71,87,17,120.4820099,22.4546547,2212255,0,1575023,0
10:27:38.400,58,69,87,17,120.4820099,22.4546547,2184165,0,1516149,0
10:27:38.543,60,68,81,17,120.4819489,22.4547138,2237090,0,1497915,0
10:27:38.600,60,68,81,17,120.4819489,22.4547138,2237090,0,1497915,0
10:27:38.700,63,67,81,17,120.4819489,22.4547138,2349429,0,1486073,0
10:27:38.815,62,63,81,17,120.4819489,22.4547138,2334038,0,1407274,0
10:27:38.927,62,63,75,17,120.4818802,22.4547672,2334038,0,1407274,0
10:27:39.000,61,63,75,17,120.4818802,22.4547672,2306272,0,1405087,0
10:27:39.116,61,65,75,17,120.4818802,22.4547672,2295113,0,1437955,0
10:27:39.231,61,67,71,17,120.4818420,22.4548054,2296141,0,1472697,0
10:27:39.313,60,69,71,17,120.4818420,22.4548054,2235257,0,1530535,0
10:27:39.412,59,70,71,17,120.4818420,22.4548054,2212551,0,1555437,0
10:27:39.512,59,71,71,17,120.4818420,22.4548054,2206478,0,1560493,0
10:27:39.655,59,70,64,17,120.4817886,22.4548492,2216536,0,1538656,0
10:27:39.705,60,69,64,17,120.4817886,22.4548492,2248989,0,1523490,0
10:27:39.802,60,69,64,17,120.4817886,22.4548492,2267869,0,1529252,0
10:27:39.901,59,68,64,17,120.4817886,22.4548492,2216240,0,1505183,0
10:27:40.047,58,67,58,17,120.4817429,22.4548893,2188302,0,1478449,0
10:27:40.112,58,61,58,17,120.4817429,22.4548893,2166227,0,1349549,0
10:27:40.212,59,59,58,17,120.4817429,22.4548893,2210680,0,1316337,0
10:27:40.322,59,59,54,17,120.4817047,22.4549160,2210680,0,1316337,0
10:27:40.405,61,56,54,17,120.4817047,22.4549160,2298607,0,1254415,0
10:27:40.502,62,50,54,17,120.4817047,22.4549160,2324720,0,1123930,0
10:27:40.601,64,49,54,17,120.4817047,22.4549160,2388962,0,1101588,0
10:27:40.745,65,48,48,18,120.4816513,22.4549427,2423535,0,1068829,0
10:27:40.811,65,48,48,18,120.4816513,22.4549427,2423535,0,1068829,0
10:27:40.910,68,46,48,18,120.4816513,22.4549427,2545713,0,1036343,0
10:27:41.007,68,45,48,18,120.4816513,22.4549427,2543073,0,1010462,0
10:27:41.152,68,45,44,18,120.4816132,22.4549637,2543073,0,1010462,0
10:27:41.203,65,36,44,18,120.4816132,22.4549637,2440516,0,831749,0
10:27:41.302,66,35,44,18,120.4816132,22.4549637,2484464,0,795465,0
10:27:41.457,65,32,41,18,120.4815750,22.4549713,2427963,0,747153,0
10:27:41.506,71,36,41,18,120.4815750,22.4549713,2649631,0,822997,0
10:27:41.606,72,38,41,18,120.4815750,22.4549713,2681360,0,870053,0
10:27:41.706,71,38,41,18,120.4815750,22.4549713,2654283,0,875036,0
10:27:41.822,69,37,39,18,120.4815369,22.4549751,2573947,0,854183,0
10:27:41.906,68,35,39,18,120.4815369,22.4549751,2528075,0,814085,0
10:27:42.005,69,35,39,18,120.4815369,22.4549751,2589957,0,808108,0
10:27:42.103,74,35,39,18,120.4815369,22.4549751,2774359,0,794295,0
10:27:42.226,80,35,35,16,120.4814835,22.4549656,2972847,0,797966,0
10:27:42.307,83,34,35,16,120.4814835,22.4549656,3089878,0,789436,0
10:27:42.406,85,36,35,16,120.4814835,22.4549656,3167798,0,820827,0
10:27:42.542,85,36,37,17,120.4814606,22.4549561,3158988,0,826490,0
10:27:42.608,85,36,37,17,120.4814606,22.4549561,3158988,0,826490,0
10:27:42.706,83,33,37,17,120.4814606,22.4549561,3083259,0,758246,0
10:27:42.805,83,32,37,17,120.4814606,22.4549561,3091359,0,735886,0
10:27:42.950,85,33,39,18,120.4814224,22.4549332,3158424,0,767916,0
10:27:43.000,85,33,39,18,120.4814224,22.4549332,3158424,0,767916,0
10:27:43.115,89,38,39,18,120.4814224,22.4549332,3326232,0,863625,0
10:27:43.204,89,38,44,18,120.4813919,22.4548969,3326232,0,863625,0
10:27:43.302,85,25,44,18,120.4813919,22.4548969,3181467,0,585382,0
10:27:43.402,93,27,46,18,120.4813843,22.4548779,3442270,0,641236,0
10:27:43.502,96,40,46,18,120.4813843,22.4548779,3556968,0,902329,0
10:27:43.628,95,39,49,17,120.4813690,22.4548569,3532213,0,887265,0
10:27:43.710,95,39,49,17,120.4813690,22.4548569,3537315,0,888782,0
10:27:43.811,95,39,51,18,120.4813690,22.4548340,3543577,0,892396,0
10:27:43.916,95,39,51,18,120.4813690,22.4548340,3520450,0,879243,0
10:27:44.031,95,39,54,18,120.4813538,22.4548092,3520450,0,879243,0
10:27:44.113,98,39,54,18,120.4813538,22.4548092,3626300,0,881394,0
10:27:44.211,98,39,57,18,120.4813538,22.4547825,3626300,0,881394,0
10:27:44.311,99,38,57,18,120.4813538,22.4547825,3677334,0,874313,0
10:27:44.403,99,38,61,18,120.4813461,22.4547539,3677334,0,874313,0
10:27:44.510,100,41,61,18,120.4813461,22.4547539,3810942,0,940757,0
10:27:44.606,100,42,65,18,120.4813461,22.4547234,3760860,0,949213,0
10:27:44.706,100,40,65,18,120.4813461,22.4547234,3755052,0,905454,0
10:27:44.806,100,41,65,18,120.4813461,22.4547234,3748998,0,922188,0
10:27:44.903,100,43,71,18,120.4813461,22.4546738,3804821,0,975609,0
10:27:45.002,100,43,71,18,120.4813461,22.4546738,3836789,0,982810,0
10:27:45.108,100,43,75,18,120.4813461,22.4546375,3836789,0,982810,0
10:27:45.207,100,47,75,18,120.4813461,22.4546375,3905279,0,1052585,0
10:27:45.305,100,47,80,18,120.4813461,22.4546013,3905279,0,1052585,0
10:27:45.403,100,47,80,18,120.4813461,22.4546013,3877222,0,1067411,0
10:27:45.537,100,47,84,18,120.4813461,22.4545612,3877222,0,1067411,0
10:27:45.603,100,45,84,18,120.4813461,22.4545612,3830234,0,1024720,0
10:27:45.702,100,41,84,18,120.4813461,22.4545612,3824115,0,926881,0
10:27:45.803,100,46,90,18,120.4813461,22.4544964,3909906,0,1035719,0
10:27:45.902,100,46,90,18,120.4813461,22.4544964,3899841,0,1040338,0
10:27:46.002,100,47,94,18,120.4813461,22.4544506,3952676,0,1056819,0
10:27:46.101,100,48,94,18,120.4813461,22.4544506,3954742,0,1078526,0
10:27:46.206,100,48,100,18,120.4813461,22.4544010,3954742,0,1078526,0
10:27:46.307,100,44,100,18,120.4813461,22.4544010,3888400,0,1003529,0
10:27:46.403,100,44,104,18,120.4813461,22.4543495,3888400,0,1003529,0
10:27:46.503,100,47,104,18,120.4813461,22.4543495,3943493,0,1062581,0
10:27:46.638,100,47,110,18,120.4813461,22.4542980,3943493,0,1062581,0
10:27:46.703,100,45,110,18,120.4813461,22.4542980,3983695,0,1019347,0
10:27:46.800,100,47,114,18,120.4813538,22.4542408,3978970,0,1055582,0
10:27:46.915,100,47,114,18,120.4813538,22.4542408,3897706,0,1067485,0
10:27:47.032,100,45,119,18,120.4813538,22.4541817,3929893,0,1022107,0
10:27:47.116,100,47,119,18,120.4813538,22.4541817,3959542,0,1067573,0
10:27:47.211,100,47,124,18,120.4813538,22.4541206,3959542,0,1067573,0
10:27:47.310,100,45,124,18,120.4813538,22.4541206,3819629,0,1009544,0
10:27:47.413,100,45,128,18,120.4813538,22.4540577,3929597,0,1023768,0
10:27:47.513,100,51,128,18,120.4813538,22.4540577,3890357,0,1138561,0
10:27:47.632,100,47,133,18,120.4813538,22.4539928,3727145,0,1048822,0
10:27:47.700,100,47,133,18,120.4813538,22.4539928,3727145,0,1048822,0
10:27:47.808,83,47,136,18,120.4813690,22.4539223,3087380,0,1062447,0
10:27:47.907,75,46,136,18,120.4813690,22.4539223,2799408,0,1026480,0
10:27:48.011,77,47,134,18,120.4813690,22.4538555,2860366,0,1052354,0
10:27:48.111,77,47,134,18,120.4813690,22.4538555,2880526,0,1057221,0
10:27:48.211,78,49,131,18,120.4813690,22.4537907,2892118,0,1092556,0
10:27:48.310,78,50,131,18,120.4813690,22.4537907,2900644,0,1113585,0
10:27:48.415,78,50,129,18,120.4813690,22.4537239,2900644,0,1113585,0
10:27:48.512,76,51,129,18,120.4813690,22.4537239,2840852,0,1141719,0
10:27:48.600,76,51,127,18,120.4813690,22.4536610,2840852,0,1141719,0
10:27:48.700,71,54,127,18,120.4813690,22.4536610,2648134,0,1213600,0
10:27:48.813,64,60,127,18,120.4813690,22.4536610,2400414,0,1324629,0
10:27:48.927,64,60,123,18,120.4813690,22.4535656,2400414,0,1324629,0
10:27:49.000,55,65,123,18,120.4813690,22.4535656,2071402,0,1435108,0
10:27:49.108,55,65,119,18,120.4813690,22.4535065,2071402,0,1435108,0
10:27:49.206,54,74,119,18,120.4813690,22.4535065,2049138,0,1633904,0
10:27:49.307,52,74,115,18,120.4813690,22.4534473,1962165,0,1626939,0
10:27:49.406,51,75,115,18,120.4813690,22.4534473,1937480,0,1655845,0
10:27:49.540,51,75,110,18,120.4813843,22.4533920,1937480,0,1655845,0
10:27:49.606,51,78,110,18,120.4813843,22.4533920,1920728,0,1710217,0
10:27:49.701,50,75,106,18,120.4813843,22.4533367,1897819,0,1657682,0
10:27:49.800,53,71,106,18,120.4813843,22.4533367,2006903,0,1574352,0
10:27:49.908,53,71,102,18,120.4813843,22.4532871,2006903,0,1574352,0
10:27:50.006,58,67,102,18,120.4813843,22.4532871,2165695,0,1478954,0
10:27:50.103,58,64,98,18,120.4813843,22.4532356,2195188,0,1426040,0
10:27:50.202,60,62,98,18,120.4813843,22.4532356,2250090,0,1386575,0
10:27:50.313,60,62,94,18,120.4813843,22.4531879,2250090,0,1386575,0
10:27:50.402,62,59,94,18,120.4813843,22.4531879,2337732,0,1322099,0
10:27:50.526,62,44,91,18,120.4813919,22.4531422,2322418,0,995700,0
10:27:50.608,70,51,91,18,120.4813919,22.4531422,2622885,0,1143945,0
10:27:50.706,68,51,91,18,120.4813919,22.4531422,2544367,0,1151637,0
10:27:50.805,66,49,87,18,120.4813919,22.4530754,2465322,0,1097054,0
10:27:50.903,67,47,87,18,120.4813919,22.4530754,2502373,0,1065031,0
10:27:51.002,67,47,85,18,120.4814072,22.4530315,2502373,0,1065031,0
10:27:51.102,67,45,85,18,120.4814072,22.4530315,2524719,0,1014668,0
10:27:51.201,67,45,83,18,120.4814224,22.4529915,2524719,0,1014668,0
10:27:51.300,71,46,83,18,120.4814224,22.4529915,2652842,0,1027296,0
10:27:51.418,71,46,81,18,120.4814224,22.4529514,2652842,0,1027296,0
10:27:51.500,69,42,81,18,120.4814224,22.4529514,2586628,0,943546,0
10:27:51.602,68,37,79,18,120.4814301,22.4529133,2542895,0,845839,0
10:27:51.701,73,42,79,18,120.4814301,22.4529133,2740594,0,962378,0
10:27:51.817,71,41,76,18,120.4814453,22.4528770,2660066,0,932334,0
10:27:51.900,70,39,76,18,120.4814453,22.4528770,2613539,0,895072,0
10:27:52.010,70,39,75,18,120.4814682,22.4528408,2613539,0,895072,0
10:27:52.110,67,35,75,18,120.4814682,22.4528408,2506501,0,806415,0
10:27:52.210,67,34,73,18,120.4814835,22.4528084,2490764,0,790316,0
10:27:52.310,67,35,73,18,120.4814835,22.4528084,2515213,0,811612,0
10:27:52.407,67,34,70,18,120.4815140,22.4527760,2506474,0,773723,0
10:27:52.506,75,36,70,18,120.4815140,22.4527760,2793119,0,831954,0
10:27:52.603,75,36,69,18,120.4815216,22.4527473,2793119,0,831954,0
10:27:52.700,76,36,69,18,120.4815216,22.4527473,2852630,0,832214,0
10:27:52.867,75,33,69,18,120.4815598,22.4527073,2810916,0,767618,0
10:27:52.901,75,33,69,18,120.4815598,22.4527073,2810916,0,767618,0
10:27:53.015,73,33,69,18,120.4815598,22.4527073,2732972,0,764785,0
10:27:53.113,72,31,69,18,120.4815903,22.4526825,2700916,0,722210,0
10:27:53.211,75,34,69,18,120.4815903,22.4526825,2795632,0,781103,0
10:27:53.311,75,34,69,18,120.4816132,22.4526615,2795632,0,781103,0
10:27:53.409,73,31,69,18,120.4816132,22.4526615,2732219,0,728983,0
10:27:53.526,74,29,68,18,120.4816513,22.4526405,2773783,0,683078,0
10:27:53.608,77,32,68,18,120.4816513,22.4526405,2861074,0,732823,0
10:27:53.706,79,32,68,18,120.4816513,22.4526405,2942192,0,745079,0
10:27:53.825,80,31,68,18,120.4816895,22.4526138,2990399,0,728048,0
10:27:53.913,87,34,68,18,120.4816895,22.4526138,3226715,0,775054,0
10:27:54.004,87,34,69,18,120.4817276,22.4526005,3226715,0,775054,0
10:27:54.102,87,34,69,18,120.4817276,22.4526005,3245031,0,772257,0
10:27:54.202,84,28,71,18,120.4817657,22.4525871,3143459,0,654954,0
10:27:54.301,90,34,71,18,120.4817657,22.4525871,3331851,0,785300,0
10:27:54.415,90,34,72,18,120.4818039,22.4525757,3355612,0,790059,0
10:27:54.513,92,33,72,18,120.4818039,22.4525757,3411100,0,769726,0
10:27:54.610,94,35,75,18,120.4818420,22.4525661,3477698,0,797632,0
10:27:54.708,94,35,75,18,120.4818420,22.4525661,3508020,0,803907,0
10:27:54.806,94,35,75,18,120.4818420,22.4525661,3496613,0,797316,0
10:27:54.913,94,35,79,18,120.4819107,22.4525566,3496613,0,797316,0
10:27:55.012,97,37,79,18,120.4819107,22.4525566,3610877,0,850478,0
10:27:55.111,97,37,82,18,120.4819489,22.4525528,3610877,0,850478,0
10:27:55.210,98,38,82,18,120.4819489,22.4525528,3645490,0,861480,0
10:27:55.308,97,35,85,17,120.4819946,22.4525509,3607667,0,807788,0
10:27:55.406,100,38,85,17,120.4819946,22.4525509,3698997,0,863565,0
10:27:55.542,100,40,88,17,120.4820328,22.4525509,3758903,0,916054,0
10:27:55.608,100,40,88,17,120.4820328,22.4525509,3762817,0,912091,0
10:27:55.708,100,40,92,17,120.4820862,22.4525528,3762817,0,912091,0
10:27:55.806,100,45,92,17,120.4820862,22.4525528,3901537,0,1013306,0
10:27:55.912,100,45,97,18,120.4821396,22.4525547,3901537,0,1013306,0
10:27:56.013,100,42,97,18,120.4821396,22.4525547,3781611,0,961250,0
10:27:56.112,100,43,100,18,120.4821854,22.4525604,3802304,0,973124,0
10:27:56.213,100,48,100,18,120.4821854,22.4525604,3828552,0,1083206,0
10:27:56.311,100,48,104,18,120.4822540,22.4525642,3828552,0,1083206,0
10:27:56.400,90,47,104,18,120.4822540,22.4525642,3345662,0,1065881,0
10:27:56.503,77,44,106,18,120.4823074,22.4525719,2875985,0,996942,0
10:27:56.600,79,48,106,18,120.4823074,22.4525719,2963454,0,1069474,0
10:27:56.717,79,49,103,18,120.4823685,22.4525757,2960323,0,1090385,0
10:27:56.800,78,48,103,18,120.4823685,22.4525757,2920115,0,1086622,0
10:27:56.913,78,48,101,17,120.4824219,22.4525833,2920115,0,1086622,0
10:27:57.012,75,51,101,17,120.4824219,22.4525833,2816293,0,1153338,0
10:27:57.100,75,51,99,17,120.4824677,22.4525890,2816293,0,1153338,0
10:27:57.216,66,55,99,17,120.4824677,22.4525890,2481029,0,1221971,0
10:27:57.316,66,55,97,17,120.4825211,22.4525928,2481029,0,1221971,0
10:27:57.416,62,59,97,17,120.4825211,22.4525928,2319712,0,1305975,0
10:27:57.532,61,61,95,17,120.4825745,22.4525986,2302985,0,1346921,0
10:27:57.616,62,64,95,17,120.4825745,22.4525986,2330689,0,1409267,0
10:27:57.700,62,65,95,17,120.4825745,22.4525986,2308063,0,1429887,0
10:27:57.808,62,65,90,17,120.4826508,22.4526043,2308063,0,1429887,0
10:27:57.906,60,64,90,17,120.4826508,22.4526043,2257992,0,1413213,0
10:27:58.006,60,64,86,17,120.4827042,22.4526081,2257992,0,1413213,0
10:27:58.107,62,66,86,17,120.4827042,22.4526081,2341034,0,1469569,0
10:27:58.237,62,66,82,17,120.4827423,22.4526119,2341034,0,1469569,0
10:27:58.303,61,64,82,17,120.4827423,22.4526119,2306713,0,1427249,0
10:27:58.404,63,64,80,17,120.4827881,22.4526119,2353534,0,1410344,0
10:27:58.503,65,64,80,17,120.4827881,22.4526119,2425548,0,1420292,0
10:27:58.612,65,64,77,17,120.4828262,22.4526157,2425548,0,1420292,0
10:27:58.712,63,64,77,17,120.4828262,22.4526157,2361415,0,1409720,0
10:27:58.812,62,65,77,17,120.4828262,22.4526157,2338394,0,1440308,0
10:27:58.900,62,65,73,18,120.4828949,22.4526176,2338394,0,1440308,0
10:27:59.006,61,68,73,18,120.4828949,22.4526176,2282121,0,1502287,0
10:27:59.108,60,70,70,17,120.4829330,22.4526176,2241413,0,1536521,0
10:27:59.206,59,70,70,17,120.4829330,22.4526176,2231767,0,1550148,0
10:27:59.302,59,70,67,17,120.4829559,22.4526176,2231767,0,1550148,0
10:27:59.402,58,64,67,17,120.4829559,22.4526176,2172264,0,1410974,0
10:27:59.516,58,64,63,17,120.4829941,22.4526176,2172264,0,1410974,0
10:27:59.616,62,63,63,17,120.4829941,22.4526176,2332665,0,1395268,0
10:27:59.716,62,61,63,17,120.4829941,22.4526176,2324360,0,1359443,0
10:27:59.802,62,61,59,17,120.4830475,22.4526138,2324360,0,1359443,0
10:27:59.901,62,60,59,17,120.4830475,22.4526138,2325921,0,1341283,0
10:28:00.010,61,59,56,18,120.4830704,22.4526119,2300420,0,1315438,0
10:28:00.108,59,56,56,18,120.4830704,22.4526119,2213552,0,1241497,0
10:28:00.206,59,53,54,18,120.4831085,22.4526062,2214033,0,1185482,0
10:28:00.306,59,53,54,18,120.4831085,22.4526062,2221841,0,1177953,0
10:28:00.404,59,53,52,18,120.4831390,22.4526005,2221841,0,1177953,0
10:28:00.502,60,52,52,18,120.4831390,22.4526005,2254219,0,1170125,0
10:28:00.601,61,52,50,18,120.4831619,22.4525928,2272011,0,1156517,0
10:28:00.700,58,49,50,18,120.4831619,22.4525928,2170360,0,1103232,0
10:28:00.805,58,47,48,18,120.4831848,22.4525833,2194454,0,1064021,0
10:28:00.903,65,48,48,18,120.4831848,22.4525833,2434850,0,1080540,0
10:28:01.001,64,47,45,18,120.4832001,22.4525719,2416203,0,1054363,0
10:28:01.100,64,43,45,18,120.4832001,22.4525719,2397558,0,968010,0
10:28:01.216,64,43,43,18,120.4832230,22.4525585,2397558,0,968010,0
10:28:01.315,66,39,43,18,120.4832230,22.4525585,2467888,0,893112,0
10:28:01.400,66,39,42,18,120.4832382,22.4525433,2467888,0,893112,0
10:28:01.515,66,36,42,18,120.4832382,22.4525433,2460969,0,824380,0
10:28:01.635,66,36,40,17,120.4832611,22.4525299,2460969,0,824380,0
10:28:01.700,67,37,40,17,120.4832611,22.4525299,2505327,0,841361,0
10:28:01.815,67,36,39,17,120.4832611,22.4525127,2519998,0,832371,0
10:28:01.913,69,35,39,17,120.4832611,22.4525127,2583328,0,803363,0
10:28:02.013,72,35,38,17,120.4832764,22.4524937,2708073,0,808465,0
10:28:02.112,74,36,38,17,120.4832764,22.4524937,2762638,0,818107,0
10:28:02.225,74,36,38,17,120.4832916,22.4524765,2762638,0,818107,0
10:28:02.300,75,34,38,17,120.4832916,22.4524765,2805631,0,792333,0
10:28:02.411,76,32,38,18,120.4832916,22.4524574,2854553,0,744544,0
10:28:02.510,80,32,38,18,120.4832916,22.4524574,2971515,0,743704,0
10:28:02.607,80,32,40,18,120.4832916,22.4524384,2971515,0,743704,0
10:28:02.706,80,32,40,18,120.4832916,22.4524384,2970584,0,738629,0
10:28:02.805,80,31,40,18,120.4832916,22.4524384,2989532,0,723553,0
10:28:02.915,81,32,41,18,120.4832916,22.4524059,3033143,0,730956,0
10:28:03.013,82,33,41,18,120.4832916,22.4524059,3066944,0,753573,0
10:28:03.125,82,33,43,18,120.4832764,22.4523849,3066944,0,753573,0
10:28:03.207,83,32,43,18,120.4832764,22.4523849,3108514,0,749912,0
10:28:03.308,81,30,44,18,120.4832764,22.4523640,3029269,0,693922,0
10:28:03.406,83,31,44,18,120.4832764,22.4523640,3108408,0,714514,0
10:28:03.556,86,34,45,18,120.4832611,22.4523449,3202200,0,774629,0
10:28:03.606,86,35,45,18,120.4832611,22.4523449,3185826,0,796802,0
10:28:03.701,86,35,47,18,120.4832382,22.4523258,3185826,0,796802,0
10:28:03.800,84,31,47,18,120.4832382,22.4523258,3116582,0,726499,0
10:28:03.906,83,30,49,18,120.4832230,22.4523067,3092971,0,704578,0
10:28:04.005,84,31,49,18,120.4832230,22.4523067,3140783,0,714824,0
10:28:04.123,86,32,51,18,120.4832001,22.4522915,3196975,0,745923,0
10:28:04.205,88,33,51,18,120.4832001,22.4522915,3262954,0,761192,0
10:28:04.313,88,33,53,18,120.4831848,22.4522743,3262954,0,761192,0
10:28:04.410,90,34,53,18,120.4831848,22.4522743,3341886,0,782473,0
10:28:04.513,91,34,54,18,120.4831619,22.4522610,3368669,0,791429,0
10:28:04.612,91,34,54,18,120.4831619,22.4522610,3388112,0,788248,0
10:28:04.702,91,34,57,18,120.4831390,22.4522476,3388112,0,788248,0
10:28:04.812,93,34,57,18,120.4831390,22.4522476,3447305,0,788405,0
10:28:04.907,93,34,60,18,120.4831009,22.4522362,3462834,0,790966,0
10:28:05.006,94,33,60,18,120.4831009,22.4522362,3501288,0,770216,0
10:28:05.106,96,35,63,18,120.4830704,22.4522266,3555041,0,813476,0
10:28:05.205,97,36,63,18,120.4830704,22.4522266,3592546,0,828055,0
10:28:05.322,97,36,66,18,120.4830322,22.4522190,3592546,0,828055,0
10:28:05.406,97,37,66,18,120.4830322,22.4522190,3608126,0,846130,0
10:28:05.502,100,39,69,18,120.4829941,22.4522152,3701353,0,883071,0
10:28:05.602,100,40,69,18,120.4829941,22.4522152,3750866,0,913221,0
10:28:05.702,100,41,69,18,120.4829941,22.4522152,3752331,0,925901,0
10:28:05.816,100,41,75,18,120.4829407,22.4522076,3778539,0,922939,0
10:28:05.900,100,41,75,18,120.4829407,22.4522076,3791781,0,932353,0
10:28:06.008,100,41,79,18,120.4828949,22.4522057,3791781,0,932353,0
10:28:06.106,100,44,79,18,120.4828949,22.4522057,3856905,0,1002355,0
10:28:06.202,100,45,83,18,120.4828568,22.4522057,3850323,0,1009680,0
10:28:06.303,100,45,83,18,120.4828568,22.4522057,3859131,0,1025077,0
10:28:06.422,100,45,88,18,120.4828033,22.4522057,3859977,0,1022159,0
10:28:06.505,100,48,88,18,120.4828033,22.4522057,3943898,0,1085572,0
10:28:06.616,100,48,93,18,120.4827499,22.4522057,3943898,0,1085572,0
10:28:06.700,100,48,93,18,120.4827499,22.4522057,3915984,0,1085503,0
10:28:06.800,100,50,97,18,120.4827042,22.4522076,3932182,0,1119859,0
10:28:06.900,95,51,97,18,120.4827042,22.4522076,3536105,0,1144717,0
10:28:07.008,95,51,102,18,120.4826508,22.4522095,3536105,0,1144717,0
10:28:07.106,81,49,102,18,120.4826508,22.4522095,3011106,0,1109075,0
10:28:07.201,81,50,103,18,120.4825974,22.4522133,3018083,0,1120521,0
10:28:07.300,80,49,103,18,120.4825974,22.4522133,2984846,0,1107982,0
10:28:07.413,80,49,101,18,120.4825439,22.4522152,2984846,0,1107982,0
10:28:07.512,68,48,101,18,120.4825439,22.4522152,2560608,0,1075182,0
10:28:07.622,68,48,99,18,120.4824829,22.4522171,2560608,0,1075182,0
10:28:07.704,68,56,99,18,120.4824829,22.4522171,2533081,0,1258598,0
10:28:07.802,68,56,96,18,120.4824295,22.4522209,2533081,0,1258598,0
10:28:07.901,63,64,96,18,120.4824295,22.4522209,2378114,0,1425399,0
10:28:08.025,63,64,93,18,120.4823837,22.4522247,2378114,0,1425399,0
10:28:08.107,59,68,93,18,120.4823837,22.4522247,2204395,0,1502543,0
10:28:08.201,56,67,90,18,120.4823303,22.4522266,2100044,0,1488814,0
10:28:08.306,59,67,90,18,120.4823303,22.4522266,2208952,0,1473894,0
10:28:08.414,61,66,86,18,120.4822922,22.4522285,2290612,0,1460549,0
10:28:08.513,61,64,86,18,120.4822922,22.4522285,2296602,0,1410017,0
10:28:08.608,61,64,83,18,120.4822388,22.4522305,2296602,0,1410017,0
10:28:08.706,62,63,83,18,120.4822388,22.4522305,2314979,0,1404261,0
10:28:08.801,62,64,80,18,120.4822006,22.4522324,2342895,0,1427645,0
10:28:08.906,61,65,80,18,120.4822006,22.4522324,2298266,0,1446191,0
10:28:09.015,60,65,77,18,120.4821472,22.4522343,2242089,0,1444848,0
10:28:09.113,59,67,77,18,120.4821472,22.4522343,2209107,0,1486014,0
10:28:09.212,58,68,77,18,120.4821472,22.4522343,2164658,0,1504342,0
10:28:09.322,57,68,72,18,120.4821014,22.4522324,2127733,0,1512213,0
10:28:09.406,56,68,72,18,120.4821014,22.4522324,2098893,0,1505862,0
10:28:09.545,56,66,68,18,120.4820633,22.4522305,2093720,0,1454685,0
10:28:09.610,56,66,68,18,120.4820633,22.4522305,2093720,0,1454685,0
10:28:09.708,57,63,68,18,120.4820633,22.4522305,2126511,0,1403070,0
10:28:09.815,57,63,63,18,120.4820099,22.4522266,2126511,0,1403070,0
10:28:09.913,57,62,63,18,120.4820099,22.4522266,2161204,0,1374327,0
10:28:10.010,58,60,60,18,120.4819717,22.4522228,2169741,0,1326021,0
10:28:10.108,58,56,60,18,120.4819717,22.4522228,2182509,0,1249775,0
10:28:10.215,60,55,57,18,120.4819489,22.4522171,2239866,0,1236149,0
10:28:10.313,59,53,57,18,120.4819489,22.4522171,2213203,0,1190501,0
10:28:10.410,59,53,55,18,120.4819107,22.4522095,2213203,0,1190501,0
10:28:10.508,62,51,55,18,120.4819107,22.4522095,2341314,0,1142115,0
10:28:10.631,62,51,52,17,120.4818802,22.4521999,2341314,0,1142115,0
10:28:10.713,64,48,52,17,120.4818802,22.4521999,2415143,0,1084702,0
10:28:10.804,68,45,50,17,120.4818573,22.4521904,2548279,0,1013803,0
10:28:10.902,72,45,50,17,120.4818573,22.4521904,2683627,0,1015632,0
10:28:11.011,69,42,48,18,120.4818268,22.4521770,2583858,0,955353,0
10:28:11.110,66,36,48,18,120.4818268,22.4521770,2455283,0,831228,0
10:28:11.220,66,36,47,18,120.4818192,22.4521656,2455283,0,831228,0
10:28:11.302,66,35,47,18,120.4818192,22.4521656,2479949,0,805161,0
10:28:11.421,67,37,45,18,120.4817886,22.4521503,2522701,0,840436,0
10:28:11.503,67,35,45,18,120.4817886,22.4521503,2495587,0,800489,0
10:28:11.600,67,34,45,18,120.4817886,22.4521503,2515309,0,780281,0
10:28:11.708,68,36,43,18,120.4817657,22.4521255,2546091,0,834998,0
10:28:11.806,68,37,43,18,120.4817657,22.4521255,2549240,0,853474,0
10:28:11.911,68,37,42,18,120.4817505,22.4521065,2549240,0,853474,0
10:28:12.008,67,35,42,18,120.4817505,22.4521065,2508771,0,794406,0
10:28:12.101,67,35,40,16,120.4817429,22.4520893,2508771,0,794406,0
10:28:12.215,70,33,40,16,120.4817429,22.4520893,2600481,0,768742,0
10:28:12.306,72,33,39,17,120.4817429,22.4520702,2691559,0,766712,0
10:28:12.404,74,34,39,17,120.4817429,22.4520702,2763533,0,779910,0
10:28:12.504,75,33,40,18,120.4817429,22.4520493,2791634,0,766194,0
10:28:12.602,76,32,40,18,120.4817429,22.4520493,2854667,0,743608,0
10:28:12.701,79,33,40,18,120.4817429,22.4520493,2929030,0,764765,0
10:28:12.817,79,34,41,18,120.4817276,22.4520187,2964182,0,778269,0
10:28:12.900,82,33,41,18,120.4817276,22.4520187,3051306,0,766446,0
10:28:13.008,82,33,42,18,120.4817429,22.4519958,3051306,0,766446,0
10:28:13.106,83,32,42,18,120.4817429,22.4519958,3100382,0,749268,0
10:28:13.213,84,33,44,18,120.4817429,22.4519768,3134359,0,769989,0
10:28:13.311,87,35,44,18,120.4817429,22.4519768,3237666,0,796129,0
10:28:13.411,87,33,46,18,120.4817505,22.4519539,3251155,0,764213,0
10:28:13.510,87,33,46,18,120.4817505,22.4519539,3235964,0,771760,0
10:28:13.605,87,33,48,18,120.4817657,22.4519310,3235964,0,771760,0
10:28:13.704,87,33,48,18,120.4817657,22.4519310,3247158,0,753360,0
10:28:13.800,88,32,50,18,120.4817810,22.4519081,3285546,0,749306,0
10:28:13.904,91,34,50,18,120.4817810,22.4519081,3384651,0,783437,0
10:28:14.015,89,35,52,18,120.4817886,22.4518871,3328203,0,806806,0
10:28:14.113,90,34,52,18,120.4817886,22.4518871,3363244,0,775590,0
10:28:14.208,90,34,54,18,120.4818039,22.4518681,3363244,0,775590,0
10:28:14.302,93,35,54,18,120.4818039,22.4518681,3455523,0,793528,0
10:28:14.413,96,37,57,18,120.4818268,22.4518471,3572544,0,850441,0
10:28:14.512,99,39,57,18,120.4818268,22.4518471,3666936,0,890488,0
10:28:14.610,100,39,60,18,120.4818573,22.4518280,3707765,0,894915,0
10:28:14.710,100,41,60,18,120.4818573,22.4518280,3717459,0,921238,0
10:28:14.815,100,41,64,18,120.4818802,22.4518070,3717459,0,921238,0
10:28:14.913,100,50,64,18,120.4818802,22.4518070,3848603,0,1117691,0
10:28:15.010,100,50,67,18,120.4819107,22.4517879,3848603,0,1117691,0
10:28:15.110,94,52,67,18,120.4819107,22.4517879,3493875,0,1168313,0
10:28:15.203,84,51,72,18,120.4819489,22.4517670,3138465,0,1137996,0
10:28:15.301,82,50,72,18,120.4819489,22.4517670,3057047,0,1131890,0
10:28:15.415,82,49,70,18,120.4819717,22.4517441,3062749,0,1101120,0
10:28:15.513,84,49,70,18,120.4819717,22.4517441,3119557,0,1104224,0
10:28:15.621,84,49,69,18,120.4819946,22.4517231,3119557,0,1104224,0
10:28:15.705,86,48,69,18,120.4819946,22.4517231,3206253,0,1070016,0
10:28:15.805,83,42,69,18,120.4819946,22.4517231,3109349,0,948119,0
10:28:15.911,83,42,69,18,120.4820480,22.4516907,3109349,0,948119,0
10:28:16.010,76,41,69,18,120.4820480,22.4516907,2825749,0,934883,0
10:28:16.112,74,39,69,18,120.4820709,22.4516678,2755772,0,888693,0
10:28:16.250,69,34,68,18,120.4821014,22.4516430,2592779,0,787046,0
10:28:16.300,69,30,68,18,120.4821014,22.4516430,2589840,0,700656,0
10:28:16.416,73,33,68,18,120.4821014,22.4516430,2715346,0,762040,0
10:28:16.523,73,33,66,18,120.4821243,22.4516163,2715346,0,762040,0
10:28:16.604,77,34,66,18,120.4821243,22.4516163,2857282,0,783972,0
10:28:16.702,79,32,66,18,120.4821472,22.4515896,2964388,0,741472,0
10:28:16.801,82,31,66,18,120.4821472,22.4515896,3038718,0,718340,0
10:28:16.905,83,32,67,17,120.4821625,22.4515591,3106351,0,735807,0
10:28:17.002,86,32,67,17,120.4821625,22.4515591,3210370,0,747343,0
10:28:17.112,87,32,69,17,120.4821777,22.4515305,3239743,0,749151,0
10:28:17.212,88,31,69,17,120.4821777,22.4515305,3266448,0,721161,0
10:28:17.307,88,31,71,17,120.4821854,22.4514961,3266448,0,721161,0
10:28:17.406,90,32,71,17,120.4821854,22.4514961,3365073,0,743488,0
10:28:17.504,90,32,73,17,120.4822006,22.4514618,3365073,0,743488,0
10:28:17.602,91,31,73,17,120.4822006,22.4514618,3386310,0,723044,0
10:28:17.700,92,34,73,17,120.4822006,22.4514618,3418677,0,789081,0
10:28:17.802,92,34,78,16,120.4822235,22.4514065,3418677,0,789081,0
10:28:17.901,93,34,78,16,120.4822235,22.4514065,3475425,0,773808,0
10:28:18.005,93,35,80,16,120.4822235,22.4513664,3450966,0,801315,0
10:28:18.103,99,46,80,16,120.4822235,22.4513664,3674223,0,1026852,0
10:28:18.211,99,46,83,17,120.4822235,22.4513245,3674223,0,1026852,0
10:28:18.311,100,41,83,17,120.4822235,22.4513245,3760821,0,921208,0
10:28:18.401,100,41,86,17,120.4822388,22.4512825,3760821,0,921208,0
10:28:18.570,100,45,85,16,120.4822388,22.4512405,3827329,0,1021836,0
10:28:18.603,100,45,85,16,120.4822388,22.4512405,3827329,0,1021836,0
10:28:18.702,100,48,85,16,120.4822388,22.4512405,3902108,0,1088257,0
10:28:18.811,100,47,89,17,120.4822388,22.4511948,3845107,0,1068567,0
10:28:18.915,100,47,89,17,120.4822388,22.4511948,3848419,0,1067167,0
10:28:19.007,100,47,92,18,120.4822388,22.4511490,3848419,0,1067167,0
10:28:19.106,100,51,92,18,120.4822388,22.4511490,3795054,0,1137430,0
10:28:19.227,100,51,98,17,120.4822388,22.4510975,3795054,0,1137430,0
10:28:19.310,100,50,98,17,120.4822388,22.4510975,3846823,0,1118728,0
10:28:19.410,98,51,98,17,120.4822388,22.4510975,3654953,0,1135879,0
10:28:19.523,98,51,106,16,120.4822388,22.4510193,3654953,0,1135879,0
10:28:19.606,85,47,106,16,120.4822388,22.4510193,3162460,0,1065887,0
10:28:19.705,80,47,106,16,120.4822388,22.4510193,2979698,0,1058564,0
10:28:19.813,79,47,108,17,120.4822388,22.4509373,2948831,0,1059260,0
10:28:19.911,78,46,108,17,120.4822388,22.4509373,2915177,0,1046696,0
10:28:20.003,79,47,107,17,120.4822235,22.4508839,2941880,0,1054129,0
10:28:20.102,79,48,107,17,120.4822235,22.4508839,2955696,0,1070168,0
10:28:20.202,79,48,105,16,120.4822235,22.4508305,2955696,0,1070168,0
10:28:20.301,77,47,105,16,120.4822235,22.4508305,2891327,0,1048593,0
10:28:20.400,75,46,102,17,120.4822235,22.4507771,2796958,0,1040753,0
10:28:20.516,73,48,102,17,120.4822235,22.4507771,2739240,0,1089118,0
10:28:20.650,72,49,100,17,120.4822235,22.4507275,2707769,0,1108229,0
10:28:20.700,71,51,100,17,120.4822235,22.4507275,2638105,0,1135108,0
10:28:20.815,72,54,100,17,120.4822235,22.4507275,2698043,0,1206567,0
10:28:20.927,72,54,96,17,120.4822235,22.4506531,2698043,0,1206567,0
10:28:21.010,71,54,96,17,120.4822235,22.4506531,2660122,0,1213329,0
10:28:21.103,72,54,94,17,120.4822235,22.4506073,2692033,0,1213903,0
10:28:21.201,70,54,94,17,120.4822235,22.4506073,2631916,0,1202388,0
10:28:21.307,69,51,91,17,120.4822388,22.4505596,2594869,0,1141865,0
10:28:21.406,72,49,91,17,120.4822388,22.4505596,2674375,0,1103005,0
10:28:21.537,72,47,89,17,120.4822388,22.4505157,2681003,0,1052130,0
10:28:21.605,70,40,89,17,120.4822388,22.4505157,2635150,0,910585,0
10:28:21.703,72,40,89,17,120.4822388,22.4505157,2691652,0,915462,0
10:28:21.800,72,40,85,17,120.4822540,22.4504490,2691652,0,915462,0
10:28:21.915,74,43,85,17,120.4822540,22.4504490,2752525,0,976661,0
10:28:22.027,74,43,84,17,120.4822540,22.4504070,2752525,0,976661,0
10:28:22.110,73,42,84,17,120.4822540,22.4504070,2710928,0,945657,0
10:28:22.208,73,39,82,17,120.4822693,22.4503670,2724642,0,892210,0
10:28:22.306,77,39,82,17,120.4822693,22.4503670,2861961,0,878415,0
10:28:22.403,77,39,80,18,120.4822769,22.4503269,2861961,0,878415,0
10:28:22.502,74,34,80,18,120.4822769,22.4503269,2747335,0,775585,0
10:28:22.600,75,33,79,18,120.4822922,22.4502888,2796564,0,750616,0
10:28:22.715,77,36,79,18,120.4822922,22.4502888,2886479,0,824896,0
10:28:22.813,79,36,79,18,120.4822922,22.4502888,2937564,0,817633,0
10:28:22.902,79,36,79,18,120.4823151,22.4502335,2937564,0,817633,0
10:28:23.002,77,35,79,18,120.4823151,22.4502335,2887953,0,809455,0
10:28:23.107,74,34,78,18,120.4823456,22.4501991,2780463,0,776251,0
10:28:23.204,76,31,78,18,120.4823456,22.4501991,2821422,0,727385,0
10:28:23.312,76,31,78,18,120.4823532,22.4501648,2821422,0,727385,0
10:28:23.412,76,33,78,18,120.4823532,22.4501648,2851025,0,761011,0
10:28:23.508,76,33,77,18,120.4823837,22.4501305,2851025,0,761011,0
10:28:23.606,76,32,77,18,120.4823837,22.4501305,2851877,0,744649,0
10:28:23.706,76,31,77,18,120.4823837,22.4501305,2820198,0,712420,0
10:28:23.801,76,31,78,18,120.4824219,22.4500866,2820198,0,712420,0
10:28:23.907,78,30,78,18,120.4824219,22.4500866,2899849,0,690200,0
10:28:24.000,79,33,77,18,120.4824600,22.4500599,2950394,0,760763,0
10:28:24.114,77,30,77,18,120.4824600,22.4500599,2870570,0,700572,0
10:28:24.206,77,30,77,18,120.4824829,22.4500313,2870570,0,700572,0
10:28:24.304,85,35,77,18,120.4824829,22.4500313,3161486,0,798996,0
10:28:24.415,85,35,78,18,120.4825211,22.4500084,3161486,0,798996,0
10:28:24.512,85,31,78,18,120.4825211,22.4500084,3166724,0,712258,0
10:28:24.622,88,31,79,18,120.4825439,22.4499855,3284608,0,722141,0
10:28:24.706,90,32,79,18,120.4825439,22.4499855,3365390,0,740309,0
10:28:24.806,93,34,79,18,120.4825439,22.4499855,3465233,0,779619,0
10:28:24.913,93,34,82,18,120.4826126,22.4499550,3458334,0,778881,0
10:28:25.012,92,32,82,18,120.4826126,22.4499550,3438209,0,731734,0
10:28:25.115,94,33,85,18,120.4826508,22.4499378,3484052,0,758269,0
10:28:25.212,95,35,85,18,120.4826508,22.4499378,3522008,0,804101,0
10:28:25.303,95,35,88,18,120.4827042,22.4499207,3522008,0,804101,0
10:28:25.402,94,34,88,18,120.4827042,22.4499207,3489390,0,778106,0
10:28:25.521,93,31,90,18,120.4827423,22.4499054,3465523,0,713663,0
10:28:25.603,98,38,90,18,120.4827423,22.4499054,3638431,0,858052,0
10:28:25.701,100,43,90,18,120.4827423,22.4499054,3696861,0,982856,0
10:28:25.838,98,42,95,18,120.4828186,22.4498863,3639985,0,958367,0
10:28:25.903,95,39,95,18,120.4828186,22.4498863,3547325,0,881317,0
10:28:26.017,95,39,97,18,120.4828644,22.4498749,3547325,0,881317,0
10:28:26.101,98,41,97,18,120.4828644,22.4498749,3635072,0,923333,0
10:28:26.203,98,39,100,18,120.4829178,22.4498634,3633772,0,887429,0
10:28:26.300,99,40,100,18,120.4829178,22.4498634,3676929,0,904496,0
10:28:26.412,99,45,103,18,120.4829712,22.4498558,3685832,0,1011132,0
10:28:26.511,99,44,103,18,120.4829712,22.4498558,3671009,0,989654,0
10:28:26.607,99,44,106,18,120.4830246,22.4498482,3671009,0,989654,0
10:28:26.706,100,42,106,18,120.4830246,22.4498482,3695218,0,949544,0
10:28:26.800,100,45,109,18,120.4830856,22.4498425,3743437,0,1006685,0
10:28:26.900,99,41,109,18,120.4830856,22.4498425,3685068,0,936499,0
10:28:27.005,94,41,112,18,120.4831467,22.4498348,3501610,0,932843,0
10:28:27.103,82,48,112,18,120.4831467,22.4498348,3047451,0,1083284,0
10:28:27.216,82,48,114,18,120.4832001,22.4498329,3047451,0,1083284,0
10:28:27.315,76,46,114,18,120.4832001,22.4498329,2837089,0,1043504,0
10:28:27.412,76,46,111,18,120.4832611,22.4498272,2837089,0,1043504,0
10:28:27.512,70,50,111,18,120.4832611,22.4498272,2610207,0,1124254,0
10:28:27.606,63,54,109,18,120.4833298,22.4498253,2359081,0,1198526,0
10:28:27.704,64,59,109,18,120.4833298,22.4498253,2387813,0,1312444,0
10:28:27.810,63,62,106,18,120.4833755,22.4498234,2377903,0,1379119,0
10:28:27.910,59,61,106,18,120.4833755,22.4498234,2200774,0,1365034,0
10:28:28.003,59,61,103,18,120.4834442,22.4498234,2200774,0,1365034,0
10:28:28.100,58,68,103,18,120.4834442,22.4498234,2171494,0,1502107,0
10:28:28.206,58,68,99,18,120.4834976,22.4498234,2171494,0,1502107,0
10:28:28.306,55,65,99,18,120.4834976,22.4498234,2054233,0,1437670,0
10:28:28.401,58,63,95,18,120.4835434,22.4498234,2179849,0,1403949,0
10:28:28.500,65,63,95,18,120.4835434,22.4498234,2443033,0,1390232,0
10:28:28.613,65,63,92,18,120.4835968,22.4498272,2443033,0,1390232,0
10:28:28.712,65,55,92,18,120.4835968,22.4498272,2441858,0,1230211,0
10:28:28.808,65,55,89,18,120.4836502,22.4498291,2441858,0,1230211,0
10:28:28.912,66,57,89,18,120.4836502,22.4498291,2465490,0,1266665,0
10:28:29.012,67,59,87,18,120.4836884,22.4498329,2500669,0,1320348,0
10:28:29.111,62,59,87,18,120.4836884,22.4498329,2325679,0,1319134,0
10:28:29.201,62,59,84,18,120.4837341,22.4498386,2325679,0,1319134,0
10:28:29.300,58,63,84,18,120.4837341,22.4498386,2192664,0,1406325,0
10:28:29.417,58,63,80,18,120.4837723,22.4498425,2192664,0,1406325,0
10:28:29.500,55,61,80,18,120.4837723,22.4498425,2076808,0,1362829,0
10:28:29.615,56,60,80,18,120.4837723,22.4498425,2112505,0,1335037,0
10:28:29.703,56,60,75,17,120.4838409,22.4498539,2112505,0,1335037,0
10:28:29.800,59,57,75,17,120.4838409,22.4498539,2198151,0,1274328,0
10:28:29.907,57,52,72,17,120.4838791,22.4498634,2129679,0,1168632,0
10:28:30.006,58,46,72,17,120.4838791,22.4498634,2196257,0,1040418,0
10:28:30.102,66,48,69,18,120.4839172,22.4498749,2462191,0,1073527,0
10:28:30.202,64,46,69,18,120.4839172,22.4498749,2389346,0,1040942,0
10:28:30.310,64,46,66,18,120.4839401,22.4498863,2389346,0,1040942,0
10:28:30.410,67,39,66,18,120.4839401,22.4498863,2491737,0,885047,0
10:28:30.502,67,39,65,18,120.4839783,22.4499016,2491737,0,885047,0
10:28:30.602,67,38,65,18,120.4839783,22.4499016,2522506,0,872707,0
10:28:30.716,67,36,63,18,120.4840088,22.4499149,2524951,0,825831,0
10:28:30.814,68,36,63,18,120.4840088,22.4499149,2558485,0,826167,0
10:28:30.926,68,36,61,18,120.4840317,22.4499321,2562627,0,816329,0
10:28:31.010,70,33,61,18,120.4840317,22.4499321,2607285,0,768611,0
10:28:31.102,70,33,59,18,120.4840546,22.4499512,2607285,0,768611,0
10:28:31.200,73,34,59,18,120.4840546,22.4499512,2734835,0,784941,0
10:28:31.313,75,33,59,18,120.4840851,22.4499722,2795797,0,765438,0
10:28:31.412,75,33,59,18,120.4840851,22.4499722,2800140,0,759804,0
10:28:31.518,77,32,59,18,120.4841080,22.4499931,2855854,0,747667,0
10:28:31.600,75,33,59,18,120.4841080,22.4499931,2800995,0,758575,0
10:28:31.712,75,28,59,18,120.4841080,22.4499931,2797059,0,661983,0
10:28:31.822,77,32,59,18,120.4841309,22.4500313,2888921,0,733163,0
10:28:31.905,77,31,59,18,120.4841309,22.4500313,2872911,0,727810,0
10:28:32.018,77,31,59,18,120.4841461,22.4500561,2872911,0,727810,0
10:28:32.112,77,32,59,18,120.4841461,22.4500561,2890664,0,745639,0
10:28:32.210,76,32,59,18,120.4841614,22.4500828,2841320,0,737273,0
10:28:32.308,77,31,59,18,120.4841614,22.4500828,2860515,0,708700,0
10:28:32.406,77,31,59,18,120.4841690,22.4501114,2860515,0,708700,0
10:28:32.506,75,31,59,18,120.4841690,22.4501114,2785273,0,711540,0
10:28:32.604,75,29,59,18,120.4841690,22.4501114,2783274,0,673758,0
10:28:32.713,75,29,59,18,120.4841843,22.4501553,2783274,0,673758,0
10:28:32.812,76,32,59,18,120.4841843,22.4501553,2854910,0,742694,0
10:28:32.906,77,32,59,18,120.4841843,22.4501839,2876114,0,740817,0
10:28:33.004,78,28,59,18,120.4841843,22.4501839,2921452,0,665550,0
10:28:33.113,78,29,59,18,120.4841843,22.4502144,2924734,0,682622,0
10:28:33.212,80,31,59,18,120.4841843,22.4502144,2965614,0,710430,0
10:28:33.308,80,31,60,18,120.4841843,22.4502449,2965614,0,710430,0
10:28:33.406,81,32,60,18,120.4841843,22.4502449,3004689,0,735110,0
10:28:33.523,81,34,60,18,120.4841843,22.4502735,3016416,0,776357,0
10:28:33.606,76,30,60,18,120.4841843,22.4502735,2834694,0,697732,0
10:28:33.704,77,24,60,18,120.4841843,22.4502735,2879074,0,577130,0
10:28:33.815,85,40,60,18,120.4841690,22.4503193,3167618,0,899358,0
10:28:33.902,78,35,60,18,120.4841690,22.4503193,2902278,0,801273,0
10:28:34.026,77,32,61,18,120.4841614,22.4503479,2890518,0,737163,0
10:28:34.110,81,37,61,18,120.4841614,22.4503479,3032735,0,839902,0
10:28:34.204,81,37,61,18,120.4841461,22.4503746,3032735,0,839902,0
10:28:34.302,77,35,61,18,120.4841461,22.4503746,2878257,0,795750,0
10:28:34.413,75,31,61,18,120.4841232,22.4504013,2790739,0,725028,0
10:28:34.512,74,32,61,18,120.4841232,22.4504013,2750542,0,738595,0
10:28:34.608,74,31,60,18,120.4841080,22.4504280,2754376,0,725417,0
10:28:34.706,75,33,60,18,120.4841080,22.4504280,2790725,0,757495,0
10:28:34.803,75,33,60,18,120.4840851,22.4504509,2790725,0,757495,0
10:28:34.900,73,31,60,18,120.4840851,22.4504509,2715485,0,727496,0
10:28:35.011,71,27,59,18,120.4840546,22.4504719,2664027,0,638297,0
10:28:35.108,77,32,59,18,120.4840546,22.4504719,2863257,0,736649,0
10:28:35.203,78,34,59,18,120.4840469,22.4504910,2904551,0,778715,0
10:28:35.302,78,33,59,18,120.4840469,22.4504910,2913010,0,765643,0
10:28:35.421,78,32,58,18,120.4840164,22.4505081,2895824,0,741296,0
10:28:35.502,79,33,58,18,120.4840164,22.4505081,2940170,0,757923,0
10:28:35.602,79,34,58,18,120.4840164,22.4505081,2948818,0,784419,0
10:28:35.711,79,34,59,18,120.4839706,22.4505310,2948818,0,784419,0
10:28:35.810,77,32,59,18,120.4839706,22.4505310,2890733,0,744021,0
10:28:35.903,77,31,59,18,120.4839401,22.4505424,2891297,0,721609,0
10:28:36.000,78,32,59,18,120.4839401,22.4505424,2901170,0,734116,0
10:28:36.113,78,32,59,18,120.4839172,22.4505520,2922971,0,735927,0
10:28:36.212,78,32,59,18,120.4839172,22.4505520,2915187,0,737692,0
10:28:36.308,78,32,60,18,120.4838791,22.4505577,2915187,0,737692,0
10:28:36.406,80,33,60,18,120.4838791,22.4505577,2971499,0,755322,0
10:28:36.521,80,32,60,18,120.4838409,22.4505615,2992422,0,748096,0
10:28:36.603,82,33,60,18,120.4838409,22.4505615,3067172,0,765166,0
10:28:36.711,82,32,61,18,120.4838181,22.4505634,3047603,0,731873,0
10:28:36.811,82,31,61,18,120.4838181,22.4505634,3052468,0,716998,0
10:28:36.915,82,32,62,18,120.4837723,22.4505634,3046227,0,735987,0
10:28:37.012,81,30,62,18,120.4837723,22.4505634,3029294,0,704687,0
10:28:37.102,81,30,63,18,120.4837494,22.4505577,3029294,0,704687,0
10:28:37.202,81,30,63,18,120.4837494,22.4505577,3020298,0,696612,0
10:28:37.311,81,28,65,18,120.4837112,22.4505520,3021668,0,663866,0
10:28:37.410,84,31,65,18,120.4837112,22.4505520,3124906,0,708736,0
10:28:37.532,86,31,66,18,120.4836731,22.4505424,3186895,0,720525,0
10:28:37.615,87,32,66,18,120.4836731,22.4505424,3246844,0,741113,0
10:28:37.712,86,31,66,18,120.4836731,22.4505424,3197836,0,713017,0
10:28:37.806,88,31,68,18,120.4836197,22.4505234,3277576,0,724617,0
10:28:37.906,87,32,68,18,120.4836197,22.4505234,3251704,0,738389,0
10:28:38.000,87,32,70,18,120.4835968,22.4505081,3251704,0,738389,0
10:28:38.115,96,41,70,18,120.4835968,22.4505081,3553228,0,921369,0
10:28:38.206,96,41,72,18,120.4835587,22.4504871,3553228,0,921369,0
10:28:38.306,91,35,72,18,120.4835587,22.4504871,3388985,0,806690,0
10:28:38.416,93,35,74,18,120.4835205,22.4504681,3445778,0,793873,0
10:28:38.514,94,39,74,18,120.4835205,22.4504681,3495048,0,894135,0
10:28:38.610,94,39,77,18,120.4834976,22.4504452,3495048,0,894135,0
10:28:38.710,92,46,77,18,120.4834976,22.4504452,3419751,0,1030324,0
10:28:38.810,87,50,79,18,120.4834595,22.4504185,3254438,0,1125386,0
10:28:38.916,81,53,79,18,120.4834595,22.4504185,3036186,0,1177471,0
10:28:39.010,80,56,77,18,120.4834290,22.4503937,2973650,0,1242273,0
10:28:39.110,76,55,77,18,120.4834290,22.4503937,2846071,0,1238269,0
10:28:39.220,76,55,75,18,120.4833908,22.4503689,2846071,0,1238269,0
10:28:39.302,74,56,75,18,120.4833908,22.4503689,2768399,0,1242755,0
10:28:39.413,72,55,73,18,120.4833679,22.4503460,2681118,0,1231606,0
10:28:39.510,69,53,73,18,120.4833679,22.4503460,2566751,0,1187004,0
10:28:39.611,68,53,71,18,120.4833298,22.4503231,2539877,0,1183811,0
10:28:39.710,65,48,71,18,120.4833298,22.4503231,2447544,0,1068823,0
10:28:39.810,67,44,71,18,120.4833298,22.4503231,2496442,0,997328,0
10:28:39.915,67,40,67,18,120.4832916,22.4502926,2510583,0,905564,0
10:28:40.012,68,38,67,18,120.4832916,22.4502926,2551978,0,875713,0
10:28:40.112,70,37,65,17,120.4832535,22.4502754,2601326,0,855398,0
10:28:40.212,71,37,65,17,120.4832535,22.4502754,2643047,0,836904,0
10:28:40.300,71,37,63,17,120.4832230,22.4502602,2643047,0,836904,0
10:28:40.414,72,35,63,17,120.4832230,22.4502602,2697463,0,802685,0
10:28:40.516,73,35,63,18,120.4832001,22.4502487,2736578,0,808075,0
10:28:40.616,74,36,63,18,120.4832001,22.4502487,2772837,0,826723,0
10:28:40.715,74,33,63,18,120.4832001,22.4502487,2750036,0,767288,0
10:28:40.811,74,33,62,18,120.4831467,22.4502335,2750036,0,767288,0
10:28:40.909,73,33,62,18,120.4831467,22.4502335,2733968,0,762964,0
10:28:41.015,73,32,61,18,120.4831085,22.4502277,2742652,0,746180,0
10:28:41.112,73,32,61,18,120.4831085,22.4502277,2728762,0,732547,0
10:28:41.204,73,32,61,18,120.4830856,22.4502239,2728762,0,732547,0
10:28:41.302,74,32,61,18,120.4830856,22.4502239,2768751,0,746650,0
10:28:41.418,74,33,60,18,120.4830475,22.4502239,2778749,0,766147,0
10:28:41.516,73,31,60,18,120.4830475,22.4502239,2713083,0,714445,0
10:28:41.614,73,29,60,18,120.4830475,22.4502239,2730269,0,682320,0
10:28:41.725,73,29,60,18,120.4829941,22.4502277,2730269,0,682320,0
10:28:41.806,77,32,60,18,120.4829941,22.4502277,2857057,0,730775,0
10:28:41.901,77,32,60,18,120.4829712,22.4502335,2857057,0,730775,0
10:28:42.016,77,30,60,18,120.4829712,22.4502335,2870388,0,687244,0
10:28:42.106,77,30,60,18,120.4829330,22.4502430,2870388,0,687244,0
10:28:42.204,77,29,60,18,120.4829330,22.4502430,2856813,0,685496,0
10:28:42.313,77,29,61,18,120.4829025,22.4502544,2867769,0,680808,0
10:28:42.412,76,30,61,18,120.4829025,22.4502544,2849143,0,699187,0
10:28:42.510,75,28,61,18,120.4828796,22.4502697,2787246,0,651552,0
10:28:42.608,75,27,61,18,120.4828796,22.4502697,2797401,0,627842,0
10:28:42.706,76,29,61,18,120.4828796,22.4502697,2829567,0,666552,0
10:28:42.813,77,30,61,18,120.4828415,22.4502964,2877348,0,691975,0
10:28:42.912,76,28,61,18,120.4828415,22.4502964,2840389,0,664733,0
10:28:43.010,77,29,62,17,120.4828186,22.4503174,2871225,0,682159,0
10:28:43.108,78,30,62,17,120.4828186,22.4503174,2907191,0,704197,0
10:28:43.202,78,30,62,17,120.4827881,22.4503403,2907191,0,704197,0
10:28:43.302,77,30,62,17,120.4827881,22.4503403,2873377,0,687100,0
10:28:43.421,76,28,62,17,120.4827652,22.4503651,2847066,0,654991,0
10:28:43.504,78,30,62,17,120.4827652,22.4503651,2895941,0,696960,0
10:28:43.613,79,32,62,18,120.4827499,22.4503918,2936125,0,731855,0
10:28:43.712,76,32,62,18,120.4827499,22.4503918,2839959,0,734407,0
10:28:43.810,76,32,62,18,120.4827423,22.4504185,2839959,0,734407,0
10:28:43.914,75,31,62,18,120.4827423,22.4504185,2787482,0,726831,0
10:28:44.000,75,31,62,18,120.4827271,22.4504490,2787482,0,726831,0
10:28:44.116,73,29,62,18,120.4827271,22.4504490,2715218,0,676797,0
10:28:44.204,72,29,62,18,120.4827271,22.4504490,2687684,0,673851,0
10:28:44.324,72,29,61,18,120.4827118,22.4504948,2687684,0,673851,0
10:28:44.406,74,29,61,18,120.4827118,22.4504948,2746356,0,665807,0
10:28:44.519,73,31,61,18,120.4827042,22.4505253,2735422,0,719157,0
10:28:44.600,68,25,61,18,120.4827042,22.4505253,2550522,0,588000,0
10:28:44.714,70,24,61,18,120.4827042,22.4505253,2609790,0,568492,0
10:28:44.804,70,24,59,18,120.4827042,22.4505692,2609790,0,568492,0
10:28:44.902,80,27,59,18,120.4827042,22.4505692,2969290,0,634306,0
10:28:45.012,80,27,60,18,120.4827042,22.4505997,2969290,0,634306,0
10:28:45.110,80,29,60,18,120.4827042,22.4505997,2982088,0,668449,0
10:28:45.212,77,27,61,18,120.4827118,22.4506283,2868167,0,625696,0
10:28:45.310,80,28,61,18,120.4827118,22.4506283,2968302,0,653281,0
10:28:45.429,80,31,62,18,120.4827271,22.4506588,2976274,0,721891,0
10:28:45.510,75,24,62,18,120.4827271,22.4506588,2791306,0,565889,0
10:28:45.612,75,25,63,18,120.4827423,22.4506874,2794649,0,591801,0
10:28:45.711,74,24,63,18,120.4827423,22.4506874,2757491,0,564450,0
10:28:45.806,74,24,64,18,120.4827499,22.4507160,2757491,0,564450,0
10:28:45.905,81,27,64,18,120.4827499,22.4507160,3033848,0,627216,0
10:28:46.031,81,27,64,18,120.4827652,22.4507446,3033848,0,627216,0
10:28:46.112,83,27,64,18,120.4827652,22.4507446,3092654,0,629519,0
10:28:46.211,83,27,65,18,120.4827881,22.4507694,3092654,0,629519,0
10:28:46.310,83,26,65,18,120.4827881,22.4507694,3095540,0,612279,0
10:28:46.404,83,26,67,18,120.4828186,22.4507942,3095540,0,612279,0
10:28:46.502,87,30,67,18,120.4828186,22.4507942,3231184,0,690290,0
10:28:46.601,86,29,69,18,120.4828415,22.4508171,3192703,0,676214,0
10:28:46.716,86,27,69,18,120.4828415,22.4508171,3219699,0,628425,0
10:28:46.814,87,28,69,18,120.4828415,22.4508171,3224670,0,657078,0
10:28:46.903,87,29,72,18,120.4828949,22.4508476,3254609,0,672246,0
10:28:47.001,91,33,72,18,120.4828949,22.4508476,3383875,0,751735,0
10:28:47.110,91,33,74,18,120.4829330,22.4508667,3383875,0,751735,0
10:28:47.208,90,31,74,18,120.4829330,22.4508667,3338905,0,714345,0
10:28:47.311,90,31,76,18,120.4829559,22.4508839,3338905,0,714345,0
10:28:47.409,92,34,76,18,120.4829559,22.4508839,3411823,0,775467,0
10:28:47.505,92,34,78,17,120.4829941,22.4509010,3413785,0,780616,0
10:28:47.602,93,36,78,17,120.4829941,22.4509010,3467760,0,821043,0
10:28:47.701,94,37,78,17,120.4829941,22.4509010,3486703,0,851298,0
10:28:47.823,93,39,81,17,120.4830627,22.4509201,3456770,0,885559,0
10:28:47.906,93,38,81,17,120.4830627,22.4509201,3444614,0,856972,0
10:28:48.001,93,38,83,17,120.4831085,22.4509315,3444614,0,856972,0
10:28:48.116,94,38,83,17,120.4831085,22.4509315,3479815,0,872955,0
10:28:48.213,94,38,85,17,120.4831467,22.4509430,3479815,0,872955,0
10:28:48.312,94,42,85,17,120.4831467,22.4509430,3498393,0,951242,0
10:28:48.432,98,45,88,18,120.4832001,22.4509506,3653296,0,1010044,0
10:28:48.512,99,52,88,18,120.4832001,22.4509506,3675950,0,1156239,0
10:28:48.607,99,52,89,18,120.4832382,22.4509563,3675950,0,1156239,0
10:28:48.706,96,48,89,18,120.4832382,22.4509563,3565319,0,1072299,0
10:28:48.804,97,49,89,18,120.4832382,22.4509563,3598932,0,1099031,0
10:28:48.913,97,49,92,17,120.4833145,22.4509678,3598932,0,1099031,0
10:28:49.002,96,47,92,17,120.4833145,22.4509678,3551243,0,1063356,0
10:28:49.106,91,47,93,17,120.4833679,22.4509735,3402112,0,1062116,0
10:28:49.204,84,47,93,17,120.4833679,22.4509735,3130178,0,1062572,0
10:28:49.357,80,47,94,17,120.4834213,22.4509792,2993287,0,1062061,0
10:28:49.406,79,48,94,17,120.4834213,22.4509792,2951256,0,1069209,0
10:28:49.506,78,47,94,17,120.4834213,22.4509792,2901235,0,1054761,0
10:28:49.612,78,47,91,18,120.4834976,22.4509869,2923148,0,1066634,0
10:28:49.711,77,47,91,18,120.4834976,22.4509869,2890440,0,1049789,0
10:28:49.810,77,46,91,18,120.4834976,22.4509869,2882836,0,1039350,0
10:28:49.910,77,46,88,18,120.4835587,22.4509926,2882836,0,1039350,0
10:28:50.008,77,47,88,18,120.4835587,22.4509926,2873491,0,1066600,0
10:28:50.100,77,47,87,18,120.4836121,22.4509945,2873491,0,1066600,0
10:28:50.206,79,48,87,18,120.4836121,22.4509945,2932558,0,1077688,0
10:28:50.306,78,48,85,18,120.4836578,22.4509964,2891985,0,1072772,0
10:28:50.404,76,49,85,18,120.4836578,22.4509964,2831735,0,1091639,0
10:28:50.519,76,52,83,18,120.4836960,22.4509983,2848505,0,1154716,0
10:28:50.602,73,55,83,18,120.4836960,22.4509983,2715050,0,1222932,0
10:28:50.701,72,55,83,18,120.4836960,22.4509983,2674248,0,1225482,0
10:28:50.810,72,55,80,18,120.4837646,22.4510021,2704092,0,1226285,0
10:28:50.908,73,55,80,18,120.4837646,22.4510021,2730778,0,1235353,0
10:28:51.002,73,55,78,18,120.4838181,22.4510021,2730778,0,1235353,0
10:28:51.101,72,55,78,18,120.4838181,22.4510021,2687353,0,1222785,0
10:28:51.207,72,55,76,18,120.4838562,22.4510021,2687353,0,1222785,0
10:28:51.306,73,55,76,18,120.4838562,22.4510021,2714804,0,1235663,0
10:28:51.400,73,57,73,18,120.4838943,22.4510040,2728159,0,1261253,0
10:28:51.516,71,56,73,18,120.4838943,22.4510040,2645942,0,1248545,0
10:28:51.611,70,55,71,18,120.4839325,22.4510040,2622461,0,1220562,0
10:28:51.709,72,57,71,18,120.4839325,22.4510040,2704942,0,1266713,0
10:28:51.809,72,58,71,18,120.4839325,22.4510040,2704951,0,1296882,0
10:28:51.918,72,58,68,18,120.4839935,22.4510040,2704951,0,1296882,0
10:28:52.001,70,58,68,18,120.4839935,22.4510040,2622032,0,1285994,0
10:28:52.112,70,57,66,18,120.4840164,22.4510059,2608466,0,1271798,0
10:28:52.212,69,58,66,18,120.4840164,22.4510059,2590528,0,1286382,0
10:28:52.307,69,57,64,18,120.4840546,22.4510040,2570615,0,1276253,0
10:28:52.406,69,56,64,18,120.4840546,22.4510040,2569682,0,1246260,0
10:28:52.511,69,56,62,18,120.4840927,22.4510040,2566863,0,1253374,0
10:28:52.611,67,56,62,18,120.4840927,22.4510040,2519137,0,1252456,0
10:28:52.709,66,54,62,18,120.4840927,22.4510040,2489462,0,1206737,0
10:28:52.815,67,49,58,18,120.4841461,22.4510021,2492091,0,1101480,0
10:28:52.912,70,44,58,18,120.4841461,22.4510021,2618832,0,1004493,0
10:28:53.012,72,44,58,18,120.4841461,22.4510021,2678271,0,990649,0
10:28:53.121,74,46,56,18,120.4841843,22.4509945,2769988,0,1030726,0
10:28:53.202,73,43,56,18,120.4841843,22.4509945,2720247,0,972966,0
10:28:53.315,73,43,55,18,120.4842148,22.4509869,2720247,0,972966,0
10:28:53.414,72,39,55,18,120.4842148,22.4509869,2672899,0,897454,0
10:28:53.564,72,38,53,18,120.4842529,22.4509792,2688018,0,870391,0
10:28:53.613,80,41,53,18,120.4842529,22.4509792,2968819,0,929644,0
10:28:53.712,89,47,53,18,120.4842529,22.4509792,3323328,0,1049595,0
10:28:53.817,89,47,52,18,120.4842911,22.4509640,3323328,0,1049595,0
10:28:53.910,84,44,52,18,120.4842911,22.4509640,3110660,0,986731,0
10:28:54.007,73,30,53,18,120.4843140,22.4509525,2737116,0,698106,0
10:28:54.106,79,27,53,18,120.4843140,22.4509525,2938323,0,626524,0
10:28:54.211,85,32,52,18,120.4843292,22.4509373,3155510,0,744647,0
10:28:54.310,87,35,52,18,120.4843292,22.4509373,3243847,0,813359,0
10:28:54.408,89,36,54,18,120.4843521,22.4509220,3294940,0,819633,0
10:28:54.516,89,38,54,18,120.4843521,22.4509220,3326505,0,870412,0
10:28:54.617,89,38,56,18,120.4843750,22.4509029,3326505,0,870412,0
10:28:54.716,89,39,56,18,120.4843750,22.4509029,3324306,0,889582,0
10:28:54.800,89,40,56,18,120.4843750,22.4509029,3305289,0,900880,0
10:28:54.931,90,41,58,18,120.4844131,22.4508705,3364061,0,930933,0
10:28:55.014,91,42,58,18,120.4844131,22.4508705,3381339,0,944559,0
10:28:55.104,91,42,59,18,120.4844284,22.4508476,3381339,0,944559,0
10:28:55.204,91,42,59,18,120.4844284,22.4508476,3379633,0,959371,0
10:28:55.306,91,42,61,18,120.4844513,22.4508228,3379633,0,959371,0
10:28:55.406,91,41,61,18,120.4844513,22.4508228,3401961,0,922470,0
10:28:55.543,91,41,62,18,120.4844666,22.4507961,3401961,0,922470,0
10:28:55.610,93,41,62,18,120.4844666,22.4507961,3440240,0,929619,0
10:28:55.709,95,42,62,18,120.4844666,22.4507961,3545148,0,941875,0
10:28:55.804,96,44,64,18,120.4844894,22.4507561,3551079,0,998869,0
10:28:55.902,96,42,64,18,120.4844894,22.4507561,3578798,0,948033,0
10:28:56.016,98,46,67,18,120.4845047,22.4507256,3627539,0,1032913,0
10:28:56.106,92,44,67,18,120.4845047,22.4507256,3437960,0,984900,0
10:28:56.225,92,44,69,18,120.4845200,22.4506950,3437960,0,984900,0
10:28:56.308,93,46,69,18,120.4845200,22.4506950,3460426,0,1035328,0
10:28:56.413,95,43,71,18,120.4845276,22.4506607,3517130,0,967588,0
10:28:56.512,93,36,71,18,120.4845276,22.4506607,3464655,0,816986,0
10:28:56.612,98,40,72,18,120.4845581,22.4506264,3631395,0,917733,0
10:28:56.711,99,43,72,18,120.4845581,22.4506264,3690687,0,981271,0
10:28:56.809,98,42,72,18,120.4845581,22.4506264,3657393,0,957556,0
10:28:56.918,98,42,76,18,120.4845734,22.4505749,3657393,0,957556,0
10:28:57.016,100,42,76,18,120.4845734,22.4505749,3698745,0,962215,0
10:28:57.114,100,42,79,18,120.4845810,22.4505367,3698745,0,962215,0
10:28:57.212,100,44,79,18,120.4845810,22.4505367,3713810,0,986082,0
10:28:57.308,97,47,82,18,120.4845963,22.4504967,3593674,0,1059656,0
10:28:57.406,89,46,82,18,120.4845963,22.4504967,3298361,0,1040006,0
10:28:57.502,87,46,84,18,120.4846115,22.4504566,3242269,0,1031983,0
10:28:57.600,88,47,84,18,120.4846115,22.4504566,3271830,0,1054136,0
10:28:57.716,88,46,84,18,120.4846115,22.4504566,3256908,0,1046911,0
10:28:57.826,87,47,84,18,120.4846191,22.4503956,3245149,0,1050881,0
10:28:57.909,85,46,84,18,120.4846191,22.4503956,3166621,0,1033315,0
10:28:58.022,85,46,83,18,120.4846344,22.4503536,3166621,0,1033315,0
10:28:58.106,85,45,83,18,120.4846344,22.4503536,3180612,0,1024452,0
10:28:58.201,86,46,83,18,120.4846497,22.4503117,3184818,0,1031764,0
10:28:58.301,81,42,83,18,120.4846497,22.4503117,3031338,0,944701,0
10:28:58.411,81,42,82,18,120.4846497,22.4502716,3031338,0,944701,0
10:28:58.512,77,40,82,18,120.4846497,22.4502716,2872754,0,919916,0
10:28:58.644,77,40,82,18,120.4846573,22.4502296,2872754,0,919916,0
10:28:58.711,75,41,82,18,120.4846573,22.4502296,2815341,0,921140,0
10:28:58.809,72,38,82,18,120.4846573,22.4502296,2678008,0,861134,0
10:28:58.903,71,37,78,18,120.4846573,22.4501705,2665257,0,836807,0
10:28:59.006,70,35,78,18,120.4846573,22.4501705,2606879,0,802590,0
10:28:59.101,70,35,77,18,120.4846573,22.4501305,2606879,0,802590,0
10:28:59.216,68,35,77,18,120.4846573,22.4501305,2538355,0,813816,0
10:28:59.302,68,35,75,18,120.4846573,22.4500923,2538355,0,813816,0
10:28:59.400,67,33,75,18,120.4846573,22.4500923,2515258,0,770764,0
10:28:59.521,67,34,73,18,120.4846573,22.4500561,2517655,0,783639,0
10:28:59.606,67,34,73,18,120.4846573,22.4500561,2517655,0,783639,0
10:28:59.706,65,30,73,18,120.4846573,22.4500561,2421856,0,687848,0
10:28:59.831,69,30,70,18,120.4846497,22.4500027,2591511,0,703216,0
10:28:59.912,78,32,70,18,120.4846497,22.4500027,2891587,0,739164,0
10:29:00.006,78,32,69,18,120.4846344,22.4499722,2891587,0,739164,0
10:29:00.104,78,31,69,18,120.4846344,22.4499722,2894454,0,708684,0
10:29:00.200,79,31,69,18,120.4846191,22.4499378,2932235,0,724127,0
10:29:00.314,80,32,69,18,120.4846191,22.4499378,2996179,0,748692,0
10:29:00.412,80,33,70,18,120.4845963,22.4499054,2986008,0,750923,0
10:29:00.511,78,30,70,18,120.4845963,22.4499054,2920809,0,699396,0
10:29:00.627,77,28,70,18,120.4845810,22.4498749,2881249,0,660429,0
10:29:00.709,78,30,70,18,120.4845810,22.4498749,2921235,0,688574,0
10:29:00.807,78,30,70,18,120.4845810,22.4498749,2925432,0,705125,0
10:29:00.902,76,27,71,18,120.4845428,22.4498329,2831231,0,629312,0
10:29:01.000,85,33,71,18,120.4845428,22.4498329,3159836,0,766877,0
10:29:01.110,87,35,72,18,120.4845200,22.4498043,3253916,0,803061,0
10:29:01.207,87,32,72,18,120.4845200,22.4498043,3249374,0,736321,0
10:29:01.324,87,32,74,18,120.4844894,22.4497795,3249374,0,736321,0
10:29:01.406,87,31,74,18,120.4844894,22.4497795,3233308,0,726684,0
10:29:01.515,88,33,75,18,120.4844666,22.4497547,3264320,0,757445,0
10:29:01.612,88,31,75,18,120.4844666,22.4497547,3279352,0,719203,0
10:29:01.712,89,33,75,18,120.4844666,22.4497547,3311816,0,767347,0
10:29:01.803,89,33,78,18,120.4844131,22.4497204,3311816,0,767347,0
10:29:01.900,89,30,78,18,120.4844131,22.4497204,3296018,0,707346,0
10:29:02.015,90,32,80,18,120.4843750,22.4496994,3345643,0,749373,0
10:29:02.105,91,34,80,18,120.4843750,22.4496994,3370996,0,782521,0
10:29:02.201,91,34,82,18,120.4843369,22.4496822,3370996,0,782521,0
10:29:02.316,91,31,82,18,120.4843369,22.4496822,3400623,0,726663,0
10:29:02.412,93,32,84,18,120.4842911,22.4496632,3460051,0,749113,0
10:29:02.512,96,35,84,18,120.4842911,22.4496632,3583901,0,797729,0
10:29:02.613,99,38,87,18,120.4842529,22.4496479,3658504,0,868631,0
10:29:02.712,96,37,87,18,120.4842529,22.4496479,3574581,0,854388,0
10:29:02.811,97,35,87,18,120.4842529,22.4496479,3596363,0,810651,0
10:29:02.910,97,35,91,18,120.4841843,22.4496250,3596363,0,810651,0
10:29:03.010,98,38,91,18,120.4841843,22.4496250,3639028,0,858275,0
10:29:03.104,98,38,94,18,120.4841309,22.4496136,3639028,0,858275,0
10:29:03.202,99,37,94,18,120.4841309,22.4496136,3677573,0,842694,0
10:29:03.317,100,41,97,18,120.4840851,22.4496040,3735288,0,931946,0
10:29:03.401,100,40,97,18,120.4840851,22.4496040,3707383,0,899762,0
10:29:03.507,98,38,101,18,120.4840317,22.4495926,3654732,0,871435,0
10:29:03.613,94,40,101,18,120.4840317,22.4495926,3484579,0,913607,0
10:29:03.712,96,41,101,18,120.4840317,22.4495926,3560932,0,923347,0
10:29:03.825,96,41,105,18,120.4839401,22.4495811,3560932,0,923347,0
10:29:03.914,98,39,105,18,120.4839401,22.4495811,3627061,0,887448,0
10:29:04.014,99,40,107,18,120.4838943,22.4495735,3672224,0,916362,0
10:29:04.113,100,41,107,18,120.4838943,22.4495735,3771601,0,930204,0
10:29:04.206,100,40,110,18,120.4838257,22.4495678,3715813,0,912151,0
10:29:04.304,100,42,110,18,120.4838257,22.4495678,3725459,0,946766,0
10:29:04.402,100,42,113,18,120.4837646,22.4495640,3725459,0,946766,0
10:29:04.502,100,42,113,18,120.4837646,22.4495640,3705004,0,946447,0
10:29:04.622,100,42,117,18,120.4837112,22.4495602,3705004,0,946447,0
10:29:04.715,100,40,117,18,120.4837112,22.4495602,3706490,0,901414,0
10:29:04.814,100,41,117,18,120.4837112,22.4495602,3801510,0,921814,0
10:29:04.926,100,41,122,18,120.4836121,22.4495583,3801510,0,921814,0
10:29:05.007,100,42,122,18,120.4836121,22.4495583,3806414,0,954179,0
10:29:05.121,100,42,126,18,120.4835434,22.4495583,3757923,0,942998,0
10:29:05.202,100,42,126,18,120.4835434,22.4495583,3791471,0,954154,0
10:29:05.302,100,42,129,18,120.4834671,22.4495602,3791471,0,954154,0
10:29:05.401,100,40,129,18,120.4834671,22.4495602,3782026,0,919659,0
10:29:05.546,100,41,132,18,120.4834061,22.4495640,3771151,0,935863,0
10:29:05.612,100,41,132,18,120.4834061,22.4495640,3756181,0,930877,0
10:29:05.710,100,44,132,18,120.4834061,22.4495640,3804847,0,988343,0
10:29:05.823,100,45,137,18,120.4832916,22.4495697,3752181,0,1006913,0
10:29:05.904,100,41,137,18,120.4832916,22.4495697,3734698,0,933849,0
10:29:06.003,100,41,140,18,120.4832153,22.4495735,3734698,0,933849,0
10:29:06.100,100,44,140,18,120.4832153,22.4495735,3794659,0,992589,0
10:29:06.216,100,47,140,18,120.4832153,22.4495735,3844848,0,1066137,0
10:29:06.328,100,47,145,18,120.4831009,22.4495850,3844848,0,1066137,0
10:29:06.409,100,48,145,18,120.4831009,22.4495850,3730688,0,1075608,0
10:29:06.524,95,46,148,18,120.4830246,22.4495945,3543786,0,1035496,0
10:29:06.606,83,46,148,18,120.4830246,22.4495945,3108948,0,1027143,0
10:29:06.704,80,40,148,18,120.4830246,22.4495945,2987628,0,918672,0
10:29:06.825,82,46,148,18,120.4829025,22.4496078,3060989,0,1037383,0
10:29:06.908,80,47,148,18,120.4829025,22.4496078,2996052,0,1063074,0
10:29:07.003,80,47,145,18,120.4828262,22.4496155,2996052,0,1063074,0
10:29:07.116,77,44,145,18,120.4828262,22.4496155,2856907,0,1000683,0
10:29:07.217,77,44,143,18,120.4827499,22.4496250,2856907,0,1000683,0
10:29:07.316,78,50,143,18,120.4827499,22.4496250,2901568,0,1128944,0
10:29:07.430,71,53,140,18,120.4826736,22.4496346,2665755,0,1194353,0
10:29:07.511,67,58,140,18,120.4826736,22.4496346,2513424,0,1292800,0
10:29:07.611,63,58,140,18,120.4826736,22.4496346,2349816,0,1300675,0
10:29:07.708,62,58,136,18,120.4825592,22.4496441,2333331,0,1283958,0
10:29:07.805,64,60,136,18,120.4825592,22.4496441,2394245,0,1326928,0
10:29:07.919,64,60,133,18,120.4824829,22.4496517,2394245,0,1326928,0
10:29:08.009,63,57,133,18,120.4824829,22.4496517,2356976,0,1279009,0
10:29:08.115,65,60,129,18,120.4824219,22.4496574,2440934,0,1325249,0
10:29:08.214,62,58,129,18,120.4824219,22.4496574,2325572,0,1295265,0
10:29:08.311,61,57,126,18,120.4823456,22.4496632,2295173,0,1262769,0
10:29:08.410,63,58,126,18,120.4823456,22.4496632,2350222,0,1282110,0
10:29:08.512,69,70,123,18,120.4822769,22.4496651,2571651,0,1545361,0
10:29:08.611,60,70,123,18,120.4822769,22.4496651,2266318,0,1553768,0
10:29:08.710,56,67,123,18,120.4822769,22.4496651,2089645,0,1472762,0
10:29:08.831,56,67,119,18,120.4821854,22.4496689,2089645,0,1472762,0
10:29:08.902,55,68,119,18,120.4821854,22.4496689,2052811,0,1511678,0
10:29:09.016,53,73,113,18,120.4821243,22.4496708,2008838,0,1602414,0
10:29:09.114,52,76,113,18,120.4821243,22.4496708,1973213,0,1677510,0
10:29:09.207,52,76,112,18,120.4820633,22.4496727,1973213,0,1677510,0
10:29:09.305,51,79,112,18,120.4820633,22.4496727,1936096,0,1726855,0
10:29:09.414,51,79,108,18,120.4819946,22.4496727,1936096,0,1726855,0
10:29:09.512,49,74,108,18,120.4819946,22.4496727,1839888,0,1631151,0
10:29:09.626,49,74,103,18,120.4819489,22.4496727,1839888,0,1631151,0
10:29:09.709,50,76,103,18,120.4819489,22.4496727,1887146,0,1666672,0
10:29:09.811,51,74,99,18,120.4818954,22.4496727,1929663,0,1636608,0
10:29:09.910,55,73,99,18,120.4818954,22.4496727,2058713,0,1607052,0
10:29:10.001,55,73,93,18,120.4818420,22.4496708,2058713,0,1607052,0
10:29:10.100,57,74,93,18,120.4818420,22.4496708,2125796,0,1637847,0
10:29:10.205,55,76,90,18,120.4817886,22.4496708,2074003,0,1669320,0
10:29:10.304,52,77,90,18,120.4817886,22.4496708,1952325,0,1693283,0
10:29:10.411,53,79,88,18,120.4817429,22.4496708,1989316,0,1745257,0
10:29:10.563,49,77,87,18,120.4817047,22.4496670,1835183,0,1697505,0
10:29:10.612,46,74,87,18,120.4817047,22.4496670,1748490,0,1631216,0
10:29:10.710,45,70,87,18,120.4817047,22.4496670,1704980,0,1551439,0
10:29:10.802,45,70,82,18,120.4816513,22.4496689,1704980,0,1551439,0
10:29:10.900,49,67,82,18,120.4816513,22.4496689,1854144,0,1484939,0
10:29:11.014,49,67,78,18,120.4816132,22.4496708,1854144,0,1484939,0
10:29:11.112,57,49,78,18,120.4816132,22.4496708,2127461,0,1100071,0
10:29:11.204,57,49,74,18,120.4815750,22.4496746,2127461,0,1100071,0
10:29:11.302,73,50,74,18,120.4815750,22.4496746,2731638,0,1127205,0
10:29:11.425,72,48,70,16,120.4815369,22.4496803,2680586,0,1088027,0
10:29:11.506,71,40,70,16,120.4815369,22.4496803,2638226,0,910852,0
10:29:11.601,71,40,67,17,120.4815140,22.4496880,2638226,0,910852,0
10:29:11.716,71,42,67,17,120.4815140,22.4496880,2650907,0,958317,0
10:29:11.811,71,42,65,17,120.4814682,22.4496994,2650907,0,958317,0
10:29:11.909,67,35,65,17,120.4814682,22.4496994,2507995,0,804357,0
10:29:12.014,71,33,62,17,120.4814453,22.4497108,2657180,0,754595,0
10:29:12.112,81,35,62,17,120.4814453,22.4497108,3002127,0,800446,0
10:29:12.204,79,35,61,17,120.4814224,22.4497242,2928632,0,803708,0
10:29:12.302,74,29,61,17,120.4814224,22.4497242,2764064,0,671984,0
10:29:12.412,74,29,62,18,120.4813919,22.4497433,2764064,0,671984,0
10:29:12.511,77,33,62,18,120.4813919,22.4497433,2877051,0,752199,0
10:29:12.606,77,33,61,18,120.4813538,22.4497604,2877051,0,752199,0
10:29:12.704,77,30,61,18,120.4813538,22.4497604,2884347,0,698905,0
10:29:12.812,80,31,62,18,120.4813461,22.4497833,2973814,0,727340,0
10:29:12.912,80,30,62,18,120.4813461,22.4497833,2979362,0,708132,0
10:29:13.011,80,30,63,17,120.4813156,22.4498043,2979362,0,708132,0
10:29:13.112,85,33,63,17,120.4813156,22.4498043,3147255,0,755812,0
10:29:13.210,85,33,64,16,120.4812927,22.4498310,3147255,0,755812,0
10:29:13.308,84,29,64,16,120.4812927,22.4498310,3121019,0,666625,0
10:29:13.406,87,31,65,16,120.4812775,22.4498577,3242618,0,726040,0
10:29:13.504,87,32,65,16,120.4812775,22.4498577,3243825,0,743364,0
10:29:13.618,87,32,68,16,120.4812546,22.4498882,3243825,0,743364,0
10:29:13.700,89,32,68,16,120.4812546,22.4498882,3302876,0,734148,0
10:29:13.807,91,35,69,16,120.4812393,22.4499187,3387487,0,798170,0
10:29:13.912,94,35,69,16,120.4812393,22.4499187,3488034,0,812068,0
10:29:14.011,94,35,72,16,120.4812317,22.4499512,3488034,0,812068,0
10:29:14.110,96,36,72,16,120.4812317,22.4499512,3563267,0,831848,0
10:29:14.209,96,36,74,17,120.4812164,22.4499874,3563267,0,831848,0
10:29:14.306,98,38,74,17,120.4812164,22.4499874,3648452,0,877754,0
10:29:14.408,98,38,77,17,120.4812012,22.4500237,3649572,0,876578,0
10:29:14.506,98,38,77,17,120.4812012,22.4500237,3638178,0,859494,0
10:29:14.614,100,39,81,17,120.4812012,22.4500618,3711689,0,886264,0
10:29:14.712,100,45,81,17,120.4812012,22.4500618,3801912,0,1019642,0
10:29:14.803,100,45,84,17,120.4811935,22.4501038,3801912,0,1019642,0
10:29:14.901,100,45,84,17,120.4811935,22.4501038,3784294,0,1018717,0
10:29:15.014,100,45,88,17,120.4811783,22.4501476,3805586,0,1007847,0
10:29:15.112,100,44,88,17,120.4811783,22.4501476,3773675,0,986323,0
10:29:15.210,100,45,93,17,120.4811783,22.4501915,3839636,0,1011645,0
10:29:15.309,100,43,93,17,120.4811783,22.4501915,3785170,0,974885,0
10:29:15.409,100,43,98,17,120.4811783,22.4502392,3880365,0,970887,0
10:29:15.508,100,55,98,17,120.4811783,22.4502392,3929040,0,1233006,0
10:29:15.600,100,55,101,16,120.4811783,22.4502888,3929040,0,1233006,0
10:29:15.716,100,36,101,16,120.4811783,22.4502888,3773413,0,832753,0
10:29:15.805,100,36,105,17,120.4811630,22.4503422,3773413,0,832753,0
10:29:15.902,100,50,105,17,120.4811630,22.4503422,3940696,0,1118805,0
10:29:16.014,99,50,110,17,120.4811630,22.4503975,3658234,0,1114879,0
10:29:16.112,100,44,110,17,120.4811630,22.4503975,3696599,0,997959,0
10:29:16.204,100,44,113,17,120.4811630,22.4504528,3696599,0,997959,0
10:29:16.302,100,48,113,17,120.4811630,22.4504528,3848400,0,1084896,0
10:29:16.404,100,48,116,17,120.4811630,22.4505100,3848400,0,1084896,0
10:29:16.502,100,44,116,17,120.4811630,22.4505100,3910780,0,987545,0
10:29:16.610,100,41,120,17,120.4811783,22.4505692,3875859,0,927786,0
10:29:16.710,100,53,120,17,120.4811783,22.4505692,3927627,0,1176880,0
10:29:16.810,100,50,124,17,120.4811783,22.4506321,3943706,0,1124568,0
10:29:16.909,100,40,124,17,120.4811783,22.4506321,3926617,0,903619,0
10:29:17.013,100,40,129,17,120.4811783,22.4506969,3926617,0,903619,0
10:29:17.112,100,49,129,17,120.4811783,22.4506969,3931263,0,1108104,0
10:29:17.214,100,49,133,17,120.4811783,22.4507618,3931263,0,1108104,0
10:29:17.312,100,49,133,17,120.4811783,22.4507618,3941631,0,1107295,0
10:29:17.408,100,48,138,17,120.4811935,22.4508305,3910124,0,1069722,0
10:29:17.506,100,50,138,17,120.4811935,22.4508305,3988257,0,1125341,0
10:29:17.617,100,50,142,17,120.4811935,22.4509010,3926527,0,1118180,0
10:29:17.715,100,48,142,17,120.4811935,22.4509010,3912071,0,1070912,0
10:29:17.800,100,48,146,17,120.4811935,22.4509735,3912071,0,1070912,0
10:29:17.915,100,52,146,17,120.4811935,22.4509735,3968222,0,1166832,0
10:29:18.006,100,52,150,17,120.4812012,22.4510498,3968222,0,1166832,0
10:29:18.104,100,47,150,17,120.4812012,22.4510498,3878220,0,1047819,0
10:29:18.212,100,43,155,17,120.4812012,22.4511261,3880346,0,967938,0
10:29:18.312,100,47,155,17,120.4812012,22.4511261,3825575,0,1059549,0
10:29:18.402,100,44,158,17,120.4812012,22.4512043,3866290,0,996643,0
10:29:18.516,99,45,158,17,120.4812012,22.4512043,3691749,0,1024729,0
10:29:18.642,100,47,162,17,120.4812164,22.4512863,3709379,0,1059584,0
10:29:18.707,100,46,162,17,120.4812164,22.4512863,3805640,0,1044393,0
10:29:18.806,100,33,162,17,120.4812164,22.4512863,3768803,0,765145,0
10:29:18.913,100,33,166,18,120.4812164,22.4514103,3768803,0,765145,0
10:29:19.002,100,43,166,18,120.4812164,22.4514103,3839657,0,964068,0
10:29:19.114,100,43,169,18,120.4812164,22.4514942,3825056,0,965613,0
10:29:19.212,100,43,169,18,120.4812164,22.4514942,3763403,0,978319,0
10:29:19.310,100,41,172,18,120.4812164,22.4515800,3875235,0,936236,0
10:29:19.409,100,45,172,18,120.4812164,22.4515800,3843208,0,1005326,0
10:29:19.515,100,47,175,18,120.4812164,22.4516678,3903706,0,1056239,0
10:29:19.607,100,46,175,18,120.4812164,22.4516678,3849638,0,1039933,0
10:29:19.706,100,49,175,18,120.4812164,22.4516678,3867620,0,1107396,0
10:29:19.814,100,49,181,18,120.4812164,22.4518013,3867620,0,1107396,0
10:29:19.912,100,48,181,18,120.4812164,22.4518013,3922638,0,1086288,0
10:29:20.002,100,48,184,18,120.4812164,22.4518948,3922638,0,1086288,0
10:29:20.101,100,48,184,18,120.4812164,22.4518948,3863993,0,1081257,0
10:29:20.216,100,48,187,18,120.4812164,22.4519863,3840392,0,1072432,0
10:29:20.316,100,47,187,18,120.4812164,22.4519863,3922666,0,1054422,0
10:29:20.414,100,47,191,18,120.4812164,22.4520836,3922666,0,1054422,0
10:29:20.516,100,48,191,18,120.4812164,22.4520836,3885221,0,1078905,0
10:29:20.603,100,48,194,18,120.4812164,22.4521809,3885221,0,1078905,0
10:29:20.700,100,48,194,18,120.4812164,22.4521809,3858016,0,1078643,0
10:29:20.800,100,46,194,18,120.4812164,22.4521809,3865355,0,1030616,0
10:29:20.917,100,46,199,18,120.4812012,22.4523296,3865355,0,1030616,0
10:29:21.012,100,47,199,18,120.4812012,22.4523296,3946201,0,1051987,0
10:29:21.102,100,45,202,18,120.4812012,22.4524307,3892853,0,1025743,0
10:29:21.200,100,51,202,18,120.4812012,22.4524307,3962711,0,1132972,0
10:29:21.309,100,51,204,18,120.4812012,22.4525337,3962711,0,1132972,0
10:29:21.409,96,42,204,18,120.4812012,22.4525337,3584171,0,941777,0
10:29:21.536,96,42,208,18,120.4812012,22.4526367,3584171,0,941777,0
10:29:21.602,87,45,208,18,120.4812012,22.4526367,3241534,0,1022908,0
10:29:21.700,83,51,208,18,120.4812012,22.4526367,3109218,0,1135579,0
10:29:21.812,81,47,206,18,120.4812012,22.4527912,3001279,0,1068685,0
10:29:21.912,73,53,206,18,120.4812012,22.4527912,2727635,0,1181722,0
10:29:22.022,61,57,203,17,120.4812012,22.4528942,2297108,0,1266077,0
10:29:22.104,54,65,203,17,120.4812012,22.4528942,2036049,0,1440612,0
10:29:22.214,54,65,199,18,120.4811935,22.4529953,2036049,0,1440612,0
10:29:22.312,48,77,199,18,120.4811935,22.4529953,1827248,0,1705074,0
10:29:22.412,50,83,193,18,120.4811935,22.4530945,1898092,0,1818247,0
10:29:22.512,42,78,193,18,120.4811935,22.4530945,1609468,0,1719295,0
10:29:22.629,43,78,186,17,120.4811935,22.4531879,1637892,0,1707902,0
10:29:22.712,42,77,186,17,120.4811935,22.4531879,1580877,0,1693797,0
10:29:22.811,44,81,186,17,120.4811935,22.4531879,1666345,0,1782306,0
10:29:22.902,44,80,176,17,120.4811935,22.4533253,1663268,0,1762777,0
10:29:23.001,43,82,176,17,120.4811935,22.4533253,1638823,0,1800250,0
10:29:23.111,43,81,171,17,120.4811935,22.4534111,1620057,0,1786940,0
10:29:23.209,43,82,171,17,120.4811935,22.4534111,1616332,0,1798457,0
10:29:23.302,43,82,165,17,120.4811783,22.4534969,1616332,0,1798457,0
10:29:23.400,43,81,165,17,120.4811783,22.4534969,1628500,0,1770383,0
10:29:23.541,44,83,158,16,120.4811783,22.4535751,1673977,0,1812469,0
10:29:23.609,44,80,158,16,120.4811783,22.4535751,1675931,0,1754229,0
10:29:23.707,45,79,158,16,120.4811783,22.4535751,1689085,0,1747343,0
10:29:23.814,46,79,150,18,120.4811783,22.4536934,1742098,0,1741068,0
10:29:23.902,48,76,150,18,120.4811783,22.4536934,1828843,0,1678403,0
10:29:24.007,48,76,144,18,120.4811783,22.4537659,1828843,0,1678403,0
10:29:24.106,72,55,144,18,120.4811783,22.4537659,2693676,0,1232721,0
10:29:24.215,72,55,140,18,120.4811630,22.4538383,2693676,0,1232721,0
10:29:24.314,76,51,140,18,120.4811630,22.4538383,2836714,0,1142500,0
10:29:24.402,78,50,137,18,120.4811630,22.4539070,2907553,0,1120088,0
10:29:24.500,78,50,137,18,120.4811630,22.4539070,2914069,0,1121509,0
10:29:24.604,78,49,135,18,120.4811630,22.4539757,2896123,0,1099269,0
10:29:24.701,78,47,135,18,120.4811630,22.4539757,2898165,0,1067260,0
10:29:24.801,77,47,135,18,120.4811630,22.4539757,2891128,0,1050315,0
10:29:24.918,77,46,131,18,120.4811554,22.4540768,2875773,0,1034562,0
10:29:25.000,77,46,131,18,120.4811554,22.4540768,2875773,0,1034562,0
10:29:25.109,78,48,129,18,120.4811554,22.4541416,2923389,0,1069300,0
10:29:25.207,76,46,129,18,120.4811554,22.4541416,2839636,0,1029669,0
10:29:25.301,74,43,126,18,120.4811401,22.4542046,2780296,0,976992,0
10:29:25.401,74,40,126,18,120.4811401,22.4542046,2758983,0,911965,0
10:29:25.522,76,45,124,18,120.4811249,22.4542694,2849028,0,1016678,0
10:29:25.605,74,43,124,18,120.4811249,22.4542694,2758627,0,983474,0
10:29:25.711,75,41,124,18,120.4811249,22.4542694,2800819,0,933722,0
10:29:25.802,75,41,121,18,120.4811172,22.4543591,2800819,0,933722,0
10:29:25.900,77,41,121,18,120.4811172,22.4543591,2879043,0,931188,0
10:29:26.006,77,37,119,18,120.4811020,22.4544182,2880604,0,850909,0
10:29:26.105,81,39,119,18,120.4811020,22.4544182,3032983,0,896891,0
10:29:26.201,81,39,118,18,120.4810867,22.4544773,3032983,0,896891,0
10:29:26.301,83,35,118,18,120.4810867,22.4544773,3107917,0,808023,0
10:29:26.407,83,35,118,18,120.4810715,22.4545345,3107917,0,808023,0
10:29:26.506,87,37,118,18,120.4810715,22.4545345,3228874,0,848284,0
10:29:26.621,90,41,118,18,120.4810486,22.4545898,3365212,0,932288,0
10:29:26.702,86,36,118,18,120.4810486,22.4545898,3184214,0,829897,0
10:29:26.800,82,27,118,18,120.4810486,22.4545898,3040714,0,636529,0
10:29:26.906,83,32,119,18,120.4810257,22.4546757,3102259,0,742111,0
10:29:27.004,77,27,119,18,120.4810257,22.4546757,2889048,0,632883,0
10:29:27.116,77,27,119,18,120.4809952,22.4547291,2889048,0,632883,0
10:29:27.214,82,31,119,18,120.4809952,22.4547291,3044772,0,728280,0
10:29:27.309,82,31,119,18,120.4809570,22.4547844,3044772,0,728280,0
10:29:27.409,83,41,119,18,120.4809570,22.4547844,3090798,0,939851,0
10:29:27.532,81,38,119,18,120.4809341,22.4548359,3033180,0,862629,0
10:29:27.614,79,36,119,18,120.4809341,22.4548359,2959434,0,827898,0
10:29:27.712,74,32,119,18,120.4809341,22.4548359,2767263,0,743992,0
10:29:27.802,78,37,116,18,120.4808807,22.4549141,2896138,0,841308,0
10:29:27.900,81,43,116,18,120.4808807,22.4549141,3002280,0,970005,0
10:29:28.014,82,44,116,18,120.4808578,22.4549637,3051799,0,1004649,0
10:29:28.112,81,46,116,18,120.4808578,22.4549637,3035562,0,1042333,0
10:29:28.207,81,46,115,17,120.4808197,22.4550114,3035562,0,1042333,0
10:29:28.305,79,37,115,17,120.4808197,22.4550114,2954361,0,856627,0
10:29:28.414,79,37,113,17,120.4807816,22.4550571,2954361,0,856627,0
10:29:28.512,90,60,113,17,120.4807816,22.4550571,3355497,0,1328077,0
10:29:28.610,76,45,112,18,120.4807434,22.4551048,2829315,0,1017983,0
10:29:28.709,76,46,112,18,120.4807434,22.4551048,2828794,0,1027460,0
10:29:28.807,77,47,112,18,120.4807434,22.4551048,2860708,0,1062820,0
10:29:28.917,78,50,109,18,120.4806900,22.4551697,2924030,0,1126774,0
10:29:29.006,77,53,109,18,120.4806900,22.4551697,2875307,0,1183218,0
10:29:29.101,77,53,107,18,120.4806519,22.4552116,2875307,0,1183218,0
10:29:29.215,68,55,107,18,120.4806519,22.4552116,2557387,0,1229557,0
10:29:29.309,68,55,105,18,120.4806290,22.4552536,2557387,0,1229557,0
10:29:29.407,66,63,105,18,120.4806290,22.4552536,2488492,0,1401877,0
10:29:29.523,65,65,102,18,120.4805908,22.4552937,2437112,0,1435085,0
10:29:29.606,62,65,102,18,120.4805908,22.4552937,2339150,0,1439692,0
10:29:29.706,61,66,102,18,120.4805908,22.4552937,2272632,0,1456724,0
10:29:29.800,61,66,97,17,120.4805374,22.4553528,2272632,0,1456724,0
10:29:29.916,53,58,97,17,120.4805374,22.4553528,2007097,0,1298310,0
10:29:30.026,53,58,93,17,120.4805145,22.4553909,2007097,0,1298310,0
10:29:30.109,52,56,93,17,120.4805145,22.4553909,1946175,0,1259271,0
10:29:30.216,52,52,89,17,120.4804840,22.4554272,1967751,0,1171312,0
10:29:30.316,61,48,89,17,120.4804840,22.4554272,2283270,0,1084482,0
10:29:30.410,65,44,86,17,120.4804611,22.4554634,2421082,0,992975,0
10:29:30.509,65,37,86,17,120.4804611,22.4554634,2448267,0,844880,0
10:29:30.610,65,37,84,17,120.4804382,22.4555016,2448267,0,844880,0
10:29:30.709,68,37,84,17,120.4804382,22.4555016,2546973,0,836204,0
10:29:30.809,68,37,84,17,120.4804382,22.4555016,2554998,0,838000,0
10:29:30.918,68,37,81,18,120.4804077,22.4555588,2554998,0,838000,0
10:29:31.000,67,33,81,18,120.4804077,22.4555588,2506324,0,756620,0
10:29:31.125,67,33,80,18,120.4804001,22.4555950,2522444,0,763324,0
10:29:31.206,66,32,80,18,120.4804001,22.4555950,2486384,0,730933,0
10:29:31.306,66,31,78,18,120.4803848,22.4556332,2477251,0,710266,0
10:29:31.404,67,31,78,18,120.4803848,22.4556332,2497379,0,728663,0
10:29:31.525,67,31,76,18,120.4803696,22.4556713,2503359,0,726672,0
10:29:31.614,66,31,76,18,120.4803696,22.4556713,2478595,0,720176,0
10:29:31.712,65,29,76,18,120.4803696,22.4556713,2431638,0,686666,0
10:29:31.822,65,29,73,18,120.4803696,22.4557266,2431638,0,686666,0
10:29:31.904,67,30,73,18,120.4803696,22.4557266,2520537,0,698088,0
10:29:32.016,71,29,72,18,120.4803696,22.4557629,2636408,0,673962,0
10:29:32.115,74,28,72,18,120.4803696,22.4557629,2766198,0,659062,0
10:29:32.209,75,28,72,18,120.4803696,22.4557991,2782101,0,645616,0
10:29:32.307,75,26,72,18,120.4803696,22.4557991,2784820,0,619294,0
10:29:32.400,75,26,72,18,120.4803848,22.4558353,2784820,0,619294,0
10:29:32.516,75,26,72,18,120.4803848,22.4558353,2804130,0,615483,0
10:29:32.626,75,26,72,18,120.4803848,22.4558697,2804130,0,615483,0
10:29:32.707,76,24,72,18,120.4803848,22.4558697,2854227,0,575109,0
10:29:32.805,78,26,72,18,120.4803848,22.4558697,2927791,0,606546,0
10:29:32.909,82,28,74,18,120.4804077,22.4559212,3070574,0,647962,0
10:29:33.007,85,32,74,18,120.4804077,22.4559212,3183424,0,747934,0
10:29:33.115,85,32,75,18,120.4804382,22.4559555,3172614,0,737739,0
10:29:33.214,88,34,75,18,120.4804382,22.4559555,3265405,0,787774,0
10:29:33.304,88,34,76,18,120.4804459,22.4559879,3265405,0,787774,0
10:29:33.401,85,33,76,18,120.4804459,22.4559879,3183444,0,760878,0
10:29:33.517,85,33,77,18,120.4804764,22.4560204,3183444,0,760878,0
10:29:33.615,84,32,77,18,120.4804764,22.4560204,3140607,0,738909,0
10:29:33.714,82,31,77,18,120.4804764,22.4560204,3057487,0,708846,0
10:29:33.812,82,31,79,18,120.4805145,22.4560661,3057487,0,708846,0
10:29:33.915,81,27,79,18,120.4805145,22.4560661,3014844,0,643324,0
10:29:34.046,81,27,80,18,120.4805527,22.4560947,3014844,0,643324,0
10:29:34.112,80,27,80,18,120.4805527,22.4560947,2994340,0,627728,0
10:29:34.207,80,27,81,18,120.4805756,22.4561214,2994340,0,627728,0
10:29:34.305,81,27,81,18,120.4805756,22.4561214,3004413,0,632732,0
10:29:34.416,81,27,82,18,120.4806137,22.4561481,3004413,0,632732,0
10:29:34.514,81,28,82,18,120.4806137,22.4561481,3018372,0,646990,0
10:29:34.612,79,25,83,18,120.4806519,22.4561710,2954764,0,588885,0
10:29:34.710,80,26,83,18,120.4806519,22.4561710,2979210,0,610689,0
10:29:34.814,80,25,84,17,120.4806900,22.4561920,2993023,0,597349,0
10:29:34.911,81,27,84,17,120.4806900,22.4561920,3028329,0,638395,0
10:29:35.049,82,27,85,17,120.4807281,22.4562111,3058691,0,639003,0
10:29:35.115,82,27,85,17,120.4807281,22.4562111,3058691,0,639003,0
10:29:35.214,82,29,87,17,120.4807816,22.4562263,3071046,0,667725,0
10:29:35.312,84,29,87,17,120.4807816,22.4562263,3120611,0,666216,0
10:29:35.410,86,31,88,17,120.4808197,22.4562397,3201240,0,726553,0
10:29:35.509,85,30,88,17,120.4808197,22.4562397,3179056,0,697777,0
10:29:35.607,86,30,88,17,120.4808197,22.4562397,3214012,0,692727,0
10:29:35.734,87,30,89,17,120.4808960,22.4562569,3255360,0,701394,0
10:29:35.800,87,30,89,17,120.4808960,22.4562569,3255360,0,701394,0
10:29:35.917,92,34,92,17,120.4809341,22.4562645,3427779,0,782579,0
10:29:36.015,92,34,92,17,120.4809341,22.4562645,3413895,0,790713,0
10:29:36.115,91,32,92,17,120.4809341,22.4562645,3371650,0,738371,0
10:29:36.226,91,32,95,17,120.4810104,22.4562702,3371650,0,738371,0
10:29:36.309,91,33,95,17,120.4810104,22.4562702,3377058,0,757665,0
10:29:36.420,89,30,97,17,120.4810638,22.4562721,3296660,0,693048,0
10:29:36.502,95,39,97,17,120.4810638,22.4562721,3536513,0,898091,0
10:29:36.637,90,33,99,18,120.4811249,22.4562702,3333491,0,761229,0
10:29:36.701,90,33,99,18,120.4811249,22.4562702,3333491,0,761229,0
10:29:36.800,92,32,99,18,120.4811249,22.4562702,3408089,0,735463,0
10:29:36.906,92,32,103,18,120.4812012,22.4562664,3408089,0,735463,0
10:29:37.004,98,50,103,18,120.4812012,22.4562664,3641730,0,1121782,0
10:29:37.117,96,46,105,18,120.4812546,22.4562569,3581468,0,1041330,0
10:29:37.215,96,46,105,18,120.4812546,22.4562569,3557926,0,1031336,0
10:29:37.316,96,46,107,18,120.4813156,22.4562492,3557926,0,1031336,0
10:29:37.416,97,47,107,18,120.4813156,22.4562492,3612224,0,1049686,0
10:29:37.531,97,47,108,18,120.4813690,22.4562397,3612224,0,1049686,0
10:29:37.604,98,46,108,18,120.4813690,22.4562397,3633697,0,1032105,0
10:29:37.702,100,44,108,18,120.4813690,22.4562397,3731327,0,1002334,0
10:29:37.837,100,46,111,18,120.4814606,22.4562244,3750309,0,1040980,0
10:29:37.902,100,48,111,18,120.4814606,22.4562244,3851448,0,1082466,0
10:29:38.010,100,48,115,18,120.4815216,22.4562111,3820653,0,1073199,0
10:29:38.109,100,48,115,18,120.4815216,22.4562111,3851020,0,1088944,0
10:29:38.206,100,48,119,18,120.4815903,22.4561977,3851020,0,1088944,0
10:29:38.306,100,47,119,18,120.4815903,22.4561977,3871157,0,1058528,0
10:29:38.400,100,50,124,18,120.4816513,22.4561825,3972964,0,1116080,0
10:29:38.515,100,52,124,18,120.4816513,22.4561825,3851016,0,1159068,0
10:29:38.623,100,51,128,18,120.4817123,22.4561653,3858078,0,1134276,0
10:29:38.706,100,52,128,18,120.4817123,22.4561653,3889543,0,1159610,0
10:29:38.800,100,52,132,18,120.4817810,22.4561481,3889543,0,1159610,0
10:29:38.906,100,48,132,18,120.4817810,22.4561481,3948299,0,1084612,0
10:29:39.016,100,48,137,18,120.4818573,22.4561291,3948299,0,1084612,0
10:29:39.115,100,49,137,18,120.4818573,22.4561291,3967126,0,1099657,0
10:29:39.223,100,50,141,18,120.4819336,22.4561100,3898638,0,1121901,0
10:29:39.306,100,47,141,18,120.4819336,22.4561100,3875060,0,1062918,0
10:29:39.402,100,47,145,18,120.4819946,22.4560890,3875060,0,1062918,0
10:29:39.502,100,50,145,18,120.4819946,22.4560890,3950723,0,1114261,0
10:29:39.626,100,50,150,18,120.4820709,22.4560680,3950723,0,1114261,0
10:29:39.707,100,49,150,18,120.4820709,22.4560680,3959718,0,1110086,0
10:29:39.806,100,48,154,18,120.4821625,22.4560471,3861511,0,1073766,0
10:29:39.904,91,47,154,18,120.4821625,22.4560471,3385693,0,1050662,0
10:29:40.011,82,46,158,18,120.4822388,22.4560242,3039060,0,1039976,0
10:29:40.110,82,49,158,18,120.4822388,22.4560242,3060372,0,1100747,0
10:29:40.206,82,49,156,18,120.4823151,22.4560013,3060372,0,1100747,0
10:29:40.306,80,48,156,18,120.4823151,22.4560013,2970595,0,1075155,0
10:29:40.415,80,51,154,18,120.4823914,22.4559784,2973569,0,1143797,0
10:29:40.514,63,55,154,18,120.4823914,22.4559784,2354004,0,1225696,0
10:29:40.601,58,61,152,18,120.4824829,22.4559574,2179865,0,1353745,0
10:29:40.716,55,73,152,18,120.4824829,22.4559574,2081127,0,1601334,0
10:29:40.807,52,74,148,18,120.4825592,22.4559345,1972667,0,1624065,0
10:29:40.906,51,76,148,18,120.4825592,22.4559345,1907305,0,1667503,0
10:29:41.000,51,76,143,18,120.4826202,22.4559135,1907305,0,1667503,0
10:29:41.115,49,76,143,18,120.4826202,22.4559135,1840269,0,1675886,0
10:29:41.205,49,76,139,18,120.4827042,22.4558926,1840269,0,1675886,0
10:29:41.302,50,74,139,18,120.4827042,22.4558926,1878755,0,1628052,0
10:29:41.400,52,73,134,18,120.4827805,22.4558716,1945282,0,1617110,0
10:29:41.515,53,74,134,18,120.4827805,22.4558716,1999998,0,1626557,0
10:29:41.626,53,74,129,18,120.4828415,22.4558525,1999998,0,1626557,0
10:29:41.707,53,75,129,18,120.4828415,22.4558525,1995915,0,1658102,0
10:29:41.802,52,75,124,18,120.4829025,22.4558315,1953182,0,1650207,0
10:29:41.916,56,74,124,18,120.4829025,22.4558315,2117272,0,1635854,0
10:29:42.011,58,71,120,18,120.4829712,22.4558105,2172489,0,1574850,0
10:29:42.109,60,64,120,18,120.4829712,22.4558105,2236586,0,1425543,0
10:29:42.206,60,64,116,18,120.4830246,22.4557915,2236586,0,1425543,0
10:29:42.304,62,57,116,18,120.4830246,22.4557915,2326538,0,1277241,0
10:29:42.412,62,57,113,18,120.4830856,22.4557705,2326538,0,1277241,0
10:29:42.511,70,51,113,18,120.4830856,22.4557705,2618974,0,1148586,0
10:29:42.610,70,51,110,18,120.4831390,22.4557495,2618974,0,1148586,0
10:29:42.707,72,48,110,18,120.4831390,22.4557495,2707446,0,1080365,0
10:29:42.806,74,45,110,18,120.4831390,22.4557495,2756807,0,1018412,0
10:29:42.942,74,45,107,18,120.4832230,22.4557152,2756807,0,1018412,0
10:29:43.007,75,43,107,18,120.4832230,22.4557152,2811696,0,980152,0
10:29:43.102,78,44,105,18,120.4832764,22.4556904,2908483,0,993534,0
10:29:43.201,80,43,105,18,120.4832764,22.4556904,2996465,0,975380,0
10:29:43.312,81,42,104,18,120.4833145,22.4556675,3004484,0,958677,0
10:29:43.401,82,42,104,18,120.4833145,22.4556675,3057708,0,946223,0
10:29:43.539,82,42,104,18,120.4833679,22.4556408,3057708,0,946223,0
10:29:43.606,81,42,104,18,120.4833679,22.4556408,3021932,0,959640,0
10:29:43.704,79,38,104,18,120.4833679,22.4556408,2941441,0,864209,0
10:29:43.814,78,37,103,18,120.4834442,22.4555969,2901256,0,839402,0
10:29:43.901,78,37,103,18,120.4834442,22.4555969,2913614,0,844111,0
10:29:44.014,76,35,102,18,120.4834824,22.4555645,2844462,0,807615,0
10:29:44.112,72,37,102,18,120.4834824,22.4555645,2675020,0,836073,0
10:29:44.207,72,37,102,18,120.4835205,22.4555321,2675020,0,836073,0
10:29:44.306,72,36,102,18,120.4835205,22.4555321,2681767,0,819901,0
10:29:44.400,73,38,99,18,120.4835739,22.4554996,2742526,0,876910,0
10:29:44.514,65,26,99,18,120.4835739,22.4554996,2436096,0,608703,0
10:29:44.609,70,31,98,18,120.4836121,22.4554653,2608378,0,721229,0
10:29:44.707,71,36,98,18,120.4836121,22.4554653,2654014,0,829080,0
10:29:44.804,71,36,96,18,120.4836349,22.4554291,2654014,0,829080,0
10:29:44.902,59,41,96,18,120.4836349,22.4554291,2207386,0,925206,0
10:29:45.012,59,41,94,18,120.4836731,22.4553928,2207386,0,925206,0
10:29:45.111,59,42,94,18,120.4836731,22.4553928,2204491,0,954508,0
10:29:45.206,65,45,91,18,120.4836960,22.4553547,2443156,0,1021596,0
10:29:45.303,65,41,91,18,120.4836960,22.4553547,2429748,0,932060,0
10:29:45.415,67,38,89,18,120.4837265,22.4553185,2491923,0,873903,0
10:29:45.514,68,38,89,18,120.4837265,22.4553185,2535911,0,875559,0
10:29:45.613,68,38,87,18,120.4837494,22.4552803,2559615,0,859259,0
10:29:45.711,67,36,87,18,120.4837494,22.4552803,2520685,0,825547,0
10:29:45.809,66,33,87,18,120.4837494,22.4552803,2459300,0,762556,0
10:29:45.914,66,33,83,18,120.4837723,22.4552231,2459300,0,762556,0
10:29:46.011,66,32,83,18,120.4837723,22.4552231,2470777,0,748967,0
10:29:46.107,66,32,82,18,120.4838028,22.4551849,2470777,0,748967,0
10:29:46.205,66,32,82,18,120.4838028,22.4551849,2472882,0,732830,0
10:29:46.312,68,33,80,18,120.4838181,22.4551449,2561589,0,760608,0
10:29:46.410,70,34,80,18,120.4838181,22.4551449,2631196,0,782983,0
10:29:46.506,70,34,79,18,120.4838257,22.4551048,2631196,0,782983,0
10:29:46.604,72,33,79,18,120.4838257,22.4551048,2675500,0,760148,0
10:29:46.712,72,33,78,18,120.4838257,22.4550667,2675500,0,760148,0
10:29:46.810,73,35,78,18,120.4838257,22.4550667,2721385,0,806399,0
10:29:46.919,74,35,77,18,120.4838409,22.4550285,2746297,0,808152,0
10:29:47.001,73,35,77,18,120.4838409,22.4550285,2737522,0,803440,0
10:29:47.106,74,33,76,18,120.4838409,22.4549904,2765003,0,766411,0
10:29:47.204,75,33,76,18,120.4838409,22.4549904,2800379,0,755929,0
10:29:47.309,75,33,75,18,120.4838409,22.4549522,2800379,0,755929,0
10:29:47.407,74,29,75,18,120.4838409,22.4549522,2766292,0,685106,0
10:29:47.520,74,29,75,18,120.4838257,22.4549160,2766292,0,685106,0
10:29:47.602,74,31,75,18,120.4838257,22.4549160,2774930,0,709772,0
10:29:47.715,75,29,75,18,120.4838257,22.4549160,2808442,0,685307,0
10:29:47.806,75,29,74,18,120.4838181,22.4548588,2808442,0,685307,0
10:29:47.904,77,28,74,18,120.4838181,22.4548588,2868418,0,659465,0
10:29:48.011,78,28,75,18,120.4838028,22.4548225,2897316,0,660495,0
10:29:48.111,80,30,75,18,120.4838028,22.4548225,2967240,0,692836,0
10:29:48.207,80,31,75,18,120.4837875,22.4547863,2998051,0,726531,0
10:29:48.305,80,29,75,18,120.4837875,22.4547863,2970411,0,670347,0
10:29:48.410,80,29,77,18,120.4837723,22.4547520,2970411,0,670347,0
10:29:48.509,81,30,77,18,120.4837723,22.4547520,3034801,0,695080,0
10:29:48.616,81,30,77,18,120.4837494,22.4547176,3034801,0,695080,0
10:29:48.714,80,29,77,18,120.4837494,22.4547176,2966003,0,674152,0
10:29:48.812,82,28,78,18,120.4837265,22.4546871,3044239,0,661497,0
10:29:48.901,83,32,78,18,120.4837265,22.4546871,3107208,0,748183,0
10:29:49.030,83,32,79,18,120.4836960,22.4546547,3083801,0,735564,0
10:29:49.112,84,32,79,18,120.4836960,22.4546547,3115654,0,743426,0
10:29:49.206,84,32,80,18,120.4836731,22.4546242,3115654,0,743426,0
10:29:49.305,83,33,80,18,120.4836731,22.4546242,3093645,0,760864,0
10:29:49.411,83,32,81,17,120.4836502,22.4545956,3090090,0,739845,0
10:29:49.512,81,31,81,17,120.4836502,22.4545956,3015989,0,714024,0
10:29:49.609,81,31,82,17,120.4836121,22.4545670,3015989,0,714024,0
10:29:49.709,82,32,82,17,120.4836121,22.4545670,3056693,0,738840,0
10:29:49.810,83,33,82,17,120.4835739,22.4545403,3075535,0,761400,0
10:29:49.907,83,33,82,17,120.4835739,22.4545403,3107138,0,767357,0
10:29:50.007,82,33,83,17,120.4835434,22.4545174,3055935,0,753846,0
10:29:50.105,84,31,83,17,120.4835434,22.4545174,3119532,0,716746,0
10:29:50.214,83,30,83,18,120.4835052,22.4544964,3079168,0,689508,0
10:29:50.312,82,26,83,18,120.4835052,22.4544964,3063591,0,607905,0
10:29:50.405,82,26,84,18,120.4834595,22.4544754,3063591,0,607905,0
10:29:50.504,88,38,84,18,120.4834595,22.4544754,3292497,0,869598,0
10:29:50.615,88,38,85,18,120.4834213,22.4544582,3292497,0,869598,0
10:29:50.714,88,35,85,18,120.4834213,22.4544582,3285581,0,800759,0
10:29:50.806,90,37,87,18,120.4833755,22.4544411,3355682,0,840243,0
10:29:50.904,93,39,87,18,120.4833755,22.4544411,3453614,0,882135,0
10:29:51.010,92,37,89,18,120.4833298,22.4544258,3436425,0,849394,0
10:29:51.109,95,41,89,18,120.4833298,22.4544258,3526620,0,941177,0
10:29:51.216,95,41,90,18,120.4832916,22.4544125,3526620,0,941177,0
10:29:51.314,94,41,90,18,120.4832916,22.4544125,3485654,0,927948,0
10:29:51.404,94,41,93,18,120.4832382,22.4544010,3485654,0,927948,0
10:29:51.502,95,43,93,18,120.4832382,22.4544010,3524970,0,967402,0
10:29:51.614,95,42,95,18,120.4831848,22.4543915,3538283,0,956550,0
10:29:51.712,95,42,95,18,120.4831848,22.4543915,3538788,0,959326,0
10:29:51.805,95,42,97,18,120.4831390,22.4543819,3538788,0,959326,0
10:29:51.905,94,42,97,18,120.4831390,22.4543819,3509339,0,943896,0
10:29:52.014,94,41,99,18,120.4830856,22.4543743,3506103,0,923925,0
10:29:52.112,95,42,99,18,120.4830856,22.4543743,3516691,0,942677,0
10:29:52.204,94,41,100,18,120.4830322,22.4543705,3508008,0,938935,0
10:29:52.302,94,41,100,18,120.4830322,22.4543705,3489184,0,922376,0
10:29:52.410,94,41,103,18,120.4829712,22.4543648,3489184,0,922376,0
10:29:52.508,94,43,103,18,120.4829712,22.4543648,3501642,0,974314,0
10:29:52.610,94,43,104,18,120.4829178,22.4543610,3501642,0,974314,0
10:29:52.709,78,37,104,18,120.4829178,22.4543610,2908583,0,838242,0
10:29:52.809,77,37,104,18,120.4829178,22.4543610,2881005,0,855632,0
10:29:52.926,77,37,105,17,120.4828262,22.4543610,2881005,0,855632,0
10:29:53.009,80,39,105,17,120.4828262,22.4543610,2969916,0,896852,0
10:29:53.102,82,34,104,17,120.4827805,22.4543629,3044263,0,780903,0
10:29:53.200,84,36,104,17,120.4827805,22.4543629,3142291,0,819859,0
10:29:53.309,86,37,104,17,120.4827271,22.4543686,3185830,0,845784,0
10:29:53.409,82,33,104,17,120.4827271,22.4543686,3062452,0,763224,0
10:29:53.522,79,25,104,18,120.4826660,22.4543724,2935958,0,585523,0
10:29:53.604,73,31,104,18,120.4826660,22.4543724,2737387,0,728184,0
10:29:53.702,70,32,104,18,120.4826660,22.4543724,2619062,0,736401,0
10:29:53.802,70,32,104,17,120.4825821,22.4543877,2619062,0,736401,0
10:29:53.908,72,35,104,17,120.4825821,22.4543877,2681052,0,795754,0
10:29:54.014,72,35,103,17,120.4825211,22.4543991,2683498,0,803134,0
10:29:54.141,71,34,104,16,120.4824677,22.4544125,2661881,0,792578,0
10:29:54.209,72,33,104,16,120.4824677,22.4544125,2673279,0,760393,0
10:29:54.369,69,26,100,16,120.4824219,22.4544258,2578671,0,618449,0
10:29:54.401,71,27,100,16,120.4824219,22.4544258,2658135,0,630938,0
10:29:54.501,80,34,100,16,120.4824219,22.4544258,2967416,0,783851,0
10:29:54.614,80,34,98,15,120.4823685,22.4544430,2967416,0,783851,0
10:29:54.714,85,38,98,15,120.4823685,22.4544430,3182551,0,875137,0
10:29:54.805,85,38,96,15,120.4823151,22.4544640,3182551,0,875137,0
10:29:54.904,88,39,96,15,120.4823151,22.4544640,3276491,0,879918,0
10:29:55.012,88,36,97,16,120.4822769,22.4544888,3258490,0,820247,0
10:29:55.110,85,33,97,16,120.4822769,22.4544888,3176845,0,769726,0
10:29:55.202,85,33,98,16,120.4822235,22.4545155,3176845,0,769726,0
10:29:55.300,76,25,98,16,120.4822235,22.4545155,2843505,0,596368,0
10:29:55.407,76,25,100,16,120.4821854,22.4545441,2843505,0,596368,0
10:29:55.506,79,43,100,16,120.4821854,22.4545441,2955639,0,964660,0
10:29:55.612,79,43,100,15,120.4821396,22.4545727,2955639,0,964660,0
10:29:55.710,78,46,100,15,120.4821396,22.4545727,2908780,0,1041139,0
10:29:55.809,75,45,100,15,120.4821396,22.4545727,2796543,0,1005913,0
10:29:55.914,75,45,96,16,120.4820709,22.4546185,2796543,0,1005913,0
10:29:56.012,65,55,96,16,120.4820709,22.4546185,2426179,0,1223769,0
10:29:56.104,63,59,95,16,120.4820328,22.4546490,2377213,0,1312856,0
10:29:56.202,63,60,95,16,120.4820328,22.4546490,2359238,0,1325346,0
10:29:56.307,65,63,92,16,120.4819946,22.4546795,2432348,0,1404271,0
10:29:56.405,68,67,92,16,120.4819946,22.4546795,2548917,0,1478922,0
10:29:56.541,68,67,89,16,120.4819717,22.4547100,2548917,0,1478922,0
10:29:56.606,61,67,89,16,120.4819717,22.4547100,2280244,0,1474531,0
10:29:56.702,56,67,87,17,120.4819336,22.4547405,2091910,0,1491631,0
10:29:56.800,56,71,87,17,120.4819336,22.4547405,2113617,0,1563171,0
10:29:56.907,54,73,83,17,120.4818954,22.4547691,2020876,0,1607076,0
10:29:57.006,52,74,83,17,120.4818954,22.4547691,1963635,0,1634349,0
10:29:57.101,52,74,79,17,120.4818726,22.4547977,1963635,0,1634349,0
10:29:57.201,51,76,79,17,120.4818726,22.4547977,1922480,0,1669662,0
10:29:57.314,50,77,74,17,120.4818420,22.4548244,1896351,0,1696393,0
10:29:57.415,51,78,74,17,120.4818420,22.4548244,1937883,0,1716305,0
10:29:57.511,52,75,71,17,120.4818039,22.4548473,1966632,0,1658928,0
10:29:57.610,55,70,71,17,120.4818039,22.4548473,2062324,0,1546116,0
10:29:57.709,56,67,71,17,120.4818039,22.4548473,2100645,0,1476659,0
10:29:57.815,57,63,65,17,120.4817657,22.4548817,2131723,0,1406815,0
10:29:57.915,60,62,65,17,120.4817657,22.4548817,2264676,0,1377687,0
10:29:58.022,60,62,62,17,120.4817429,22.4549007,2264676,0,1377687,0
10:29:58.104,60,58,62,17,120.4817429,22.4549007,2258475,0,1290472,0
10:29:58.200,61,54,59,18,120.4817123,22.4549179,2303050,0,1199036,0
10:29:58.315,62,51,59,18,120.4817123,22.4549179,2343186,0,1133644,0
10:29:58.409,64,51,56,18,120.4816895,22.4549332,2381278,0,1148965,0
10:29:58.507,63,51,56,18,120.4816895,22.4549332,2368283,0,1135725,0
10:29:58.620,62,51,54,18,120.4816666,22.4549465,2333912,0,1146765,0
10:29:58.702,60,45,54,18,120.4816666,22.4549465,2246499,0,1018377,0
10:29:58.815,63,45,54,18,120.4816666,22.4549465,2362916,0,1016289,0
10:29:58.905,63,45,51,18,120.4816284,22.4549618,2362916,0,1016289,0
10:29:59.009,72,45,51,18,120.4816284,22.4549618,2673677,0,1022300,0
10:29:59.100,72,45,49,18,120.4815979,22.4549675,2673677,0,1022300,0
10:29:59.215,56,26,49,18,120.4815979,22.4549675,2114034,0,603170,0
10:29:59.312,61,20,48,17,120.4815750,22.4549732,2301185,0,478552,0
10:29:59.410,73,36,48,17,120.4815750,22.4549732,2720758,0,828163,0
10:29:59.543,73,41,45,17,120.4815521,22.4549751,2726139,0,933301,0
10:29:59.609,69,37,45,17,120.4815521,22.4549751,2570994,0,846543,0
10:29:59.707,68,35,45,17,120.4815521,22.4549751,2543211,0,797591,0
10:29:59.812,67,35,44,18,120.4815140,22.4549732,2502587,0,799251,0
10:29:59.910,69,35,44,18,120.4815140,22.4549732,2586377,0,803057,0
10:30:00.005,69,35,43,18,120.4814835,22.4549675,2586377,0,803057,0
10:30:00.103,73,32,43,18,120.4814835,22.4549675,2723405,0,746212,0
10:30:00.211,73,32,41,18,120.4814606,22.4549599,2723405,0,746212,0
10:30:00.309,76,31,41,18,120.4814606,22.4549599,2846931,0,721659,0
10:30:00.403,77,32,41,18,120.4814453,22.4549522,2889088,0,747302,0
10:30:00.501,78,31,41,18,120.4814453,22.4549522,2897806,0,716140,0
10:30:00.605,78,30,42,18,120.4814224,22.4549408,2905907,0,695818,0
10:30:00.704,80,30,42,18,120.4814224,22.4549408,2987143,0,707352,0
10:30:00.802,85,33,42,18,120.4814224,22.4549408,3168325,0,754023,0
10:30:00.906,84,35,44,18,120.4813919,22.4549179,3141004,0,806633,0
10:30:01.005,83,31,44,18,120.4813919,22.4549179,3097912,0,728490,0
10:30:01.100,83,31,45,18,120.4813843,22.4549007,3097912,0,728490,0
10:30:01.215,86,30,45,18,120.4813843,22.4549007,3185353,0,699905,0
10:30:01.309,86,30,47,18,120.4813690,22.4548817,3185353,0,699905,0
10:30:01.414,90,38,47,18,120.4813690,22.4548817,3351159,0,860789,0
10:30:01.520,90,35,49,18,120.4813538,22.4548588,3332923,0,809809,0
10:30:01.602,89,33,49,18,120.4813538,22.4548588,3321219,0,754015,0
10:30:01.701,91,33,49,18,120.4813538,22.4548588,3401516,0,767197,0
10:30:01.810,91,33,52,18,120.4813461,22.4548244,3401516,0,767197,0
10:30:01.909,91,32,52,18,120.4813461,22.4548244,3397511,0,740354,0
10:30:02.002,91,32,54,18,120.4813309,22.4547977,3397511,0,740354,0
10:30:02.101,96,34,54,18,120.4813309,22.4547977,3570277,0,782134,0
10:30:02.212,98,35,58,18,120.4813309,22.4547672,3648931,0,798582,0
10:30:02.311,100,39,58,18,120.4813309,22.4547672,3775466,0,879110,0
10:30:02.405,100,42,62,18,120.4813309,22.4547367,3798968,0,953276,0
10:30:02.504,100,43,62,18,120.4813309,22.4547367,3861556,0,971661,0
10:30:02.620,100,43,66,18,120.4813309,22.4547062,3829917,0,973113,0
10:30:02.701,100,46,66,18,120.4813309,22.4547062,3880953,0,1039055,0
10:30:02.801,100,46,66,18,120.4813309,22.4547062,3871566,0,1045520,0
10:30:02.900,100,47,73,18,120.4813309,22.4546547,3874957,0,1067004,0
10:30:03.000,100,50,73,18,120.4813309,22.4546547,3968120,0,1128854,0
10:30:03.136,100,50,77,18,120.4813309,22.4546165,3968120,0,1128854,0
10:30:03.202,100,49,77,18,120.4813309,22.4546165,3880775,0,1103349,0
10:30:03.314,100,49,82,18,120.4813309,22.4545765,3879378,0,1096481,0
10:30:03.414,100,48,82,18,120.4813309,22.4545765,3910938,0,1077343,0
10:30:03.512,100,43,86,18,120.4813309,22.4545345,3820557,0,980733,0
10:30:03.610,100,44,86,18,120.4813309,22.4545345,3921078,0,998091,0
10:30:03.709,100,48,86,18,120.4813309,22.4545345,3950216,0,1073174,0
10:30:03.817,100,47,94,18,120.4813309,22.4544678,3913885,0,1065145,0
10:30:03.905,100,48,94,18,120.4813309,22.4544678,3982983,0,1089767,0
10:30:04.016,100,48,99,18,120.4813309,22.4544182,3982983,0,1089767,0
10:30:04.100,100,50,99,18,120.4813309,22.4544182,4002280,0,1111784,0
10:30:04.211,100,47,105,18,120.4813309,22.4543667,3978595,0,1054659,0
10:30:04.310,100,46,105,18,120.4813309,22.4543667,3945214,0,1038673,0
10:30:04.412,100,47,110,18,120.4813309,22.4543114,3966292,0,1064403,0
10:30:04.510,100,47,110,18,120.4813309,22.4543114,4015020,0,1068744,0
10:30:04.656,100,46,115,18,120.4813309,22.4542561,3943998,0,1037128,0
10:30:04.706,100,46,115,18,120.4813309,22.4542561,3943998,0,1037128,0
10:30:04.803,100,46,115,18,120.4813309,22.4542561,3982216,0,1027522,0
10:30:04.914,100,46,123,18,120.4813461,22.4541664,3982216,0,1027522,0
10:30:05.012,100,47,123,18,120.4813461,22.4541664,3947295,0,1057308,0
10:30:05.106,100,50,128,18,120.4813461,22.4541016,3929752,0,1112225,0
10:30:05.205,100,45,128,18,120.4813461,22.4541016,3857290,0,1013689,0
10:30:05.308,100,48,132,18,120.4813461,22.4540367,3977654,0,1084198,0
10:30:05.406,100,46,132,18,120.4813461,22.4540367,3799363,0,1033709,0
10:30:05.521,90,44,137,18,120.4813461,22.4539680,3346447,0,994274,0
10:30:05.602,80,47,137,18,120.4813461,22.4539680,2970837,0,1057284,0
10:30:05.700,76,45,137,18,120.4813461,22.4539680,2837998,0,1008341,0
10:30:05.810,77,46,137,18,120.4813538,22.4538651,2869942,0,1039152,0
10:30:05.909,77,46,137,18,120.4813538,22.4538651,2864121,0,1037976,0
10:30:06.004,77,46,135,18,120.4813538,22.4537964,2864121,0,1037976,0
10:30:06.102,77,48,135,18,120.4813538,22.4537964,2859776,0,1085923,0
10:30:06.212,77,50,132,18,120.4813538,22.4537296,2860462,0,1117111,0
10:30:06.312,75,50,132,18,120.4813538,22.4537296,2800719,0,1111234,0
10:30:06.424,74,52,129,18,120.4813538,22.4536648,2763996,0,1165372,0
10:30:06.506,68,55,129,18,120.4813538,22.4536648,2555149,0,1225866,0
10:30:06.616,68,55,127,18,120.4813538,22.4535999,2555149,0,1225866,0
10:30:06.715,63,61,127,18,120.4813538,22.4535999,2346242,0,1348960,0
10:30:06.814,58,60,127,18,120.4813538,22.4535999,2171355,0,1333359,0
10:30:06.922,58,60,122,18,120.4813690,22.4535065,2171355,0,1333359,0
10:30:07.005,59,66,122,18,120.4813690,22.4535065,2230736,0,1455967,0
10:30:07.122,59,68,118,18,120.4813690,22.4534473,2233950,0,1495694,0
10:30:07.212,58,67,118,18,120.4813690,22.4534473,2183536,0,1472208,0
10:30:07.307,58,67,114,18,120.4813690,22.4533863,2183536,0,1472208,0
10:30:07.405,58,69,114,18,120.4813690,22.4533863,2185858,0,1522882,0
10:30:07.546,56,69,110,18,120.4813690,22.4533310,2114789,0,1520267,0
10:30:07.612,56,69,110,18,120.4813690,22.4533310,2090001,0,1535389,0
10:30:07.710,54,70,110,18,120.4813690,22.4533310,2038845,0,1549436,0
10:30:07.819,54,73,105,18,120.4813690,22.4532490,2022332,0,1599128,0
10:30:07.901,52,73,105,18,120.4813690,22.4532490,1952338,0,1610979,0
10:30:08.011,52,73,101,18,120.4813843,22.4531975,1952338,0,1610979,0
10:30:08.110,49,75,101,18,120.4813843,22.4531975,1861884,0,1643978,0
10:30:08.206,49,75,96,18,120.4813843,22.4531479,1861884,0,1643978,0
10:30:08.304,48,64,96,18,120.4813843,22.4531479,1827811,0,1420926,0
10:30:08.415,52,71,92,18,120.4813843,22.4531021,1962935,0,1575995,0
10:30:08.514,47,66,92,18,120.4813843,22.4531021,1792607,0,1455350,0
10:30:08.625,49,64,88,18,120.4813919,22.4530582,1856859,0,1418387,0
10:30:08.709,55,59,88,18,120.4813919,22.4530582,2064183,0,1309641,0
10:30:08.809,62,54,88,18,120.4813919,22.4530582,2330442,0,1214402,0
10:30:08.917,67,50,82,18,120.4814072,22.4529953,2516419,0,1131492,0
10:30:09.006,70,47,82,18,120.4814072,22.4529953,2614924,0,1052771,0
10:30:09.100,70,47,81,18,120.4814072,22.4529552,2614924,0,1052771,0
10:30:09.214,70,43,81,18,120.4814072,22.4529552,2606626,0,978544,0
10:30:09.306,69,43,78,18,120.4814224,22.4529171,2567764,0,976013,0
10:30:09.405,73,38,78,18,120.4814224,22.4529171,2732877,0,871921,0
10:30:09.539,77,40,76,18,120.4814301,22.4528809,2876986,0,908651,0
10:30:09.605,77,36,76,18,120.4814301,22.4528809,2858167,0,815777,0
10:30:09.704,77,36,76,18,120.4814301,22.4528809,2869080,0,818999,0
10:30:09.812,77,36,75,18,120.4814606,22.4528275,2869080,0,818999,0
10:30:09.912,71,29,75,18,120.4814606,22.4528275,2666133,0,670404,0
10:30:10.005,71,29,75,18,120.4814835,22.4527950,2666133,0,670404,0
10:30:10.103,69,28,75,18,120.4814835,22.4527950,2566240,0,654393,0
10:30:10.214,70,26,75,18,120.4815140,22.4527626,2601384,0,610842,0
10:30:10.311,74,30,75,18,120.4815140,22.4527626,2749760,0,698320,0
10:30:10.410,75,32,74,18,120.4815369,22.4527340,2786140,0,732086,0
10:30:10.507,75,32,74,18,120.4815369,22.4527340,2797134,0,740199,0
10:30:10.613,75,32,73,18,120.4815598,22.4527073,2797134,0,740199,0
10:30:10.711,74,30,73,18,120.4815598,22.4527073,2761847,0,700247,0
10:30:10.811,74,29,73,18,120.4815598,22.4527073,2777891,0,683589,0
10:30:10.920,74,29,73,18,120.4815979,22.4526691,2777891,0,683589,0
10:30:11.002,78,32,73,18,120.4815979,22.4526691,2906461,0,740453,0
10:30:11.114,76,32,73,18,120.4816360,22.4526463,2829534,0,730775,0
10:30:11.211,75,29,73,18,120.4816360,22.4526463,2794542,0,670037,0
10:30:11.311,76,30,73,18,120.4816666,22.4526253,2852697,0,704543,0
10:30:11.411,78,32,73,18,120.4816666,22.4526253,2915613,0,737765,0
10:30:11.555,80,32,74,18,120.4817047,22.4526062,2980748,0,738227,0
10:30:11.605,80,32,74,18,120.4817047,22.4526062,2980748,0,738227,0
10:30:11.703,80,30,74,18,120.4817047,22.4526062,2996498,0,701880,0
10:30:11.809,80,30,75,18,120.4817505,22.4525833,2996498,0,701880,0
10:30:11.907,84,31,75,18,120.4817505,22.4525833,3125848,0,710407,0
10:30:12.001,87,32,75,18,120.4817886,22.4525719,3224677,0,729918,0
10:30:12.100,87,31,75,18,120.4817886,22.4525719,3254298,0,720451,0
10:30:12.214,87,30,77,18,120.4818268,22.4525623,3254778,0,706814,0
10:30:12.312,89,34,77,18,120.4818268,22.4525623,3307581,0,786767,0
10:30:12.406,89,34,79,18,120.4818802,22.4525528,3307581,0,786767,0
10:30:12.504,88,32,79,18,120.4818802,22.4525528,3278357,0,735875,0
10:30:12.620,88,31,81,17,120.4819183,22.4525471,3270197,0,713866,0
10:30:12.702,91,35,81,17,120.4819183,22.4525471,3390521,0,795251,0
10:30:12.816,95,37,81,17,120.4819183,22.4525471,3516898,0,845376,0
10:30:12.926,94,35,84,17,120.4819870,22.4525414,3502193,0,795648,0
10:30:13.009,97,37,84,17,120.4819870,22.4525414,3615375,0,842092,0
10:30:13.100,97,37,87,17,120.4820328,22.4525414,3615375,0,842092,0
10:30:13.207,99,40,87,17,120.4820328,22.4525414,3672572,0,910133,0
10:30:13.300,99,38,90,17,120.4820862,22.4525414,3683401,0,866011,0
10:30:13.415,100,41,90,17,120.4820862,22.4525414,3779903,0,932760,0
10:30:13.514,100,44,94,17,120.4821396,22.4525433,3827984,0,991399,0
10:30:13.611,100,42,94,17,120.4821396,22.4525433,3782110,0,951680,0
10:30:13.711,100,44,94,17,120.4821396,22.4525433,3874236,0,985547,0
10:30:13.821,100,47,100,18,120.4822159,22.4525509,3868528,0,1062424,0
10:30:13.910,99,49,100,18,120.4822159,22.4525509,3665028,0,1095152,0
10:30:14.007,99,49,104,18,120.4822693,22.4525547,3665028,0,1095152,0
10:30:14.105,81,46,104,18,120.4822693,22.4525547,3013283,0,1040917,0
10:30:14.203,78,47,107,18,120.4823303,22.4525623,2927884,0,1061871,0
10:30:14.303,79,48,107,18,120.4823303,22.4525623,2930007,0,1072014,0
10:30:14.401,77,47,107,18,120.4823303,22.4525623,2880575,0,1056648,0
10:30:14.539,79,49,103,18,120.4824066,22.4525719,2939076,0,1094585,0
10:30:14.605,80,50,103,18,120.4824066,22.4525719,2986008,0,1124750,0
10:30:14.703,80,51,103,18,120.4824066,22.4525719,2965699,0,1137201,0
10:30:14.831,79,49,100,18,120.4824829,22.4525814,2934559,0,1100289,0
10:30:14.915,76,47,100,18,120.4824829,22.4525814,2846129,0,1052798,0
10:30:15.015,76,47,98,17,120.4825439,22.4525871,2846129,0,1052798,0
10:30:15.115,75,52,98,17,120.4825439,22.4525871,2784368,0,1162279,0
10:30:15.215,74,54,98,17,120.4825439,22.4525871,2762727,0,1201747,0
10:30:15.326,74,54,95,17,120.4826202,22.4525948,2762727,0,1201747,0
10:30:15.409,69,56,95,17,120.4826202,22.4525948,2580463,0,1245835,0
10:30:15.524,63,58,93,17,120.4826736,22.4526005,2367180,0,1288547,0
10:30:15.606,61,62,93,17,120.4826736,22.4526005,2290000,0,1371722,0
10:30:15.703,60,65,93,17,120.4826736,22.4526005,2255910,0,1444713,0
10:30:15.809,58,68,88,16,120.4827423,22.4526062,2178733,0,1508206,0
10:30:15.907,55,70,88,16,120.4827423,22.4526062,2058394,0,1535622,0
10:30:16.021,55,70,84,16,120.4827881,22.4526100,2058394,0,1535622,0
10:30:16.104,55,71,84,16,120.4827881,22.4526100,2073184,0,1558298,0
10:30:16.219,57,69,81,17,120.4828262,22.4526119,2129973,0,1526843,0
10:30:16.301,58,68,81,17,120.4828262,22.4526119,2195043,0,1494434,0
10:30:16.411,61,68,77,18,120.4828796,22.4526119,2305778,0,1502363,0
10:30:16.511,63,66,77,18,120.4828796,22.4526119,2370515,0,1452142,0
10:30:16.626,64,68,74,17,120.4829178,22.4526138,2384513,0,1501289,0
10:30:16.707,61,69,74,17,120.4829178,22.4526138,2279282,0,1527820,0
10:30:16.806,58,67,74,17,120.4829178,22.4526138,2165462,0,1481912,0
10:30:16.915,58,67,69,18,120.4829712,22.4526138,2165462,0,1481912,0
10:30:17.011,56,65,69,18,120.4829712,22.4526138,2116969,0,1441056,0
10:30:17.111,56,65,69,18,120.4829712,22.4526138,2115803,0,1435849,0
10:30:17.225,56,65,65,18,120.4830322,22.4526119,2115803,0,1435849,0
10:30:17.307,55,63,65,18,120.4830322,22.4526119,2072289,0,1391760,0
10:30:17.422,55,62,61,17,120.4830627,22.4526100,2082320,0,1386036,0
10:30:17.505,53,60,61,17,120.4830627,22.4526100,2012477,0,1344203,0
10:30:17.605,52,57,61,17,120.4830627,22.4526100,1964690,0,1275380,0
10:30:17.729,53,56,57,18,120.4831085,22.4526024,1998874,0,1248766,0
10:30:17.811,56,56,57,18,120.4831085,22.4526024,2104557,0,1255472,0
10:30:17.912,55,55,57,18,120.4831085,22.4526024,2054368,0,1232806,0
10:30:18.001,55,55,53,17,120.4831467,22.4525909,2054368,0,1232806,0
10:30:18.115,60,49,53,17,120.4831467,22.4525909,2245724,0,1098023,0
10:30:18.212,60,49,50,18,120.4831772,22.4525814,2245724,0,1098023,0
10:30:18.310,67,46,50,18,120.4831772,22.4525814,2501146,0,1032345,0
10:30:18.402,67,44,47,18,120.4832001,22.4525700,2505014,0,984621,0
10:30:18.501,63,37,47,18,120.4832001,22.4525700,2371705,0,855718,0
10:30:18.619,61,32,47,18,120.4832230,22.4525566,2298902,0,745679,0
10:30:18.700,61,31,47,18,120.4832230,22.4525566,2306331,0,715128,0
10:30:18.815,63,32,47,18,120.4832230,22.4525566,2365847,0,733732,0
10:30:18.924,63,32,44,18,120.4832535,22.4525337,2365847,0,733732,0
10:30:19.011,65,32,44,18,120.4832535,22.4525337,2425052,0,747503,0
10:30:19.107,66,34,43,18,120.4832611,22.4525166,2487242,0,781728,0
10:30:19.212,66,33,43,18,120.4832611,22.4525166,2458031,0,753211,0
10:30:19.307,66,33,41,18,120.4832764,22.4524975,2458031,0,753211,0
10:30:19.405,75,31,41,18,120.4832764,22.4524975,2789854,0,728179,0
10:30:19.521,75,31,40,18,120.4832916,22.4524784,2789854,0,728179,0
10:30:19.602,76,32,40,18,120.4832916,22.4524784,2825931,0,733560,0
10:30:19.701,76,29,40,18,120.4832916,22.4524784,2827916,0,679854,0
10:30:19.827,76,29,42,18,120.4832916,22.4524479,2827916,0,679854,0
10:30:19.909,77,31,42,18,120.4832916,22.4524479,2889233,0,716306,0
10:30:20.022,75,31,43,18,120.4832916,22.4524269,2815943,0,718907,0
10:30:20.103,71,29,43,18,120.4832916,22.4524269,2665446,0,684514,0
10:30:20.215,71,29,43,18,120.4832916,22.4524040,2665446,0,684514,0
10:30:20.314,72,31,43,18,120.4832916,22.4524040,2688074,0,722196,0
10:30:20.411,72,31,43,18,120.4832916,22.4523849,2688074,0,722196,0
10:30:20.510,74,30,43,18,120.4832916,22.4523849,2759122,0,707070,0
10:30:20.605,76,30,42,18,120.4832764,22.4523640,2820449,0,688661,0
10:30:20.703,80,30,42,18,120.4832764,22.4523640,2984611,0,695878,0
10:30:20.801,83,31,42,18,120.4832764,22.4523640,3080875,0,727885,0
10:30:20.920,84,32,45,18,120.4832611,22.4523335,3146896,0,747393,0
10:30:21.002,86,31,45,18,120.4832611,22.4523335,3197458,0,722681,0
10:30:21.111,86,31,47,18,120.4832535,22.4523144,3197458,0,722681,0
10:30:21.210,85,31,47,18,120.4832535,22.4523144,3181690,0,714737,0
10:30:21.305,85,31,49,18,120.4832230,22.4522972,3181690,0,714737,0
10:30:21.403,87,31,49,18,120.4832230,22.4522972,3230141,0,711352,0
10:30:21.516,87,32,51,18,120.4832153,22.4522820,3255997,0,732865,0
10:30:21.614,89,32,51,18,120.4832153,22.4522820,3304406,0,734735,0
10:30:21.711,91,33,51,18,120.4832153,22.4522820,3371901,0,753472,0
10:30:21.819,92,34,55,18,120.4831772,22.4522591,3415735,0,785557,0
10:30:21.901,93,33,55,18,120.4831772,22.4522591,3451295,0,755133,0
10:30:22.009,93,33,57,18,120.4831467,22.4522457,3451295,0,755133,0
10:30:22.109,93,34,57,18,120.4831467,22.4522457,3472184,0,777518,0
10:30:22.215,93,34,60,18,120.4831085,22.4522343,3472184,0,777518,0
10:30:22.314,95,34,60,18,120.4831085,22.4522343,3528185,0,782463,0
10:30:22.409,96,35,63,18,120.4830856,22.4522247,3550953,0,793030,0
10:30:22.507,95,36,63,18,120.4830856,22.4522247,3543764,0,827624,0
10:30:22.605,95,35,66,18,120.4830475,22.4522171,3542003,0,813760,0
10:30:22.703,96,35,66,18,120.4830475,22.4522171,3573043,0,811550,0
10:30:22.801,96,37,66,18,120.4830475,22.4522171,3578627,0,843253,0
10:30:22.907,96,36,71,18,120.4829941,22.4522095,3574292,0,834264,0
10:30:23.006,98,38,71,18,120.4829941,22.4522095,3651896,0,863331,0
10:30:23.100,98,38,74,18,120.4829559,22.4522057,3651896,0,863331,0
10:30:23.215,98,38,74,18,120.4829559,22.4522057,3647890,0,872925,0
10:30:23.309,98,38,77,18,120.4829025,22.4522057,3647890,0,872925,0
10:30:23.408,100,42,77,18,120.4829025,22.4522057,3718619,0,952352,0
10:30:23.517,100,42,80,18,120.4828644,22.4522057,3712233,0,961293,0
10:30:23.616,100,43,80,18,120.4828644,22.4522057,3714359,0,982923,0
10:30:23.715,100,44,80,18,120.4828644,22.4522057,3715307,0,997605,0
10:30:23.806,100,46,85,18,120.4828033,22.4522076,3749619,0,1046190,0
10:30:23.910,100,48,85,18,120.4828033,22.4522076,3757082,0,1076699,0
10:30:24.006,100,48,89,18,120.4827499,22.4522133,3757082,0,1076699,0
10:30:24.105,100,49,89,18,120.4827499,22.4522133,3811723,0,1104131,0
10:30:24.219,100,51,92,18,120.4827042,22.4522171,3800856,0,1135998,0
10:30:24.302,93,50,92,18,120.4827042,22.4522171,3447019,0,1121217,0
10:30:24.415,81,47,96,18,120.4826508,22.4522228,3006871,0,1055002,0
10:30:24.514,79,46,96,18,120.4826508,22.4522228,2930262,0,1028144,0
10:30:24.616,79,46,94,18,120.4825974,22.4522266,2947296,0,1042303,0
10:30:24.714,79,47,94,18,120.4825974,22.4522266,2948276,0,1062192,0
10:30:24.812,79,46,94,18,120.4825974,22.4522266,2936357,0,1044041,0
10:30:24.901,79,46,91,18,120.4825211,22.4522324,2936357,0,1044041,0
10:30:25.000,77,47,91,18,120.4825211,22.4522324,2878053,0,1057775,0
10:30:25.114,75,41,89,18,120.4824829,22.4522343,2818111,0,927917,0
10:30:25.204,79,45,89,18,120.4824829,22.4522343,2949090,0,1021491,0
10:30:25.300,79,45,87,18,120.4824295,22.4522381,2949090,0,1021491,0
10:30:25.415,81,48,87,18,120.4824295,22.4522381,3018252,0,1083613,0
10:30:25.515,81,48,85,18,120.4823837,22.4522400,3018252,0,1083613,0
10:30:25.615,78,48,85,18,120.4823837,22.4522400,2895949,0,1074166,0
10:30:25.715,77,47,85,18,120.4823837,22.4522400,2874109,0,1068090,0
10:30:25.826,77,47,82,18,120.4823151,22.4522419,2874109,0,1068090,0
10:30:25.910,77,49,82,18,120.4823151,22.4522419,2872118,0,1105272,0
10:30:26.007,77,50,81,18,120.4822693,22.4522438,2857847,0,1113083,0
10:30:26.105,76,48,81,18,120.4822693,22.4522438,2846725,0,1083652,0
10:30:26.200,76,48,79,18,120.4822235,22.4522438,2846725,0,1083652,0
10:30:26.315,77,51,79,18,120.4822235,22.4522438,2863173,0,1146351,0
10:30:26.410,77,51,77,18,120.4821854,22.4522438,2863173,0,1146351,0
10:30:26.509,72,53,77,18,120.4821854,22.4522438,2704615,0,1185750,0
10:30:26.640,69,53,75,18,120.4821396,22.4522438,2593848,0,1192295,0
10:30:26.706,67,54,75,18,120.4821396,22.4522438,2497204,0,1215467,0
10:30:26.805,64,55,75,18,120.4821396,22.4522438,2414196,0,1233319,0
10:30:26.930,63,57,71,18,120.4820862,22.4522400,2364638,0,1267209,0
10:30:27.012,60,58,71,18,120.4820862,22.4522400,2248123,0,1286541,0
10:30:27.111,60,58,69,18,120.4820480,22.4522362,2248123,0,1286541,0
10:30:27.210,59,58,69,18,120.4820480,22.4522362,2227605,0,1301419,0
10:30:27.306,58,59,65,18,120.4820099,22.4522343,2186192,0,1305590,0
10:30:27.405,59,59,65,18,120.4820099,22.4522343,2209723,0,1314222,0
10:30:27.527,58,58,62,18,120.4819717,22.4522266,2183789,0,1297732,0
10:30:27.609,58,55,62,18,120.4819717,22.4522266,2189394,0,1223598,0
10:30:27.707,62,54,62,18,120.4819717,22.4522266,2327291,0,1204779,0
10:30:27.812,63,54,58,18,120.4819336,22.4522171,2377961,0,1201019,0
10:30:27.911,62,49,58,18,120.4819336,22.4522171,2340930,0,1103599,0
10:30:28.011,62,49,58,18,120.4819336,22.4522171,2333672,0,1090302,0
10:30:28.122,63,49,55,18,120.4818802,22.4522038,2346229,0,1109301,0
10:30:28.205,60,49,55,18,120.4818802,22.4522038,2266967,0,1104234,0
10:30:28.301,60,49,53,18,120.4818573,22.4521923,2266967,0,1104234,0
10:30:28.401,64,49,53,18,120.4818573,22.4521923,2402467,0,1103437,0
10:30:28.527,70,47,51,18,120.4818268,22.4521790,2607985,0,1051777,0
10:30:28.609,67,41,51,18,120.4818268,22.4521790,2506137,0,934840,0
10:30:28.706,67,37,51,18,120.4818268,22.4521790,2499379,0,854773,0
10:30:28.804,67,37,48,18,120.4818039,22.4521580,2524402,0,839242,0
10:30:28.909,66,36,48,18,120.4818039,22.4521580,2464439,0,817857,0
10:30:29.025,66,34,47,18,120.4817810,22.4521427,2474023,0,772063,0
10:30:29.107,67,35,47,18,120.4817810,22.4521427,2525466,0,803350,0
10:30:29.203,67,35,45,18,120.4817657,22.4521255,2525466,0,803350,0
10:30:29.301,66,35,45,18,120.4817657,22.4521255,2488194,0,806952,0
10:30:29.416,67,34,45,18,120.4817657,22.4521255,2518695,0,777500,0
10:30:29.569,66,33,42,18,120.4817429,22.4520969,2457475,0,767686,0
10:30:29.602,66,33,42,18,120.4817429,22.4520969,2457475,0,767686,0
10:30:29.715,69,33,42,18,120.4817429,22.4520969,2592469,0,770612,0
10:30:29.809,69,33,40,18,120.4817276,22.4520683,2592469,0,770612,0
10:30:29.907,76,33,40,18,120.4817276,22.4520683,2826014,0,752954,0
10:30:30.013,77,31,40,18,120.4817276,22.4520473,2874143,0,719047,0
10:30:30.111,79,32,40,18,120.4817276,22.4520473,2934119,0,733279,0
10:30:30.209,79,32,42,18,120.4817276,22.4520264,2934119,0,733279,0
10:30:30.307,79,31,42,18,120.4817276,22.4520264,2961764,0,723826,0
10:30:30.402,79,31,43,18,120.4817276,22.4520054,2961764,0,723826,0
10:30:30.515,79,30,43,18,120.4817276,22.4520054,2957317,0,689672,0
10:30:30.615,81,28,44,18,120.4817429,22.4519825,3014851,0,663760,0
10:30:30.714,84,32,44,18,120.4817429,22.4519825,3118311,0,730699,0
10:30:30.811,84,32,44,18,120.4817429,22.4519825,3142474,0,737083,0
10:30:30.923,84,31,46,18,120.4817429,22.4519501,3140809,0,724732,0
10:30:31.005,85,31,46,18,120.4817429,22.4519501,3158743,0,728664,0
10:30:31.109,85,31,48,18,120.4817505,22.4519272,3158743,0,728664,0
10:30:31.207,87,30,48,18,120.4817505,22.4519272,3251398,0,707411,0
10:30:31.311,89,31,49,18,120.4817810,22.4519081,3312563,0,719603,0
10:30:31.410,92,32,49,18,120.4817810,22.4519081,3411920,0,749081,0
10:30:31.505,94,35,52,18,120.4817886,22.4518871,3498560,0,813485,0
10:30:31.604,93,33,52,18,120.4817886,22.4518871,3451220,0,755674,0
10:30:31.704,94,33,52,18,120.4817886,22.4518871,3502647,0,752280,0
10:30:31.812,94,35,57,17,120.4818192,22.4518566,3486204,0,804076,0
10:30:31.911,100,38,57,17,120.4818192,22.4518566,3721250,0,867344,0
10:30:32.009,100,38,59,18,120.4818420,22.4518375,3721250,0,867344,0
10:30:32.108,100,40,59,18,120.4818420,22.4518375,3737748,0,906443,0
10:30:32.207,100,44,59,18,120.4818420,22.4518375,3818491,0,991371,0
10:30:32.305,100,47,59,18,120.4818420,22.4518375,3873751,0,1063868,0
10:30:32.420,100,47,67,18,120.4819107,22.4517975,3873751,0,1063868,0
10:30:32.502,100,52,67,18,120.4819107,22.4517975,3779876,0,1155793,0
10:30:32.614,99,53,71,18,120.4819336,22.4517784,3688417,0,1186735,0
10:30:32.712,91,48,71,18,120.4819336,22.4517784,3381326,0,1084136,0
10:30:32.811,81,48,71,18,120.4819336,22.4517784,3004315,0,1075828,0
10:30:32.932,81,48,75,18,120.4819870,22.4517441,3004315,0,1075828,0
10:30:33.015,76,46,75,18,120.4819870,22.4517441,2847373,0,1026498,0
10:30:33.137,76,44,71,18,120.4820099,22.4517212,2846240,0,986957,0
10:30:33.202,76,44,71,18,120.4820099,22.4517212,2846240,0,986957,0
10:30:33.313,77,38,71,18,120.4820480,22.4516983,2879263,0,865954,0
10:30:33.411,78,37,71,18,120.4820480,22.4516983,2910713,0,845600,0
10:30:33.510,79,38,71,18,120.4820709,22.4516754,2957228,0,861363,0
10:30:33.607,78,37,71,18,120.4820709,22.4516754,2915702,0,850004,0
10:30:33.705,76,32,71,18,120.4820709,22.4516754,2829351,0,742376,0
10:30:33.848,76,32,71,17,120.4821091,22.4516354,2829351,0,742376,0
10:30:33.903,77,33,71,17,120.4821091,22.4516354,2870535,0,753021,0
10:30:34.015,77,33,71,17,120.4821396,22.4516068,2870535,0,753021,0
10:30:34.115,78,31,71,17,120.4821396,22.4516068,2924855,0,721262,0
10:30:34.211,80,30,71,17,120.4821472,22.4515762,2978603,0,700190,0
10:30:34.311,82,32,71,17,120.4821472,22.4515762,3061300,0,744211,0
10:30:34.407,83,31,72,17,120.4821777,22.4515438,3096678,0,728047,0
10:30:34.505,84,30,72,17,120.4821777,22.4515438,3118591,0,698964,0
10:30:34.616,84,30,73,17,120.4821854,22.4515114,3118591,0,698964,0
10:30:34.716,93,33,73,17,120.4821854,22.4515114,3440298,0,756519,0
10:30:34.814,93,34,73,17,120.4821854,22.4515114,3454406,0,788728,0
10:30:34.920,93,34,77,18,120.4822159,22.4514580,3454406,0,788728,0
10:30:35.002,94,36,77,18,120.4822159,22.4514580,3482577,0,824945,0
10:30:35.111,96,40,79,18,120.4822235,22.4514198,3556707,0,916754,0
10:30:35.210,95,40,79,18,120.4822235,22.4514198,3528389,0,904591,0
10:30:35.302,94,40,81,16,120.4822235,22.4513798,3509414,0,900084,0
10:30:35.402,96,40,81,16,120.4822235,22.4513798,3576123,0,900787,0
10:30:35.517,97,42,84,16,120.4822388,22.4513378,3603347,0,945551,0
10:30:35.616,96,41,84,16,120.4822388,22.4513378,3578853,0,933134,0
10:30:35.715,92,40,84,16,120.4822388,22.4513378,3432644,0,919274,0
10:30:35.800,93,30,88,16,120.4822540,22.4512730,3469091,0,704307,0
10:30:35.916,100,58,88,16,120.4822540,22.4512730,3869848,0,1286951,0
10:30:36.006,100,58,89,16,120.4822540,22.4512291,3869848,0,1286951,0
10:30:36.105,93,50,89,16,120.4822540,22.4512291,3456995,0,1122696,0
10:30:36.219,93,50,92,17,120.4822540,22.4511833,3456995,0,1122696,0
10:30:36.301,100,41,92,17,120.4822540,22.4511833,3714192,0,933933,0
10:30:36.412,100,41,93,17,120.4822540,22.4511356,3714192,0,933933,0
10:30:36.511,100,46,93,17,120.4822540,22.4511356,3701027,0,1030296,0
10:30:36.608,100,46,97,17,120.4822540,22.4510860,3701027,0,1030296,0
10:30:36.708,100,49,97,17,120.4822540,22.4510860,3811419,0,1097379,0
10:30:36.806,100,52,101,14,120.4822540,22.4510345,3804248,0,1160263,0
10:30:36.906,99,48,101,14,120.4822540,22.4510345,3679885,0,1084484,0
10:30:37.021,100,49,105,17,120.4822540,22.4509811,3703041,0,1107847,0
10:30:37.112,94,50,105,17,120.4822540,22.4509811,3493338,0,1126953,0
10:30:37.215,87,48,108,17,120.4822540,22.4509258,3251128,0,1083737,0
10:30:37.315,82,47,108,17,120.4822540,22.4509258,3051672,0,1068154,0
10:30:37.426,82,47,109,17,120.4822540,22.4508724,3051672,0,1068154,0
10:30:37.509,81,47,109,17,120.4822540,22.4508724,3027025,0,1066506,0
10:30:37.600,81,47,108,16,120.4822540,22.4508171,3010509,0,1063878,0
10:30:37.715,78,47,108,16,120.4822540,22.4508171,2920206,0,1054812,0
10:30:37.812,78,46,108,16,120.4822540,22.4508171,2905957,0,1043483,0
10:30:37.902,77,47,105,17,120.4822388,22.4507370,2890811,0,1053116,0
10:30:38.015,74,45,105,17,120.4822388,22.4507370,2770478,0,1013271,0
10:30:38.165,74,41,103,17,120.4822388,22.4506855,2771710,0,923120,0
10:30:38.215,74,41,103,17,120.4822388,22.4506855,2771710,0,923120,0
10:30:38.315,75,43,101,17,120.4822388,22.4506340,2811906,0,971532,0
10:30:38.414,78,46,101,17,120.4822388,22.4506340,2922217,0,1032346,0
10:30:38.511,75,45,98,17,120.4822388,22.4505844,2805132,0,1015634,0
10:30:38.609,73,42,98,17,120.4822388,22.4505844,2742889,0,950359,0
10:30:38.709,73,41,98,17,120.4822388,22.4505844,2734786,0,929932,0
10:30:38.807,71,39,95,17,120.4822540,22.4505119,2662493,0,889882,0
10:30:38.911,71,39,95,17,120.4822540,22.4505119,2645065,0,879551,0
10:30:39.056,71,39,93,17,120.4822540,22.4504662,2645065,0,879551,0
10:30:39.106,72,39,93,17,120.4822540,22.4504662,2685471,0,893709,0
10:30:39.204,71,39,93,17,120.4822540,22.4504662,2665651,0,885708,0
10:30:39.305,72,39,90,18,120.4822693,22.4503975,2677921,0,893619,0
10:30:39.405,70,38,90,18,120.4822693,22.4503975,2615682,0,868284,0
10:30:39.587,69,36,88,18,120.4822769,22.4503536,2571310,0,829132,0
10:30:39.604,68,34,88,18,120.4822769,22.4503536,2531458,0,785275,0
10:30:39.702,68,34,88,18,120.4822769,22.4503536,2529570,0,789122,0
10:30:39.825,68,34,84,18,120.4822922,22.4502907,2529570,0,789122,0
10:30:39.907,67,35,84,18,120.4822922,22.4502907,2522059,0,798064,0
10:30:40.005,66,34,84,18,120.4822922,22.4502907,2482820,0,784977,0
10:30:40.103,65,32,84,18,120.4822922,22.4502907,2432555,0,739580,0
10:30:40.223,65,32,80,18,120.4823303,22.4502163,2432555,0,739580,0
10:30:40.305,69,30,80,18,120.4823303,22.4502163,2588268,0,699271,0
10:30:40.414,72,29,78,18,120.4823532,22.4501801,2674235,0,670202,0
10:30:40.512,77,30,78,18,120.4823532,22.4501801,2885811,0,694098,0
10:30:40.609,78,31,79,18,120.4823837,22.4501495,2896402,0,720402,0
10:30:40.707,75,28,79,18,120.4823837,22.4501495,2788539,0,647795,0
10:30:40.805,77,28,79,18,120.4823837,22.4501495,2858623,0,656452,0
10:30:40.911,77,30,77,18,120.4824219,22.4500999,2855809,0,707797,0
10:30:41.010,77,28,77,18,120.4824219,22.4500999,2887935,0,645412,0
10:30:41.142,77,28,78,18,120.4824448,22.4500713,2887935,0,645412,0
10:30:41.207,80,31,78,18,120.4824448,22.4500713,2980713,0,714397,0
10:30:41.300,79,29,79,18,120.4824677,22.4500446,2956597,0,674736,0
10:30:41.415,83,30,79,18,120.4824677,22.4500446,3095582,0,692695,0
10:30:41.530,86,35,79,18,120.4825058,22.4500198,3215434,0,810014,0
10:30:41.612,87,26,79,18,120.4825058,22.4500198,3220395,0,615481,0
10:30:41.709,90,29,79,18,120.4825058,22.4500198,3348076,0,666660,0
10:30:41.814,90,29,81,18,120.4825592,22.4499836,3348076,0,666660,0
10:30:41.912,92,32,81,18,120.4825592,22.4499836,3433868,0,738314,0
10:30:42.003,92,32,84,18,120.4825974,22.4499607,3433868,0,738314,0
10:30:42.101,91,30,84,18,120.4825974,22.4499607,3379860,0,695068,0
10:30:42.215,90,29,87,18,120.4826508,22.4499416,3364807,0,669645,0
10:30:42.314,95,35,87,18,120.4826508,22.4499416,3520887,0,802793,0
10:30:42.444,95,35,89,18,120.4826889,22.4499245,3520887,0,802793,0
10:30:42.510,94,31,89,18,120.4826889,22.4499245,3483748,0,717229,0
10:30:42.614,95,31,92,18,120.4827423,22.4499092,3528192,0,721407,0
10:30:42.711,100,43,92,18,120.4827423,22.4499092,3722861,0,970573,0
10:30:42.804,98,42,95,18,120.4827805,22.4498940,3655307,0,960795,0
10:30:42.902,96,41,95,18,120.4827805,22.4498940,3572286,0,933291,0
10:30:43.039,96,41,97,18,120.4828262,22.4498825,3572286,0,933291,0
10:30:43.112,98,38,97,18,120.4828262,22.4498825,3634984,0,868555,0
10:30:43.211,100,41,97,18,120.4828262,22.4498825,3718840,0,936185,0
10:30:43.311,96,36,97,18,120.4828262,22.4498825,3578276,0,833353,0
10:30:43.435,99,38,105,18,120.4829407,22.4498596,3680546,0,877534,0
10:30:43.501,100,43,105,18,120.4829407,22.4498596,3744350,0,968090,0
10:30:43.600,99,41,108,18,120.4829941,22.4498501,3687010,0,938722,0
10:30:43.714,99,39,108,18,120.4829941,22.4498501,3661228,0,896976,0
10:30:43.812,100,42,108,18,120.4829941,22.4498501,3758183,0,962069,0
10:30:43.921,97,42,113,18,120.4830856,22.4498386,3611022,0,955806,0
10:30:44.011,86,41,113,18,120.4830856,22.4498386,3193434,0,931041,0
10:30:44.130,86,41,116,18,120.4831467,22.4498329,3193434,0,931041,0
10:30:44.210,80,46,116,18,120.4831467,22.4498329,2986338,0,1038433,0
10:30:44.309,77,44,115,18,120.4832153,22.4498291,2884852,0,994880,0
10:30:44.407,77,45,115,18,120.4832153,22.4498291,2886244,0,1009831,0
10:30:44.540,77,45,113,18,120.4832611,22.4498234,2886244,0,1009831,0
10:30:44.606,69,53,113,18,120.4832611,22.4498234,2594124,0,1182957,0
10:30:44.704,62,58,111,18,120.4833298,22.4498215,2338413,0,1282115,0
10:30:44.802,63,63,111,18,120.4833298,22.4498215,2375461,0,1401313,0
10:30:44.903,60,64,107,18,120.4833908,22.4498215,2242054,0,1418513,0
10:30:45.001,57,63,107,18,120.4833908,22.4498215,2139506,0,1391492,0
10:30:45.125,59,64,104,18,120.4834442,22.4498215,2211997,0,1416050,0
10:30:45.207,58,65,104,18,120.4834442,22.4498215,2172600,0,1449061,0
10:30:45.305,56,64,104,18,120.4834442,22.4498215,2103392,0,1415398,0
10:30:45.413,56,64,98,18,120.4835205,22.4498215,2103392,0,1415398,0
10:30:45.511,57,66,98,18,120.4835205,22.4498215,2140888,0,1451106,0
10:30:45.608,59,68,95,18,120.4835739,22.4498215,2207845,0,1500996,0
10:30:45.706,59,58,95,18,120.4835739,22.4498215,2200606,0,1294940,0
10:30:45.804,60,57,95,18,120.4835739,22.4498215,2251222,0,1278428,0
10:30:45.912,60,57,89,18,120.4836502,22.4498272,2251222,0,1278428,0
10:30:46.011,61,55,89,18,120.4836502,22.4498272,2295495,0,1236638,0
10:30:46.143,63,55,86,18,120.4836960,22.4498329,2363573,0,1218922,0
10:30:46.209,62,48,86,18,120.4836960,22.4498329,2331095,0,1087871,0
10:30:46.303,62,48,83,18,120.4837341,22.4498386,2331095,0,1087871,0
10:30:46.401,66,50,83,18,120.4837341,22.4498386,2479210,0,1132357,0
10:30:46.516,64,50,81,18,120.4837875,22.4498463,2390549,0,1128501,0
10:30:46.615,61,49,81,18,120.4837875,22.4498463,2280397,0,1108853,0
10:30:46.712,61,49,78,18,120.4838257,22.4498558,2280397,0,1108853,0
10:30:46.811,57,49,78,18,120.4838257,22.4498558,2160002,0,1109242,0
10:30:46.903,57,49,75,18,120.4838638,22.4498653,2160002,0,1109242,0
10:30:47.001,53,39,75,18,120.4838638,22.4498653,2008116,0,888492,0
10:30:47.102,62,41,72,18,120.4839020,22.4498787,2338082,0,928967,0
10:30:47.215,67,40,72,18,120.4839020,22.4498787,2518354,0,913335,0
10:30:47.356,67,40,70,18,120.4839401,22.4498920,2518354,0,913335,0
10:30:47.406,68,37,70,18,120.4839401,22.4498920,2528243,0,850595,0
10:30:47.517,68,36,68,18,120.4839706,22.4499092,2555108,0,824113,0
10:30:47.615,69,36,68,18,120.4839706,22.4499092,2577207,0,834505,0
10:30:47.713,69,36,68,18,120.4839706,22.4499092,2572063,0,830310,0
10:30:47.819,68,34,65,18,120.4840164,22.4499359,2529678,0,786263,0
10:30:47.901,68,34,65,18,120.4840164,22.4499359,2538362,0,780459,0
10:30:48.030,68,34,63,18,120.4840469,22.4499569,2538362,0,780459,0
10:30:48.111,70,33,63,18,120.4840469,22.4499569,2627520,0,751705,0
10:30:48.200,70,33,62,18,120.4840698,22.4499779,2627520,0,751705,0
10:30:48.315,72,30,62,18,120.4840698,22.4499779,2673859,0,698679,0
10:30:48.414,73,32,62,18,120.4840698,22.4499779,2729137,0,748054,0
10:30:48.511,72,32,62,18,120.4840698,22.4499779,2695819,0,733622,0
10:30:48.612,73,31,61,18,120.4841080,22.4500275,2718189,0,719285,0
10:30:48.710,72,30,61,18,120.4841080,22.4500275,2681844,0,706229,0
10:30:48.808,72,30,61,18,120.4841080,22.4500275,2673819,0,692055,0
10:30:48.970,72,29,60,18,120.4841309,22.4500656,2693686,0,683060,0
10:30:49.001,72,29,60,18,120.4841309,22.4500656,2693686,0,683060,0
10:30:49.115,72,30,60,18,120.4841461,22.4500942,2680014,0,701281,0
10:30:49.214,73,30,60,18,120.4841461,22.4500942,2713786,0,708009,0
10:30:49.311,72,30,60,18,120.4841461,22.4500942,2689029,0,699275,0
10:30:49.462,72,30,59,18,120.4841614,22.4501362,2689029,0,699275,0
10:30:49.511,78,30,59,18,120.4841614,22.4501362,2919263,0,687527,0
10:30:49.607,78,30,58,18,120.4841690,22.4501667,2919263,0,687527,0
10:30:49.705,81,30,58,18,120.4841690,22.4501667,3019801,0,703593,0
10:30:49.810,79,30,59,18,120.4841690,22.4501953,2935503,0,706929,0
10:30:49.907,77,29,59,18,120.4841690,22.4501953,2858703,0,675402,0
10:30:50.059,79,30,60,18,120.4841690,22.4502258,2930482,0,692166,0
10:30:50.109,81,33,60,18,120.4841690,22.4502258,3028720,0,752702,0
10:30:50.206,81,33,60,18,120.4841614,22.4502563,3028720,0,752702,0
10:30:50.305,81,36,60,18,120.4841614,22.4502563,3036606,0,818293,0
10:30:50.409,78,35,61,18,120.4841614,22.4502850,2914349,0,800891,0
10:30:50.507,78,34,61,18,120.4841614,22.4502850,2926441,0,782856,0
10:30:50.605,80,37,60,18,120.4841461,22.4503155,2965999,0,836415,0
10:30:50.704,77,35,60,18,120.4841461,22.4503155,2858924,0,800813,0
10:30:50.802,76,34,60,18,120.4841461,22.4503155,2849271,0,784221,0
10:30:50.950,77,36,59,18,120.4841309,22.4503574,2865220,0,820434,0
10:30:51.000,77,36,59,18,120.4841309,22.4503574,2865220,0,820434,0
10:30:51.114,76,37,58,18,120.4841232,22.4503841,2844534,0,838285,0
10:30:51.212,76,36,58,18,120.4841232,22.4503841,2852095,0,833062,0
10:30:51.306,76,36,58,18,120.4841080,22.4504089,2832781,0,831328,0
10:30:51.405,75,35,58,18,120.4841080,22.4504089,2809930,0,805714,0
10:30:51.522,75,36,57,18,120.4840851,22.4504337,2818445,0,820645,0
10:30:51.604,75,35,57,18,120.4840851,22.4504337,2796026,0,813402,0
10:30:51.702,73,32,57,18,120.4840851,22.4504337,2720410,0,738864,0
10:30:51.827,73,32,56,18,120.4840546,22.4504662,2720410,0,738864,0
10:30:51.910,73,31,56,18,120.4840546,22.4504662,2734241,0,724276,0
10:30:52.012,74,34,55,18,120.4840317,22.4504871,2775978,0,778286,0
10:30:52.109,74,32,55,18,120.4840317,22.4504871,2771545,0,749968,0
10:30:52.241,74,32,55,18,120.4840088,22.4505024,2771545,0,749968,0
10:30:52.309,75,32,55,18,120.4840088,22.4505024,2805530,0,747669,0
10:30:52.411,78,32,54,18,120.4839935,22.4505177,2897094,0,739347,0
10:30:52.510,78,33,54,18,120.4839935,22.4505177,2920521,0,759261,0
10:30:52.605,78,33,54,18,120.4839554,22.4505291,2920521,0,759261,0
10:30:52.705,81,33,54,18,120.4839554,22.4505291,3022234,0,764033,0
10:30:52.815,81,33,55,18,120.4839325,22.4505386,3022234,0,764033,0
10:30:52.906,82,34,55,18,120.4839325,22.4505386,3038595,0,790177,0
10:30:53.021,82,34,56,18,120.4839020,22.4505463,3038595,0,790177,0
10:30:53.105,81,34,56,18,120.4839020,22.4505463,3024631,0,783235,0
10:30:53.202,81,33,56,18,120.4839020,22.4505463,3016786,0,758872,0
10:30:53.315,81,32,56,18,120.4839020,22.4505463,3009338,0,746885,0
10:30:53.408,81,32,58,18,120.4838409,22.4505558,3009338,0,746885,0
10:30:53.507,83,33,58,18,120.4838409,22.4505558,3084512,0,769180,0
10:30:53.604,83,33,58,17,120.4838181,22.4505558,3084512,0,769180,0
10:30:53.701,83,31,58,17,120.4838181,22.4505558,3092201,0,715733,0
10:30:53.801,85,31,58,17,120.4838181,22.4505558,3148255,0,711557,0
10:30:53.956,85,32,60,18,120.4837646,22.4505520,3169069,0,743847,0
10:30:54.007,88,33,60,18,120.4837646,22.4505520,3290545,0,756771,0
10:30:54.111,88,33,62,18,120.4837265,22.4505463,3290545,0,756771,0
10:30:54.210,88,32,62,18,120.4837265,22.4505463,3287632,0,730862,0
10:30:54.306,89,32,64,18,120.4836960,22.4505367,3308731,0,742840,0
10:30:54.403,91,33,64,18,120.4836960,22.4505367,3367201,0,760389,0
10:30:54.519,90,34,67,18,120.4836578,22.4505272,3355967,0,779251,0
10:30:54.601,88,29,67,18,120.4836578,22.4505272,3272864,0,686831,0
10:30:54.715,90,31,67,18,120.4836578,22.4505272,3352507,0,727514,0
10:30:54.807,90,31,69,18,120.4836121,22.4505043,3352507,0,727514,0
10:30:54.906,91,34,69,18,120.4836121,22.4505043,3385865,0,775540,0
10:30:55.020,93,34,71,18,120.4835739,22.4504871,3445054,0,784885,0
10:30:55.109,94,36,71,18,120.4835739,22.4504871,3491323,0,833217,0
10:30:55.208,93,34,71,18,120.4835739,22.4504871,3447470,0,784034,0
10:30:55.306,93,34,71,18,120.4835739,22.4504871,3457340,0,782247,0
10:30:55.403,94,37,76,18,120.4835052,22.4504433,3490727,0,850889,0
10:30:55.502,93,42,76,18,120.4835052,22.4504433,3460245,0,962259,0
10:30:55.665,87,46,78,18,120.4834824,22.4504185,3243962,0,1043084,0
10:30:55.715,84,51,78,18,120.4834824,22.4504185,3115565,0,1139705,0
10:30:55.815,83,53,78,18,120.4834824,22.4504185,3107780,0,1182814,0
10:30:55.927,83,53,77,18,120.4834290,22.4503803,3107780,0,1182814,0
10:30:56.010,83,53,77,18,120.4834290,22.4503803,3083765,0,1178792,0
10:30:56.107,82,51,77,18,120.4834290,22.4503803,3067526,0,1149946,0
10:30:56.206,79,49,77,18,120.4834290,22.4503803,2949449,0,1108358,0
10:30:56.324,79,49,74,18,120.4833679,22.4503326,2949449,0,1108358,0
10:30:56.406,76,45,74,18,120.4833679,22.4503326,2826450,0,1025190,0
10:30:56.520,75,44,72,18,120.4833298,22.4503098,2786922,0,992552,0
10:30:56.602,73,43,72,18,120.4833298,22.4503098,2711451,0,976905,0
10:30:56.716,73,43,70,18,120.4832993,22.4502888,2711451,0,976905,0
10:30:56.815,72,39,70,18,120.4832993,22.4502888,2680275,0,890460,0
10:30:56.902,69,37,68,18,120.4832611,22.4502716,2595009,0,856063,0
10:30:57.001,68,36,68,18,120.4832611,22.4502716,2559770,0,817576,0
10:30:57.154,67,35,66,18,120.4832382,22.4502544,2521885,0,799858,0
10:30:57.203,66,32,66,18,120.4832382,22.4502544,2477402,0,747638,0
10:30:57.302,66,32,66,18,120.4832382,22.4502544,2455154,0,730922,0
10:30:57.415,67,32,66,18,120.4832382,22.4502544,2519396,0,731435,0
10:30:57.514,71,32,63,18,120.4831772,22.4502296,2643722,0,733119,0
10:30:57.611,76,32,63,18,120.4831772,22.4502296,2844414,0,746659,0
10:30:57.736,76,32,62,18,120.4831390,22.4502220,2844414,0,746659,0
10:30:57.803,79,33,62,18,120.4831390,22.4502220,2940260,0,766407,0
10:30:57.913,79,33,62,18,120.4831085,22.4502182,2962938,0,768088,0
10:30:58.011,79,33,62,18,120.4831085,22.4502182,2957328,0,760555,0
10:30:58.115,80,32,63,18,120.4830704,22.4502144,2976215,0,746451,0
10:30:58.215,80,33,63,18,120.4830704,22.4502144,2969773,0,768119,0
10:30:58.314,80,33,63,18,120.4830322,22.4502144,2969773,0,768119,0
10:30:58.411,72,29,63,18,120.4830322,22.4502144,2684824,0,684996,0
10:30:58.510,72,29,63,18,120.4830093,22.4502163,2684824,0,684996,0
10:30:58.606,69,28,63,18,120.4830093,22.4502163,2594511,0,665249,0
10:30:58.703,72,29,63,18,120.4830093,22.4502163,2708149,0,684692,0
10:30:58.850,72,29,62,18,120.4829559,22.4502258,2708149,0,684692,0
10:30:58.906,72,25,62,18,120.4829559,22.4502258,2683699,0,595814,0
10:30:59.000,72,25,62,18,120.4829178,22.4502354,2683699,0,595814,0
10:30:59.115,75,24,62,18,120.4829178,22.4502354,2818173,0,573867,0
10:30:59.214,78,25,63,18,120.4828949,22.4502487,2901080,0,592890,0
10:30:59.313,78,25,63,18,120.4828949,22.4502487,2913975,0,593943,0
10:30:59.430,77,24,63,18,120.4828644,22.4502640,2874701,0,575996,0
10:30:59.511,80,27,63,18,120.4828644,22.4502640,2987628,0,626458,0
10:30:59.611,82,29,63,18,120.4828644,22.4502640,3044938,0,673719,0
10:30:59.719,80,28,65,18,120.4828186,22.4502926,2970341,0,650294,0
10:30:59.802,78,25,65,18,120.4828186,22.4502926,2896877,0,599392,0
10:30:59.915,77,28,65,18,120.4828186,22.4502926,2886245,0,644879,0
10:31:00.006,77,28,66,18,120.4827805,22.4503288,2886245,0,644879,0
10:31:00.103,73,27,66,18,120.4827805,22.4503288,2731319,0,638271,0
10:31:00.206,72,25,66,18,120.4827652,22.4503536,2680536,0,589323,0
10:31:00.303,72,28,66,18,120.4827652,22.4503536,2704265,0,654377,0
10:31:00.415,72,28,66,18,120.4827423,22.4503822,2704265,0,654377,0
10:31:00.515,72,29,66,18,120.4827423,22.4503822,2694438,0,671136,0
10:31:00.668,71,27,65,18,120.4827271,22.4504108,2655527,0,638776,0
10:31:00.701,72,27,65,18,120.4827271,22.4504108,2689091,0,639355,0
10:31:00.801,73,28,65,18,120.4827271,22.4504108,2724381,0,654284,0
10:31:00.927,73,28,64,18,120.4827042,22.4504566,2724381,0,654284,0
10:31:01.009,72,26,64,18,120.4827042,22.4504566,2677799,0,605058,0
10:31:01.115,72,26,64,18,120.4827042,22.4504871,2679504,0,605285,0
10:31:01.212,75,27,64,18,120.4827042,22.4504871,2798415,0,636316,0
10:31:01.307,75,27,64,18,120.4826889,22.4505177,2798415,0,636316,0
10:31:01.405,72,23,64,18,120.4826889,22.4505177,2689009,0,551652,0
10:31:01.521,72,23,64,18,120.4826889,22.4505520,2689009,0,551652,0
10:31:01.605,73,24,64,18,120.4826889,22.4505520,2734497,0,568180,0
10:31:01.703,78,25,64,18,120.4826889,22.4505520,2920636,0,586713,0
10:31:01.839,78,25,64,18,120.4826889,22.4505997,2920636,0,586713,0
10:31:01.905,78,25,64,18,120.4826889,22.4505997,2905380,0,592474,0
10:31:02.019,79,25,65,18,120.4827042,22.4506321,2940009,0,593556,0
10:31:02.101,79,29,65,18,120.4827042,22.4506321,2958610,0,670781,0
10:31:02.213,79,29,66,18,120.4827118,22.4506645,2958610,0,670781,0
10:31:02.311,76,24,66,18,120.4827118,22.4506645,2843279,0,579860,0
10:31:02.403,76,24,67,18,120.4827271,22.4506969,2843279,0,579860,0
10:31:02.501,76,26,67,18,120.4827271,22.4506969,2844882,0,613922,0
10:31:02.626,77,25,67,18,120.4827423,22.4507256,2890117,0,589254,0
10:31:02.709,79,29,67,18,120.4827423,22.4507256,2955365,0,686067,0
10:31:02.807,79,29,68,18,120.4827652,22.4507561,2955365,0,686067,0
10:31:02.905,78,28,68,18,120.4827652,22.4507561,2924001,0,654054,0
10:31:03.003,78,28,68,18,120.4827805,22.4507828,2924001,0,654054,0
10:31:03.102,79,28,68,18,120.4827805,22.4507828,2929162,0,649595,0
10:31:03.215,80,29,69,18,120.4828033,22.4508095,2989843,0,673799,0
10:31:03.315,80,30,69,18,120.4828033,22.4508095,2968347,0,700752,0
10:31:03.411,80,28,70,18,120.4828262,22.4508343,2976265,0,654542,0
10:31:03.511,82,31,70,18,120.4828262,22.4508343,3040734,0,712159,0
10:31:03.610,83,29,70,18,120.4828644,22.4508553,3084957,0,686132,0
10:31:03.707,83,29,70,18,120.4828644,22.4508553,3090616,0,676981,0
10:31:03.805,84,30,70,18,120.4828644,22.4508553,3129877,0,693137,0
10:31:03.951,86,32,72,18,120.4829025,22.4508858,3184756,0,734194,0
10:31:04.009,86,32,72,18,120.4829025,22.4508858,3184756,0,734194,0
10:31:04.121,85,30,73,18,120.4829407,22.4509048,3176347,0,688657,0
10:31:04.203,90,30,73,18,120.4829407,22.4509048,3338451,0,706875,0
10:31:04.315,91,31,73,18,120.4829407,22.4509048,3373310,0,725849,0
10:31:04.414,95,34,73,18,120.4829407,22.4509048,3514028,0,775015,0
10:31:04.511,96,37,73,18,120.4829407,22.4509048,3578170,0,838104,0
10:31:04.609,97,38,78,18,120.4830322,22.4509411,3586079,0,856660,0
10:31:04.710,97,38,78,18,120.4830322,22.4509411,3593139,0,866596,0
10:31:04.809,96,38,78,18,120.4830322,22.4509411,3575701,0,865876,0
10:31:04.921,97,39,82,18,120.4831009,22.4509563,3599394,0,885544,0
10:31:05.005,95,36,82,18,120.4831009,22.4509563,3536690,0,835304,0
10:31:05.105,96,36,82,18,120.4831009,22.4509563,3572167,0,832881,0
10:31:05.205,99,40,87,18,120.4831772,22.4509697,3665031,0,908210,0
10:31:05.305,100,44,87,18,120.4831772,22.4509697,3795893,0,1002784,0
10:31:05.471,100,44,90,18,120.4832153,22.4509754,3757219,0,987637,0
10:31:05.505,100,44,90,18,120.4832153,22.4509754,3757219,0,987637,0
10:31:05.605,100,43,90,18,120.4832153,22.4509754,3802596,0,962769,0
10:31:05.730,100,44,96,18,120.4832916,22.4509830,3869990,0,1002398,0
10:31:05.814,100,46,96,18,120.4832916,22.4509830,3908712,0,1037800,0
10:31:05.910,100,46,100,18,120.4833527,22.4509850,3908712,0,1037800,0
10:31:06.008,100,47,100,18,120.4833527,22.4509850,3902122,0,1068627,0
10:31:06.103,100,47,105,18,120.4834061,22.4509888,3902122,0,1068627,0
10:31:06.201,100,49,105,18,120.4834061,22.4509888,3918680,0,1091583,0
10:31:06.311,100,48,109,18,120.4834671,22.4509907,3820780,0,1088847,0
10:31:06.410,92,51,109,18,120.4834671,22.4509907,3410669,0,1139886,0
10:31:06.514,82,47,114,18,120.4835205,22.4509926,3053455,0,1061782,0
10:31:06.613,78,47,114,18,120.4835205,22.4509926,2926459,0,1050957,0
10:31:06.711,77,46,113,18,120.4835815,22.4509945,2857493,0,1038908,0
10:31:06.811,77,49,113,18,120.4835815,22.4509945,2875726,0,1092840,0
10:31:06.946,77,49,111,18,120.4836502,22.4509945,2875726,0,1092840,0
10:31:07.002,71,52,111,18,120.4836502,22.4509945,2667470,0,1173757,0
10:31:07.115,71,52,108,18,120.4836960,22.4509945,2667470,0,1173757,0
10:31:07.214,63,62,108,18,120.4836960,22.4509945,2370569,0,1376429,0
10:31:07.301,63,62,106,18,120.4837646,22.4509945,2370569,0,1376429,0
10:31:07.415,61,65,106,18,120.4837646,22.4509945,2276179,0,1443009,0
10:31:07.512,61,65,103,18,120.4838181,22.4509945,2276179,0,1443009,0
10:31:07.610,56,63,103,18,120.4838181,22.4509945,2119711,0,1396602,0
10:31:07.707,56,64,103,18,120.4838181,22.4509945,2116355,0,1414292,0
10:31:07.817,56,64,96,18,120.4839020,22.4509907,2116355,0,1414292,0
10:31:07.909,55,57,96,18,120.4839020,22.4509907,2068832,0,1275794,0
10:31:08.003,55,57,93,18,120.4839554,22.4509869,2068832,0,1275794,0
10:31:08.102,65,46,93,18,120.4839554,22.4509869,2452843,0,1045047,0
10:31:08.214,65,46,90,18,120.4839935,22.4509830,2452843,0,1045047,0
10:31:08.313,67,44,90,18,120.4839935,22.4509830,2518991,0,993851,0
10:31:08.421,67,40,87,18,120.4840469,22.4509735,2515931,0,902494,0
10:31:08.503,73,42,87,18,120.4840469,22.4509735,2717036,0,946976,0
10:31:08.616,71,42,85,18,120.4840927,22.4509640,2648093,0,946364,0
10:31:08.715,67,37,85,18,120.4840927,22.4509640,2520729,0,851589,0
10:31:08.813,68,36,85,18,120.4840927,22.4509640,2553378,0,832237,0
10:31:08.921,68,36,82,18,120.4841614,22.4509487,2553378,0,832237,0
10:31:09.008,67,36,82,18,120.4841614,22.4509487,2490728,0,822891,0
10:31:09.103,63,31,81,18,120.4841995,22.4509335,2370398,0,727332,0
10:31:09.201,65,30,81,18,120.4841995,22.4509335,2439507,0,704550,0
10:31:09.311,67,29,78,18,120.4842377,22.4509182,2518156,0,682953,0
10:31:09.410,76,29,78,18,120.4842377,22.4509182,2819606,0,685444,0
10:31:09.524,82,37,77,18,120.4842758,22.4508991,3055547,0,844313,0
10:31:09.606,74,30,77,18,120.4842758,22.4508991,2745594,0,691601,0
10:31:09.703,73,20,77,18,120.4842758,22.4508991,2736129,0,495318,0
10:31:09.810,73,20,77,18,120.4843292,22.4508686,2736129,0,495318,0
10:31:09.907,79,29,77,18,120.4843292,22.4508686,2931000,0,680171,0
10:31:10.015,79,29,77,18,120.4843674,22.4508438,2931000,0,680171,0
10:31:10.114,82,30,77,18,120.4843674,22.4508438,3060557,0,698985,0
10:31:10.210,82,30,77,18,120.4843903,22.4508171,3060557,0,698985,0
10:31:10.307,84,31,77,18,120.4843903,22.4508171,3135497,0,715109,0
10:31:10.411,86,31,79,18,120.4844131,22.4507885,3189499,0,720567,0
10:31:10.510,87,31,79,18,120.4844131,22.4507885,3241577,0,718137,0
10:31:10.607,87,31,80,18,120.4844513,22.4507561,3241577,0,718137,0
10:31:10.705,88,34,80,18,120.4844513,22.4507561,3287014,0,780694,0
10:31:10.800,90,36,82,18,120.4844818,22.4507256,3359358,0,816032,0
10:31:10.915,84,31,82,18,120.4844818,22.4507256,3129541,0,723850,0
10:31:11.014,89,33,84,18,120.4845047,22.4506874,3324094,0,768951,0
10:31:11.113,89,39,84,18,120.4845047,22.4506874,3302168,0,894042,0
10:31:11.209,89,39,86,18,120.4845200,22.4506512,3302168,0,894042,0
10:31:11.307,85,31,86,18,120.4845200,22.4506512,3153833,0,716160,0
10:31:11.412,92,42,87,18,120.4845428,22.4506130,3410402,0,960344,0
10:31:11.510,90,42,87,18,120.4845428,22.4506130,3333725,0,941957,0
10:31:11.607,88,32,87,18,120.4845428,22.4506130,3264518,0,741622,0
10:31:11.715,87,29,90,18,120.4845734,22.4505501,3240223,0,671774,0
10:31:11.813,91,34,90,18,120.4845734,22.4505501,3382702,0,783807,0
10:31:11.924,91,34,91,18,120.4845810,22.4505081,3382702,0,783807,0
10:31:12.006,92,37,91,18,120.4845810,22.4505081,3425285,0,837079,0
10:31:12.120,93,38,93,18,120.4846115,22.4504623,3447040,0,862077,0
10:31:12.202,90,38,93,18,120.4846115,22.4504623,3355636,0,865512,0
10:31:12.313,81,41,95,18,120.4846191,22.4504185,3014283,0,929937,0
10:31:12.411,77,42,95,18,120.4846191,22.4504185,2856349,0,960802,0
10:31:12.510,74,43,94,18,120.4846191,22.4503708,2769828,0,978357,0
10:31:12.607,68,46,94,18,120.4846191,22.4503708,2542787,0,1031444,0
10:31:12.705,66,47,94,18,120.4846191,22.4503708,2481402,0,1052246,0
10:31:12.822,62,46,91,18,120.4846344,22.4503002,2338593,0,1036637,0
10:31:12.905,62,46,91,18,120.4846344,22.4503002,2334373,0,1045504,0
10:31:13.010,63,46,91,18,120.4846344,22.4503002,2355299,0,1032596,0
10:31:13.102,63,46,87,18,120.4846497,22.4502354,2355299,0,1032596,0
10:31:13.215,68,42,87,18,120.4846497,22.4502354,2529549,0,951843,0
10:31:13.308,68,42,84,18,120.4846497,22.4501915,2529549,0,951843,0
10:31:13.407,69,39,84,18,120.4846497,22.4501915,2566251,0,895518,0
10:31:13.533,68,38,82,18,120.4846497,22.4501495,2527035,0,870066,0
10:31:13.615,73,38,82,18,120.4846497,22.4501495,2736749,0,873295,0
10:31:13.714,76,40,82,18,120.4846497,22.4501495,2834720,0,906635,0
10:31:13.825,76,38,80,18,120.4846497,22.4500885,2843047,0,869548,0
10:31:13.914,76,38,80,18,120.4846497,22.4500885,2839991,0,862456,0
10:31:14.010,76,38,79,18,120.4846344,22.4500484,2839991,0,862456,0
10:31:14.107,74,35,79,18,120.4846344,22.4500484,2779364,0,801513,0
10:31:14.212,71,34,78,18,120.4846344,22.4500103,2659048,0,778995,0
10:31:14.310,69,34,78,18,120.4846344,22.4500103,2571881,0,774325,0
10:31:14.411,69,35,78,18,120.4846191,22.4499722,2563926,0,793917,0
10:31:14.510,66,33,78,18,120.4846191,22.4499722,2455454,0,755763,0
10:31:14.621,66,33,76,18,120.4846115,22.4499359,2455454,0,755763,0
10:31:14.703,66,33,76,18,120.4846115,22.4499359,2472689,0,756045,0
10:31:14.812,65,33,73,18,120.4845810,22.4499016,2433063,0,752681,0
10:31:14.910,64,30,73,18,120.4845810,22.4499016,2387620,0,692018,0
10:31:15.007,63,29,71,18,120.4845734,22.4498692,2378348,0,666729,0
10:31:15.105,67,29,71,18,120.4845734,22.4498692,2508515,0,668064,0
10:31:15.215,70,24,69,18,120.4845428,22.4498405,2606190,0,563261,0
10:31:15.315,79,24,69,18,120.4845428,22.4498405,2935139,0,580604,0
10:31:15.413,79,24,69,18,120.4845276,22.4498119,2935139,0,580604,0
10:31:15.512,86,33,69,18,120.4845276,22.4498119,3184422,0,763504,0
10:31:15.607,86,33,71,18,120.4844894,22.4497871,3205230,0,753598,0
10:31:15.705,81,25,71,18,120.4844894,22.4497871,3036474,0,598379,0
10:31:15.801,81,25,73,18,120.4844666,22.4497623,3036474,0,598379,0
10:31:15.915,86,29,73,18,120.4844666,22.4497623,3218082,0,668637,0
10:31:16.010,86,29,75,18,120.4844437,22.4497395,3218082,0,668637,0
10:31:16.110,88,30,75,18,120.4844437,22.4497395,3266427,0,690151,0
10:31:16.205,87,28,77,18,120.4844055,22.4497185,3225480,0,649277,0
10:31:16.303,88,29,77,18,120.4844055,22.4497185,3271016,0,669735,0
10:31:16.415,90,30,79,18,120.4843674,22.4496994,3329859,0,702225,0
10:31:16.515,90,31,79,18,120.4843674,22.4496994,3354975,0,729108,0
10:31:16.612,91,30,81,18,120.4843292,22.4496822,3373348,0,694936,0
10:31:16.710,92,31,81,18,120.4843292,22.4496822,3424517,0,714366,0
10:31:16.807,93,32,81,18,120.4843292,22.4496822,3474165,0,747438,0
10:31:16.907,93,32,85,18,120.4842606,22.4496593,3474165,0,747438,0
10:31:17.005,96,37,85,18,120.4842606,22.4496593,3550337,0,845654,0
10:31:17.102,98,40,88,18,120.4842224,22.4496441,3630336,0,899277,0
10:31:17.201,100,44,88,18,120.4842224,22.4496441,3729242,0,994093,0
10:31:17.315,100,43,91,18,120.4841690,22.4496346,3748694,0,974731,0
10:31:17.415,99,42,91,18,120.4841690,22.4496346,3671271,0,953334,0
10:31:17.514,99,40,94,18,120.4841232,22.4496231,3667722,0,911922,0
10:31:17.612,98,39,94,18,120.4841232,22.4496231,3625981,0,888110,0
10:31:17.710,100,37,94,18,120.4841232,22.4496231,3708129,0,849988,0
10:31:17.811,100,37,99,18,120.4840469,22.4496098,3708129,0,849988,0
10:31:17.910,97,43,99,18,120.4840469,22.4496098,3609618,0,970537,0
10:31:18.005,99,41,102,18,120.4839935,22.4496021,3670622,0,929641,0
10:31:18.103,100,39,102,18,120.4839935,22.4496021,3722098,0,896405,0
10:31:18.209,100,41,105,18,120.4839401,22.4495945,3782218,0,934253,0
10:31:18.308,100,40,105,18,120.4839401,22.4495945,3810821,0,912445,0
10:31:18.401,100,41,109,18,120.4838791,22.4495888,3866136,0,933659,0
10:31:18.501,100,41,109,18,120.4838791,22.4495888,3845572,0,937873,0
10:31:18.637,100,41,113,18,120.4838181,22.4495850,3845572,0,937873,0
10:31:18.702,100,41,113,18,120.4838181,22.4495850,3813101,0,930448,0
10:31:18.812,100,42,117,18,120.4837494,22.4495831,3865706,0,958021,0
10:31:18.916,100,42,117,18,120.4837494,22.4495831,3841949,0,962499,0
10:31:19.002,100,42,122,18,120.4836884,22.4495811,3841949,0,962499,0
10:31:19.116,100,42,122,18,120.4836884,22.4495811,3839729,0,943383,0
10:31:19.215,100,43,126,18,120.4836197,22.4495792,3890303,0,966577,0
10:31:19.315,100,44,126,18,120.4836197,22.4495792,3925837,0,988629,0
10:31:19.402,100,44,131,18,120.4835587,22.4495811,3925837,0,988629,0
10:31:19.501,100,42,131,18,120.4835587,22.4495811,3824809,0,943973,0
10:31:19.616,100,41,135,18,120.4834824,22.4495831,3920137,0,938196,0
10:31:19.715,100,41,135,18,120.4834824,22.4495831,3882112,0,930187,0
10:31:19.800,100,41,140,18,120.4834061,22.4495831,3882112,0,930187,0
10:31:19.916,100,44,140,18,120.4834061,22.4495831,3942846,0,987981,0
10:31:20.015,100,43,140,18,120.4834061,22.4495831,3898824,0,973642,0
10:31:20.112,100,43,146,18,120.4832916,22.4495926,3898824,0,973642,0
10:31:20.210,100,40,146,18,120.4832916,22.4495926,3930675,0,911821,0
10:31:20.305,100,40,151,18,120.4832153,22.4495983,3930675,0,911821,0
10:31:20.403,100,46,151,18,120.4832153,22.4495983,3895385,0,1036650,0
10:31:20.530,100,46,155,18,120.4831238,22.4496040,3928656,0,1030176,0
10:31:20.613,100,48,155,18,120.4831238,22.4496040,3860713,0,1088514,0
10:31:20.700,100,48,159,18,120.4830475,22.4496136,3860713,0,1088514,0
10:31:20.815,80,44,159,18,120.4830475,22.4496136,2989451,0,986807,0
10:31:20.909,80,44,163,18,120.4829559,22.4496231,2989451,0,986807,0
10:31:21.009,80,48,163,18,120.4829559,22.4496231,2984112,0,1085502,0
10:31:21.104,81,48,160,18,120.4828644,22.4496326,3013375,0,1072595,0
10:31:21.202,83,48,160,18,120.4828644,22.4496326,3095480,0,1089968,0
10:31:21.311,79,43,158,18,120.4827805,22.4496403,2928274,0,968262,0
10:31:21.410,75,55,158,18,120.4827805,22.4496403,2812059,0,1229052,0
10:31:21.512,64,58,156,18,120.4827042,22.4496479,2406167,0,1292047,0
10:31:21.610,56,64,156,18,120.4827042,22.4496479,2119058,0,1421316,0
10:31:21.707,51,64,156,18,120.4827042,22.4496479,1914823,0,1414021,0
10:31:21.814,51,64,152,17,120.4825745,22.4496574,1914823,0,1414021,0
10:31:21.912,47,71,152,17,120.4825745,22.4496574,1775505,0,1574944,0
10:31:22.014,47,71,146,18,120.4824982,22.4496632,1775505,0,1574944,0
10:31:22.111,47,76,146,18,120.4824982,22.4496632,1781218,0,1664751,0
10:31:22.203,47,76,142,18,120.4824219,22.4496651,1780743,0,1666001,0
10:31:22.301,46,74,142,18,120.4824219,22.4496651,1756835,0,1633307,0
10:31:22.411,47,74,136,18,120.4823456,22.4496689,1784573,0,1635959,0
10:31:22.510,54,82,136,18,120.4823456,22.4496689,2038113,0,1800202,0
10:31:22.607,54,82,131,18,120.4822693,22.4496727,2038113,0,1800202,0
10:31:22.705,54,81,131,18,120.4822693,22.4496727,2027616,0,1776392,0
10:31:22.814,48,75,127,18,120.4822006,22.4496727,1800318,0,1659678,0
10:31:22.912,49,75,127,18,120.4822006,22.4496727,1838173,0,1641679,0
10:31:23.007,49,75,122,18,120.4821396,22.4496727,1867447,0,1658260,0
10:31:23.105,50,78,122,18,120.4821396,22.4496727,1883664,0,1721661,0
10:31:23.200,50,78,118,18,120.4820709,22.4496727,1883664,0,1721661,0
10:31:23.315,49,79,118,18,120.4820709,22.4496727,1844718,0,1743316,0
10:31:23.406,49,79,112,18,120.4820099,22.4496727,1844718,0,1743316,0
10:31:23.505,44,80,112,18,120.4820099,22.4496727,1685772,0,1759040,0
10:31:23.622,43,81,110,17,120.4819489,22.4496727,1628387,0,1783230,0
10:31:23.703,40,83,110,17,120.4819489,22.4496727,1523749,0,1831084,0
10:31:23.801,39,83,110,17,120.4819489,22.4496727,1479392,0,1830915,0
10:31:23.920,39,83,101,18,120.4818726,22.4496727,1495441,0,1827387,0
10:31:24.002,41,84,101,18,120.4818726,22.4496727,1562127,0,1846763,0
10:31:24.111,41,84,95,18,120.4818192,22.4496727,1562127,0,1846763,0
10:31:24.212,43,80,95,18,120.4818192,22.4496727,1637275,0,1762980,0
10:31:24.309,43,80,91,18,120.4817657,22.4496727,1637275,0,1762980,0
10:31:24.408,48,82,91,18,120.4817657,22.4496727,1814763,0,1806975,0
10:31:24.519,46,79,87,18,120.4817123,22.4496727,1742617,0,1742282,0
10:31:24.601,45,76,87,18,120.4817123,22.4496727,1708054,0,1680234,0
10:31:24.701,43,73,87,18,120.4817123,22.4496727,1646987,0,1612496,0
10:31:24.809,47,69,82,16,120.4816513,22.4496727,1774187,0,1523657,0
10:31:24.915,60,54,82,16,120.4816513,22.4496727,2257890,0,1197734,0
10:31:25.003,60,54,77,17,120.4816132,22.4496746,2257890,0,1197734,0
10:31:25.100,68,36,77,17,120.4816132,22.4496746,2537117,0,834396,0
10:31:25.215,72,42,77,17,120.4816132,22.4496746,2696387,0,944335,0
10:31:25.324,72,42,69,16,120.4815598,22.4496803,2696387,0,944335,0
10:31:25.405,71,41,69,16,120.4815598,22.4496803,2638266,0,922035,0
10:31:25.554,75,40,65,16,120.4815216,22.4496880,2812795,0,910081,0
10:31:25.603,79,41,65,16,120.4815216,22.4496880,2953737,0,939785,0
10:31:25.702,75,39,65,16,120.4815216,22.4496880,2814560,0,885004,0
10:31:25.809,73,34,67,18,120.4814682,22.4497051,2735294,0,784227,0
10:31:25.906,73,35,67,18,120.4814682,22.4497051,2716796,0,806424,0
10:31:26.013,73,35,66,18,120.4814453,22.4497204,2716796,0,806424,0
10:31:26.112,68,32,66,18,120.4814453,22.4497204,2546236,0,735869,0
10:31:26.203,68,32,66,18,120.4814224,22.4497356,2546236,0,735869,0
10:31:26.301,69,28,66,18,120.4814224,22.4497356,2596490,0,658375,0
10:31:26.409,75,31,64,18,120.4813843,22.4497528,2784498,0,725215,0
10:31:26.508,75,33,64,18,120.4813843,22.4497528,2804289,0,752771,0
10:31:26.603,76,31,64,18,120.4813538,22.4497719,2850473,0,710827,0
10:31:26.702,78,33,64,18,120.4813538,22.4497719,2911697,0,758860,0
10:31:26.813,75,29,64,18,120.4813309,22.4497948,2802477,0,677304,0
10:31:26.911,82,29,64,18,120.4813309,22.4497948,3054463,0,670999,0
10:31:27.015,82,29,64,18,120.4813080,22.4498196,3054463,0,670999,0
10:31:27.115,83,29,64,18,120.4813080,22.4498196,3091094,0,681378,0
10:31:27.202,83,27,65,17,120.4812927,22.4498463,3103430,0,626771,0
10:31:27.315,87,30,65,17,120.4812927,22.4498463,3222696,0,700997,0
10:31:27.413,87,30,67,18,120.4812698,22.4498749,3232552,0,701494,0
10:31:27.512,89,29,67,18,120.4812698,22.4498749,3322881,0,685105,0
10:31:27.605,89,29,69,18,120.4812546,22.4499054,3322881,0,685105,0
10:31:27.703,94,32,69,18,120.4812546,22.4499054,3486204,0,748463,0
10:31:27.815,94,32,72,18,120.4812393,22.4499397,3486204,0,748463,0
10:31:27.915,94,33,72,18,120.4812393,22.4499397,3506594,0,765404,0
10:31:28.025,94,33,75,18,120.4812317,22.4499741,3506594,0,765404,0
10:31:28.108,96,36,75,18,120.4812317,22.4499741,3558981,0,824139,0
10:31:28.203,96,35,78,18,120.4812164,22.4500103,3574889,0,811298,0
10:31:28.302,96,34,78,18,120.4812164,22.4500103,3552184,0,785699,0
10:31:28.412,96,34,80,18,120.4812012,22.4500504,3552184,0,785699,0
10:31:28.509,100,44,80,18,120.4812012,22.4500504,3703547,0,984411,0
10:31:28.620,100,44,84,18,120.4812012,22.4500904,3703547,0,984411,0
10:31:28.702,99,44,84,18,120.4812012,22.4500904,3676391,0,990470,0
10:31:28.813,98,43,86,18,120.4811935,22.4501324,3642393,0,977513,0
10:31:28.901,98,35,86,18,120.4811935,22.4501324,3648044,0,810864,0
10:31:29.011,98,35,89,18,120.4811935,22.4501781,3648044,0,810864,0
10:31:29.112,100,44,89,18,120.4811935,22.4501781,3765816,0,1002213,0
10:31:29.205,100,44,92,18,120.4811935,22.4502220,3765816,0,1002213,0
10:31:29.303,100,41,92,18,120.4811935,22.4502220,3714543,0,924031,0
10:31:29.413,100,52,95,18,120.4811935,22.4502697,3861483,0,1168841,0
10:31:29.512,100,50,95,18,120.4811935,22.4502697,3764763,0,1111820,0
10:31:29.642,100,43,99,16,120.4811935,22.4503193,3737723,0,981642,0
10:31:29.709,100,42,99,16,120.4811935,22.4503193,3847978,0,941741,0
10:31:29.807,100,50,99,16,120.4811935,22.4503193,3971801,0,1122358,0
10:31:29.911,100,46,104,18,120.4811935,22.4503975,3886710,0,1028644,0
10:31:30.010,100,42,104,18,120.4811935,22.4503975,3924745,0,959364,0
10:31:30.105,100,42,109,18,120.4811935,22.4504490,3924745,0,959364,0
10:31:30.205,100,43,109,18,120.4811935,22.4504490,3869605,0,982811,0
10:31:30.314,100,43,114,18,120.4811935,22.4505081,3869605,0,982811,0
10:31:30.411,100,45,114,18,120.4811935,22.4505081,3899889,0,1020084,0
10:31:30.523,100,46,118,18,120.4811935,22.4505672,3881948,0,1034935,0
10:31:30.606,100,45,118,18,120.4811935,22.4505672,3726215,0,1016058,0
10:31:30.715,100,53,123,18,120.4812012,22.4506264,3862272,0,1177589,0
10:31:30.805,100,54,123,18,120.4812012,22.4506264,3957224,0,1202274,0
10:31:30.914,100,54,125,18,120.4812012,22.4506874,3957224,0,1202274,0
10:31:31.013,100,48,125,18,120.4812012,22.4506874,3923669,0,1088182,0
10:31:31.114,100,48,130,18,120.4812012,22.4507523,3853114,0,1081970,0
10:31:31.213,100,51,130,18,120.4812012,22.4507523,3983480,0,1150321,0
10:31:31.303,100,51,134,18,120.4812164,22.4508190,3983480,0,1150321,0
10:31:31.403,100,45,134,18,120.4812164,22.4508190,3935293,0,1006898,0
10:31:31.506,100,45,139,18,120.4812164,22.4508877,3935293,0,1006898,0
10:31:31.605,100,43,139,18,120.4812164,22.4508877,3878274,0,976695,0
10:31:31.703,100,47,139,18,120.4812164,22.4508877,3960481,0,1051143,0
10:31:31.811,100,47,145,18,120.4812317,22.4509945,3960481,0,1051143,0
10:31:31.911,100,47,145,18,120.4812317,22.4509945,3957956,0,1056386,0
10:31:32.006,100,48,149,18,120.4812317,22.4510689,3943715,0,1073948,0
10:31:32.103,100,44,149,18,120.4812317,22.4510689,3861592,0,1004683,0
10:31:32.215,100,44,153,17,120.4812317,22.4511452,3848768,0,987591,0
10:31:32.315,100,46,153,17,120.4812317,22.4511452,3953783,0,1026357,0
10:31:32.415,100,45,158,17,120.4812393,22.4512234,3919944,0,1015716,0
10:31:32.513,100,41,158,17,120.4812393,22.4512234,3962525,0,938711,0
10:31:32.622,100,41,161,17,120.4812393,22.4513035,3962525,0,938711,0
10:31:32.705,100,47,161,17,120.4812393,22.4513035,3942901,0,1051075,0
10:31:32.815,100,37,166,18,120.4812393,22.4513874,3949531,0,849264,0
10:31:32.915,100,50,166,18,120.4812393,22.4513874,3923469,0,1113185,0
10:31:33.025,100,43,171,17,120.4812393,22.4514713,3908702,0,982312,0
10:31:33.108,100,44,171,17,120.4812393,22.4514713,3890824,0,988818,0
10:31:33.203,100,44,175,18,120.4812393,22.4515591,3890824,0,988818,0
10:31:33.302,100,41,175,18,120.4812393,22.4515591,3716000,0,936156,0
10:31:33.415,100,44,179,18,120.4812393,22.4516487,3761254,0,995756,0
10:31:33.515,100,46,179,18,120.4812393,22.4516487,3924892,0,1037733,0
10:31:33.612,100,46,180,17,120.4812317,22.4517384,3854209,0,1044180,0
10:31:33.709,100,47,180,17,120.4812317,22.4517384,3870334,0,1061565,0
10:31:33.808,100,43,180,17,120.4812317,22.4517384,3837745,0,964572,0
10:31:33.921,100,49,185,17,120.4812317,22.4518776,3892134,0,1105266,0
10:31:34.003,100,48,185,17,120.4812317,22.4518776,3945957,0,1084183,0
10:31:34.115,100,48,188,17,120.4812317,22.4519711,3945957,0,1084183,0
10:31:34.213,100,48,188,17,120.4812317,22.4519711,3983893,0,1074008,0
10:31:34.307,100,48,191,17,120.4812317,22.4520664,3983893,0,1074008,0
10:31:34.405,100,47,191,17,120.4812317,22.4520664,3939506,0,1066547,0
10:31:34.530,100,49,195,17,120.4812164,22.4521637,3903203,0,1094316,0
10:31:34.611,100,49,195,17,120.4812164,22.4521637,3902979,0,1107236,0
10:31:34.711,100,46,195,17,120.4812164,22.4521637,3961244,0,1045668,0
10:31:34.822,100,45,200,17,120.4812164,22.4523144,3959179,0,1008533,0
10:31:34.903,100,44,200,17,120.4812164,22.4523144,3890831,0,1003083,0
10:31:35.006,100,44,203,17,120.4812164,22.4524136,3890831,0,1003083,0
10:31:35.105,91,45,203,17,120.4812164,22.4524136,3387773,0,1021079,0
10:31:35.215,84,47,205,18,120.4812012,22.4525166,3129369,0,1050401,0
10:31:35.314,81,46,205,18,120.4812012,22.4525166,3018125,0,1044537,0
10:31:35.409,80,42,202,17,120.4812012,22.4526196,2972710,0,951307,0
10:31:35.507,81,45,202,17,120.4812012,22.4526196,3023502,0,1021783,0
10:31:35.601,81,45,199,16,120.4812012,22.4527206,3023502,0,1021783,0
10:31:35.715,79,47,199,16,120.4812012,22.4527206,2947439,0,1056210,0
10:31:35.813,73,53,199,16,120.4812012,22.4527206,2713771,0,1181133,0
10:31:35.923,73,53,194,16,120.4812012,22.4528694,2713771,0,1181133,0
10:31:36.005,61,62,194,16,120.4812012,22.4528694,2279340,0,1369554,0
10:31:36.115,55,72,191,17,120.4812012,22.4529648,2053000,0,1590011,0
10:31:36.215,50,71,191,17,120.4812012,22.4529648,1896779,0,1566790,0
10:31:36.314,56,77,185,17,120.4812012,22.4530582,2112313,0,1705077,0
10:31:36.413,55,73,185,17,120.4812012,22.4530582,2061427,0,1604390,0
10:31:36.509,55,73,179,17,120.4812012,22.4531479,2061427,0,1604390,0
10:31:36.615,53,71,179,17,120.4812012,22.4531479,2001935,0,1563199,0
10:31:36.709,53,71,174,17,120.4812012,22.4532375,2001935,0,1563199,0
10:31:36.807,52,77,174,17,120.4812012,22.4532375,1970538,0,1699137,0
10:31:36.900,50,78,169,18,120.4811935,22.4533253,1895397,0,1711931,0
10:31:37.015,49,80,169,18,120.4811935,22.4533253,1841421,0,1753496,0
10:31:37.107,49,80,164,17,120.4811935,22.4534073,1841421,0,1753496,0
10:31:37.205,50,77,164,17,120.4811935,22.4534073,1882990,0,1686874,0
10:31:37.316,50,77,159,17,120.4811935,22.4534893,1882990,0,1686874,0
10:31:37.415,51,75,159,17,120.4811935,22.4534893,1918917,0,1657016,0
10:31:37.513,52,77,154,18,120.4811935,22.4535675,1973136,0,1702071,0
10:31:37.611,50,76,154,18,120.4811935,22.4535675,1892498,0,1680769,0
10:31:37.711,51,76,154,18,120.4811935,22.4535675,1908179,0,1665101,0
10:31:37.815,54,76,147,18,120.4811935,22.4536819,2023874,0,1664464,0
10:31:37.915,57,71,147,18,120.4811935,22.4536819,2139127,0,1562657,0
10:31:38.005,57,71,142,18,120.4811783,22.4537544,2139127,0,1562657,0
10:31:38.103,61,66,142,18,120.4811783,22.4537544,2285264,0,1453418,0
10:31:38.213,63,63,139,18,120.4811783,22.4538231,2348596,0,1395817,0
10:31:38.312,65,63,139,18,120.4811783,22.4538231,2445408,0,1392357,0
10:31:38.415,65,60,135,18,120.4811783,22.4538937,2450935,0,1333711,0
10:31:38.515,71,59,135,18,120.4811783,22.4538937,2644961,0,1313523,0
10:31:38.616,72,54,132,18,120.4811630,22.4539604,2681953,0,1208912,0
10:31:38.715,76,51,132,18,120.4811630,22.4539604,2818929,0,1141094,0
10:31:38.815,77,50,132,18,120.4811630,22.4539604,2877233,0,1119872,0
10:31:38.907,77,50,128,17,120.4811630,22.4540577,2877233,0,1119872,0
10:31:39.005,81,50,128,17,120.4811630,22.4540577,3004900,0,1124101,0
10:31:39.100,81,50,126,17,120.4811554,22.4541206,3004900,0,1124101,0
10:31:39.215,79,50,126,17,120.4811554,22.4541206,2963475,0,1113420,0
10:31:39.312,77,47,124,17,120.4811554,22.4541817,2870187,0,1064103,0
10:31:39.410,74,42,124,17,120.4811554,22.4541817,2760019,0,946399,0
10:31:39.516,73,40,121,17,120.4811401,22.4542446,2731275,0,910691,0
10:31:39.605,78,46,121,17,120.4811401,22.4542446,2910053,0,1031777,0
10:31:39.705,79,44,121,17,120.4811401,22.4542446,2947651,0,990924,0
10:31:39.801,79,44,118,17,120.4811249,22.4543343,2947651,0,990924,0
10:31:39.901,82,42,118,17,120.4811249,22.4543343,3057553,0,957058,0
10:31:40.013,86,43,117,17,120.4811172,22.4543915,3205694,0,977472,0
10:31:40.111,87,41,117,17,120.4811172,22.4543915,3221653,0,936346,0
10:31:40.215,88,43,117,18,120.4811020,22.4544487,3266148,0,979865,0
10:31:40.315,83,43,117,18,120.4811020,22.4544487,3074591,0,963064,0
10:31:40.408,83,43,117,18,120.4810867,22.4545078,3074591,0,963064,0
10:31:40.506,77,39,117,18,120.4810867,22.4545078,2872368,0,886443,0
10:31:40.610,77,39,116,18,120.4810715,22.4545631,2872368,0,886443,0
10:31:40.709,73,40,116,18,120.4810715,22.4545631,2743819,0,919918,0
10:31:40.806,69,34,116,18,120.4810715,22.4545631,2573423,0,791476,0
10:31:40.929,69,34,113,18,120.4810486,22.4546471,2573423,0,791476,0
10:31:41.011,66,30,113,18,120.4810486,22.4546471,2457886,0,689659,0
10:31:41.109,67,30,110,18,120.4810257,22.4546967,2501728,0,688155,0
10:31:41.206,67,26,110,18,120.4810257,22.4546967,2511775,0,605331,0
10:31:41.301,67,26,108,18,120.4809952,22.4547462,2511775,0,605331,0
10:31:41.400,77,27,108,18,120.4809952,22.4547462,2878529,0,628207,0
10:31:41.520,88,37,106,18,120.4809723,22.4547977,3279082,0,837117,0
10:31:41.601,87,32,106,18,120.4809723,22.4547977,3238818,0,745671,0
10:31:41.715,93,38,106,18,120.4809723,22.4547977,3442022,0,858766,0
10:31:41.810,93,38,109,18,120.4809341,22.4548664,3442022,0,858766,0
10:31:41.909,90,32,109,18,120.4809341,22.4548664,3348552,0,739598,0
10:31:42.016,91,33,110,18,120.4808960,22.4549141,3383143,0,771567,0
10:31:42.115,94,39,110,18,120.4808960,22.4549141,3484041,0,889123,0
10:31:42.212,94,39,112,18,120.4808578,22.4549580,3484041,0,889123,0
10:31:42.311,90,42,112,18,120.4808578,22.4549580,3350111,0,944469,0
10:31:42.411,90,42,113,18,120.4808197,22.4550056,3350111,0,944469,0
10:31:42.501,84,41,113,18,120.4808197,22.4550056,3121182,0,921000,0
10:31:42.617,93,56,113,17,120.4807816,22.4550495,3463100,0,1251379,0
10:31:42.716,91,58,113,17,120.4807816,22.4550495,3401266,0,1297759,0
10:31:42.843,80,48,110,18,120.4807281,22.4551144,2971445,0,1069879,0
10:31:42.915,79,48,110,18,120.4807281,22.4551144,2933950,0,1070916,0
10:31:43.013,80,48,110,18,120.4807281,22.4551144,2977171,0,1089845,0
10:31:43.103,80,48,109,17,120.4806900,22.4551563,2977171,0,1089845,0
10:31:43.201,80,48,109,17,120.4806900,22.4551563,3000684,0,1089924,0
10:31:43.313,80,50,108,18,120.4806519,22.4552002,2967120,0,1120919,0
10:31:43.411,76,52,108,18,120.4806519,22.4552002,2850960,0,1164452,0
10:31:43.521,73,52,106,18,120.4806137,22.4552422,2729730,0,1173853,0
10:31:43.605,68,54,106,18,120.4806137,22.4552422,2559249,0,1213351,0
10:31:43.703,65,54,106,18,120.4806137,22.4552422,2445416,0,1201606,0
10:31:43.812,65,53,101,18,120.4805603,22.4553032,2428240,0,1185293,0
10:31:43.901,64,50,101,18,120.4805603,22.4553032,2407405,0,1127853,0
10:31:44.015,64,50,98,17,120.4805374,22.4553432,2407405,0,1127853,0
10:31:44.113,63,44,98,17,120.4805374,22.4553432,2356174,0,1002584,0
10:31:44.209,63,46,96,17,120.4805145,22.4553833,2352523,0,1028172,0
10:31:44.308,61,45,96,17,120.4805145,22.4553833,2289890,0,1015230,0
10:31:44.403,61,43,93,17,120.4804764,22.4554234,2275554,0,967519,0
10:31:44.500,65,42,93,17,120.4804764,22.4554234,2445393,0,945900,0
10:31:44.629,66,41,91,17,120.4804611,22.4554634,2469813,0,930741,0
10:31:44.711,68,36,91,17,120.4804611,22.4554634,2541079,0,833773,0
10:31:44.809,68,36,91,17,120.4804611,22.4554634,2534599,0,829793,0
10:31:44.931,68,36,87,18,120.4804230,22.4555244,2534599,0,829793,0
10:31:45.013,67,34,87,18,120.4804230,22.4555244,2515177,0,791875,0
10:31:45.115,66,31,86,18,120.4804077,22.4555664,2482827,0,716932,0
10:31:45.213,67,31,86,18,120.4804077,22.4555664,2512650,0,721984,0
10:31:45.300,65,30,84,18,120.4804001,22.4556065,2448716,0,701998,0
10:31:45.415,65,29,84,18,120.4804001,22.4556065,2432758,0,666258,0
10:31:45.513,65,29,81,18,120.4803848,22.4556484,2440662,0,673392,0
10:31:45.611,65,30,81,18,120.4803848,22.4556484,2442150,0,687323,0
10:31:45.709,65,29,81,18,120.4803848,22.4556484,2443146,0,686315,0
10:31:45.803,65,29,78,18,120.4803848,22.4557076,2443146,0,686315,0
10:31:45.901,65,28,78,18,120.4803848,22.4557076,2418287,0,648528,0
10:31:46.005,67,30,77,18,120.4803696,22.4557476,2493702,0,687818,0
10:31:46.105,72,29,77,18,120.4803696,22.4557476,2682495,0,668837,0
10:31:46.211,73,28,75,18,120.4803848,22.4557858,2743096,0,655194,0
10:31:46.309,74,26,75,18,120.4803848,22.4557858,2761649,0,614061,0
10:31:46.403,74,26,75,18,120.4803848,22.4558220,2761649,0,614061,0
10:31:46.500,76,27,75,18,120.4803848,22.4558220,2838996,0,624805,0
10:31:46.602,79,28,76,18,120.4804001,22.4558601,2931183,0,655308,0
10:31:46.700,76,24,76,18,120.4804001,22.4558601,2825737,0,571714,0
10:31:46.880,78,25,77,18,120.4804077,22.4559155,2902697,0,591006,0
10:31:46.913,78,25,77,18,120.4804077,22.4559155,2902697,0,591006,0
10:31:47.011,80,27,77,18,120.4804077,22.4559155,2983736,0,637305,0
10:31:47.120,78,25,78,18,120.4804382,22.4559498,2905243,0,594428,0
10:31:47.201,81,26,78,18,120.4804382,22.4559498,3003103,0,610194,0
10:31:47.311,81,26,79,18,120.4804459,22.4559860,3003103,0,610194,0
10:31:47.409,79,23,79,18,120.4804459,22.4559860,2957711,0,557732,0
10:31:47.526,82,25,80,18,120.4804764,22.4560184,3054163,0,594907,0
10:31:47.609,84,29,80,18,120.4804764,22.4560184,3124391,0,666128,0
10:31:47.709,83,29,80,18,120.4804764,22.4560184,3100942,0,665780,0
10:31:47.819,83,29,82,18,120.4805145,22.4560680,3100942,0,665780,0
10:31:47.901,82,27,82,18,120.4805145,22.4560680,3065154,0,633343,0
10:31:48.006,83,28,83,18,120.4805527,22.4560966,3074789,0,651366,0
10:31:48.105,81,27,83,18,120.4805527,22.4560966,3019813,0,633330,0
10:31:48.211,81,27,84,18,120.4805908,22.4561253,3019813,0,633330,0
10:31:48.309,81,27,84,18,120.4805908,22.4561253,3015923,0,631348,0
10:31:48.409,81,27,85,18,120.4806137,22.4561520,3015923,0,631348,0
10:31:48.515,79,24,85,18,120.4806137,22.4561520,2930227,0,560320,0
10:31:48.632,79,24,86,18,120.4806519,22.4561768,2930227,0,560320,0
10:31:48.713,80,25,86,18,120.4806519,22.4561768,2975350,0,586906,0
10:31:48.811,80,25,86,18,120.4806519,22.4561768,2988715,0,582484,0
10:31:48.913,80,25,88,18,120.4807205,22.4562073,2985400,0,598137,0
10:31:49.011,85,27,88,18,120.4807205,22.4562073,3151176,0,623700,0
10:31:49.103,85,27,88,18,120.4807663,22.4562263,3151176,0,623700,0
10:31:49.201,85,25,88,18,120.4807663,22.4562263,3162598,0,600207,0
10:31:49.303,85,25,90,18,120.4808044,22.4562397,3162598,0,600207,0
10:31:49.401,88,30,90,18,120.4808044,22.4562397,3273670,0,696106,0
10:31:49.518,86,27,92,18,120.4808578,22.4562531,3184779,0,625075,0
10:31:49.601,85,25,92,18,120.4808578,22.4562531,3179873,0,594686,0
10:31:49.715,90,28,92,18,120.4808578,22.4562531,3342143,0,647098,0
10:31:49.839,90,28,95,18,120.4809341,22.4562664,3342143,0,647098,0
10:31:49.905,91,32,95,18,120.4809341,22.4562664,3379485,0,736209,0
10:31:50.007,90,31,97,17,120.4809875,22.4562740,3346125,0,710065,0
10:31:50.105,91,31,97,17,120.4809875,22.4562740,3381057,0,722965,0
10:31:50.203,90,30,97,17,120.4809875,22.4562740,3345846,0,698426,0
10:31:50.343,91,32,100,17,120.4810638,22.4562778,3375746,0,730100,0
10:31:50.409,91,32,100,17,120.4810638,22.4562778,3375746,0,730100,0
10:31:50.525,95,39,102,18,120.4811172,22.4562778,3540237,0,891869,0
10:31:50.606,93,36,102,18,120.4811172,22.4562778,3443529,0,819179,0
10:31:50.705,93,38,102,18,120.4811172,22.4562778,3440587,0,873987,0
10:31:50.816,95,37,106,18,120.4812012,22.4562740,3521707,0,836552,0
10:31:50.915,99,51,106,18,120.4812012,22.4562740,3685708,0,1148364,0
10:31:51.009,98,47,108,18,120.4812546,22.4562683,3627396,0,1053316,0
10:31:51.108,97,43,108,18,120.4812546,22.4562683,3597748,0,974962,0
10:31:51.207,96,41,108,18,120.4812546,22.4562683,3567243,0,929893,0
10:31:51.334,98,43,112,18,120.4813461,22.4562569,3642314,0,982690,0
10:31:51.415,100,43,112,18,120.4813461,22.4562569,3696628,0,982570,0
10:31:51.516,100,43,114,18,120.4814072,22.4562473,3696628,0,982570,0
10:31:51.615,100,42,114,18,120.4814072,22.4562473,3721440,0,953417,0
10:31:51.715,100,45,114,18,120.4814072,22.4562473,3755707,0,1008783,0
10:31:51.814,100,45,119,18,120.4814987,22.4562283,3755707,0,1008783,0
10:31:51.913,100,46,119,18,120.4814987,22.4562283,3873201,0,1026824,0
10:31:52.006,100,46,123,18,120.4815598,22.4562149,3873201,0,1026824,0
10:31:52.105,100,47,123,18,120.4815598,22.4562149,3831044,0,1052294,0
10:31:52.214,100,47,126,18,120.4816360,22.4561996,3831044,0,1052294,0
10:31:52.312,100,52,126,18,120.4816360,22.4561996,3825340,0,1154318,0
10:31:52.410,100,49,131,18,120.4817047,22.4561825,3825998,0,1090781,0
10:31:52.509,100,50,131,18,120.4817047,22.4561825,3870274,0,1114283,0
10:31:52.606,100,50,135,18,120.4817657,22.4561653,3870274,0,1114283,0
10:31:52.705,100,47,135,18,120.4817657,22.4561653,3894674,0,1066442,0
10:31:52.820,100,47,139,18,120.4818420,22.4561462,3894674,0,1066442,0
10:31:52.902,100,48,139,18,120.4818420,22.4561462,3818365,0,1070053,0
10:31:53.013,100,48,144,18,120.4819183,22.4561253,3915426,0,1087494,0
10:31:53.113,100,46,144,18,120.4819183,22.4561253,3839933,0,1043475,0
10:31:53.215,100,50,148,18,120.4819946,22.4561043,3952935,0,1111969,0
10:31:53.315,100,51,148,18,120.4819946,22.4561043,3977051,0,1137419,0
10:31:53.413,100,51,152,18,120.4820709,22.4560814,3977051,0,1137419,0
10:31:53.511,100,49,152,18,120.4820709,22.4560814,3976632,0,1100569,0
10:31:53.632,100,49,157,18,120.4821472,22.4560585,3976632,0,1100569,0
10:31:53.715,94,47,157,18,120.4821472,22.4560585,3488590,0,1053472,0
10:31:53.814,81,46,157,18,120.4821472,22.4560585,3012121,0,1035235,0
10:31:53.915,79,47,162,17,120.4822769,22.4560223,2956043,0,1049375,0
10:31:54.014,80,49,162,17,120.4822769,22.4560223,2964864,0,1108352,0
10:31:54.108,80,49,159,17,120.4823532,22.4559975,2964864,0,1108352,0
10:31:54.206,68,54,159,17,120.4823532,22.4559975,2562494,0,1201689,0
10:31:54.316,68,54,156,17,120.4824295,22.4559746,2562494,0,1201689,0
10:31:54.405,55,63,156,17,120.4824295,22.4559746,2075095,0,1403377,0
10:31:54.510,51,76,153,17,120.4825211,22.4559498,1924899,0,1678062,0
10:31:54.611,48,82,153,17,120.4825211,22.4559498,1817307,0,1803838,0
10:31:54.713,47,79,148,18,120.4825974,22.4559288,1774785,0,1739170,0
10:31:54.811,47,80,148,18,120.4825974,22.4559288,1766513,0,1765803,0
10:31:54.940,45,76,143,18,120.4826736,22.4559059,1708033,0,1682460,0
10:31:55.006,45,76,143,18,120.4826736,22.4559059,1708033,0,1682460,0
10:31:55.105,47,77,143,18,120.4826736,22.4559059,1795363,0,1700282,0
10:31:55.241,47,77,135,18,120.4827805,22.4558735,1795363,0,1700282,0
10:31:55.306,52,75,135,18,120.4827805,22.4558735,1944325,0,1648353,0
10:31:55.409,55,75,130,18,120.4828415,22.4558525,2063928,0,1644368,0
10:31:55.508,55,73,130,18,120.4828415,22.4558525,2088279,0,1600545,0
10:31:55.625,57,72,126,18,120.4829025,22.4558315,2149373,0,1597834,0
10:31:55.706,59,73,126,18,120.4829025,22.4558315,2212354,0,1612092,0
10:31:55.805,58,71,126,18,120.4829025,22.4558315,2185222,0,1573809,0
10:31:55.912,58,71,120,18,120.4830093,22.4558010,2185222,0,1573809,0
10:31:56.011,58,68,120,18,120.4830093,22.4558010,2189854,0,1497325,0
10:31:56.114,59,65,117,18,120.4830627,22.4557800,2222490,0,1440978,0
10:31:56.215,60,64,117,18,120.4830627,22.4557800,2249341,0,1412588,0
10:31:56.326,61,63,113,18,120.4831238,22.4557590,2289375,0,1407460,0
10:31:56.409,63,62,113,18,120.4831238,22.4557590,2352642,0,1372056,0
10:31:56.535,63,60,110,18,120.4831772,22.4557400,2365044,0,1331331,0
10:31:56.601,63,60,110,18,120.4831772,22.4557400,2365044,0,1331331,0
10:31:56.715,66,58,110,18,120.4831772,22.4557400,2486980,0,1283113,0
10:31:56.813,66,58,105,18,120.4832535,22.4557076,2486980,0,1283113,0
10:31:56.910,69,45,105,18,120.4832535,22.4557076,2593077,0,1006427,0
10:31:57.011,69,45,102,18,120.4832993,22.4556828,2593077,0,1006427,0
10:31:57.110,72,43,102,18,120.4832993,22.4556828,2702580,0,974070,0
10:31:57.221,73,43,100,18,120.4833527,22.4556599,2737565,0,966561,0
10:31:57.303,74,40,100,18,120.4833527,22.4556599,2746423,0,919192,0
10:31:57.403,74,40,99,18,120.4834061,22.4556351,2746423,0,919192,0
10:31:57.501,76,37,99,18,120.4834061,22.4556351,2825230,0,850192,0
10:31:57.615,79,37,99,18,120.4834061,22.4556351,2929343,0,838082,0
10:31:57.715,79,37,97,18,120.4834671,22.4555950,2929343,0,838082,0
10:31:57.814,73,35,97,18,120.4834671,22.4555950,2728572,0,800323,0
10:31:57.916,71,36,97,18,120.4835052,22.4555645,2650898,0,815301,0
10:31:58.015,70,38,97,18,120.4835052,22.4555645,2621428,0,863904,0
10:31:58.126,70,38,95,18,120.4835434,22.4555340,2621428,0,863904,0
10:31:58.209,70,36,95,18,120.4835434,22.4555340,2627874,0,826869,0
10:31:58.313,69,35,93,18,120.4835815,22.4555016,2580567,0,803494,0
10:31:58.410,68,33,93,18,120.4835815,22.4555016,2549852,0,764199,0
10:31:58.539,69,35,91,18,120.4836197,22.4554691,2598921,0,793834,0
10:31:58.605,71,34,91,18,120.4836197,22.4554691,2671656,0,791884,0
10:31:58.720,71,34,90,18,120.4836502,22.4554348,2671656,0,791884,0
10:31:58.801,73,30,90,18,120.4836502,22.4554348,2727391,0,707761,0
10:31:58.920,76,30,88,18,120.4836884,22.4554005,2829375,0,702762,0
10:31:59.003,76,31,88,18,120.4836884,22.4554005,2846158,0,712754,0
10:31:59.113,77,34,88,18,120.4837112,22.4553623,2868331,0,784830,0
10:31:59.211,73,31,88,18,120.4837112,22.4553623,2714187,0,717568,0
10:31:59.305,73,31,88,18,120.4837341,22.4553261,2714187,0,717568,0
10:31:59.404,77,32,88,18,120.4837341,22.4553261,2863109,0,739790,0
10:31:59.549,78,32,87,18,120.4837494,22.4552860,2900719,0,748915,0
10:31:59.615,78,32,87,18,120.4837494,22.4552860,2900719,0,748915,0
10:31:59.713,74,29,87,18,120.4837494,22.4552860,2765554,0,670118,0
10:31:59.811,74,29,87,18,120.4837875,22.4552250,2765554,0,670118,0
10:31:59.909,76,30,87,18,120.4837875,22.4552250,2826224,0,704530,0
10:32:00.029,74,29,86,18,120.4838028,22.4551849,2773437,0,684891,0
10:32:00.110,74,28,86,18,120.4838028,22.4551849,2758583,0,647405,0
10:32:00.209,74,30,86,18,120.4838028,22.4551849,2778444,0,697213,0
10:32:00.305,74,30,86,18,120.4838181,22.4551220,2778444,0,697213,0
10:32:00.403,67,29,86,18,120.4838181,22.4551220,2509727,0,685287,0
10:32:00.504,67,29,85,18,120.4838257,22.4550781,2509727,0,685287,0
10:32:00.603,67,31,85,18,120.4838257,22.4550781,2524032,0,710159,0
10:32:00.700,69,31,85,18,120.4838257,22.4550781,2569665,0,716784,0
10:32:00.819,69,31,83,18,120.4838257,22.4550152,2569665,0,716784,0
10:32:00.901,69,31,83,18,120.4838257,22.4550152,2589371,0,717236,0
10:32:01.005,70,30,81,18,120.4838257,22.4549751,2612010,0,695380,0
10:32:01.103,70,28,81,18,120.4838257,22.4549751,2617419,0,658035,0
10:32:01.201,72,27,81,18,120.4838257,22.4549351,2684929,0,643349,0
10:32:01.315,72,27,81,18,120.4838257,22.4549351,2702275,0,626402,0
10:32:01.409,72,27,80,18,120.4838181,22.4548950,2702275,0,626402,0
10:32:01.506,75,27,80,18,120.4838181,22.4548950,2815572,0,641745,0
10:32:01.639,75,27,80,18,120.4838181,22.4548550,2815572,0,641745,0
10:32:01.705,77,28,80,18,120.4838181,22.4548550,2890471,0,658528,0
10:32:01.803,77,29,80,18,120.4838181,22.4548550,2882801,0,669432,0
10:32:01.911,78,29,80,18,120.4837875,22.4547977,2913174,0,676994,0
10:32:02.010,77,31,80,18,120.4837875,22.4547977,2874428,0,721582,0
10:32:02.109,75,25,81,18,120.4837646,22.4547596,2790714,0,587124,0
10:32:02.209,79,27,81,18,120.4837646,22.4547596,2938267,0,625698,0
10:32:02.323,82,28,81,18,120.4837494,22.4547234,3046220,0,661810,0
10:32:02.405,82,28,81,18,120.4837494,22.4547234,3072676,0,659005,0
10:32:02.531,82,28,82,18,120.4837265,22.4546871,3072676,0,659005,0
10:32:02.613,84,30,82,18,120.4837265,22.4546871,3123067,0,696723,0
10:32:02.711,83,29,82,18,120.4837265,22.4546871,3099230,0,673594,0
10:32:02.809,83,29,84,18,120.4836884,22.4546375,3099230,0,673594,0
10:32:02.906,83,31,84,18,120.4836884,22.4546375,3081844,0,708189,0
10:32:03.004,83,31,85,18,120.4836502,22.4546070,3081844,0,708189,0
10:32:03.101,76,29,85,18,120.4836502,22.4546070,2845279,0,669458,0
10:32:03.219,71,29,86,18,120.4836197,22.4545765,2646368,0,675256,0
10:32:03.300,71,33,86,18,120.4836197,22.4545765,2645661,0,752381,0
10:32:03.404,71,33,84,18,120.4835815,22.4545479,2645661,0,752381,0
10:32:03.505,77,35,84,18,120.4835815,22.4545479,2856202,0,813832,0
10:32:03.611,77,35,83,18,120.4835434,22.4545212,2856202,0,813832,0
10:32:03.711,81,33,83,18,120.4835434,22.4545212,3017763,0,768776,0
10:32:03.801,81,33,83,18,120.4835052,22.4544983,3017763,0,768776,0
10:32:03.906,81,30,83,18,120.4835052,22.4544983,3007460,0,702510,0
10:32:04.013,85,31,84,18,120.4834671,22.4544773,3166911,0,725600,0
10:32:04.113,89,41,84,18,120.4834671,22.4544773,3300939,0,939749,0
10:32:04.204,89,41,85,18,120.4834290,22.4544582,3300939,0,939749,0
10:32:04.301,87,36,85,18,120.4834290,22.4544582,3255103,0,824329,0
10:32:04.411,87,34,86,18,120.4833908,22.4544392,3253213,0,781669,0
10:32:04.511,90,36,86,18,120.4833908,22.4544392,3336108,0,819003,0
10:32:04.606,90,36,87,18,120.4833374,22.4544239,3345814,0,829336,0
10:32:04.704,91,35,87,18,120.4833374,22.4544239,3386354,0,813980,0
10:32:04.815,93,38,89,18,120.4832993,22.4544106,3445527,0,867324,0
10:32:04.913,93,38,89,18,120.4832993,22.4544106,3464364,0,865260,0
10:32:05.007,93,38,91,18,120.4832535,22.4543972,3464364,0,865260,0
10:32:05.104,94,37,91,18,120.4832535,22.4543972,3481341,0,854774,0
10:32:05.213,95,40,94,18,120.4832001,22.4543877,3516513,0,915668,0
10:32:05.311,95,40,94,18,120.4832001,22.4543877,3524331,0,904090,0
10:32:05.408,95,42,96,18,120.4831467,22.4543781,3526074,0,946391,0
10:32:05.508,94,41,96,18,120.4831467,22.4543781,3501599,0,925215,0
10:32:05.616,94,41,98,18,120.4831009,22.4543705,3501599,0,925215,0
10:32:05.715,93,40,98,18,120.4831009,22.4543705,3472201,0,906540,0
10:32:05.805,93,40,100,18,120.4830475,22.4543648,3472201,0,906540,0
10:32:05.904,94,39,100,18,120.4830475,22.4543648,3490011,0,891292,0
10:32:06.015,93,40,102,18,120.4829941,22.4543610,3470206,0,905462,0
10:32:06.114,94,39,102,18,120.4829941,22.4543610,3479436,0,895907,0
10:32:06.215,89,39,104,18,120.4829330,22.4543591,3320985,0,888591,0
10:32:06.304,85,36,104,18,120.4829330,22.4543591,3175930,0,824515,0
10:32:06.408,85,36,106,17,120.4828796,22.4543591,3175930,0,824515,0
10:32:06.508,87,37,106,17,120.4828796,22.4543591,3249076,0,855377,0
10:32:06.604,88,40,106,17,120.4828186,22.4543591,3279367,0,916600,0
10:32:06.704,84,37,106,17,120.4828186,22.4543591,3110585,0,847103,0
10:32:06.807,83,35,106,16,120.4827652,22.4543629,3105723,0,810128,0
10:32:06.904,85,38,106,16,120.4827652,22.4543629,3178231,0,862776,0
10:32:07.013,84,37,107,17,120.4827042,22.4543705,3136677,0,842154,0
10:32:07.113,81,29,107,17,120.4827042,22.4543705,3035463,0,673602,0
10:32:07.201,81,29,107,18,120.4826508,22.4543781,3035463,0,673602,0
10:32:07.300,82,34,107,18,120.4826508,22.4543781,3040297,0,780679,0
10:32:07.405,78,32,108,18,120.4825821,22.4543877,2899172,0,731278,0
10:32:07.503,71,33,108,18,120.4825821,22.4543877,2641989,0,751009,0
10:32:07.609,69,33,106,17,120.4825363,22.4543991,2572917,0,759189,0
10:32:07.707,67,32,106,17,120.4825363,22.4543991,2525810,0,740066,0
10:32:07.801,67,32,104,16,120.4824829,22.4544125,2525810,0,740066,0
10:32:07.915,65,27,104,16,120.4824829,22.4544125,2445755,0,640012,0
10:32:08.007,65,27,100,16,120.4824295,22.4544296,2445755,0,640012,0
10:32:08.104,72,35,100,16,120.4824295,22.4544296,2683641,0,809729,0
10:32:08.205,75,39,98,16,120.4823837,22.4544468,2783420,0,881568,0
10:32:08.303,76,41,98,16,120.4823837,22.4544468,2845440,0,931673,0
10:32:08.401,76,42,97,16,120.4823303,22.4544678,2826383,0,957133,0
10:32:08.500,74,41,97,16,120.4823303,22.4544678,2781699,0,940283,0
10:32:08.605,74,41,97,16,120.4822769,22.4544888,2781699,0,940283,0
10:32:08.705,76,34,97,16,120.4822769,22.4544888,2838996,0,773991,0
10:32:08.808,76,34,96,16,120.4822388,22.4545135,2838996,0,773991,0
10:32:08.913,79,35,96,16,120.4822388,22.4545135,2950460,0,794895,0
10:32:09.006,78,27,96,16,120.4821854,22.4545383,2921653,0,636007,0
10:32:09.105,83,30,96,16,120.4821854,22.4545383,3082319,0,690397,0
10:32:09.209,89,39,96,16,120.4821472,22.4545689,3299574,0,880435,0
10:32:09.308,84,40,96,16,120.4821472,22.4545689,3110548,0,900017,0
10:32:09.401,84,40,97,16,120.4821014,22.4545975,3110548,0,900017,0
10:32:09.501,79,43,97,16,120.4821014,22.4545975,2962208,0,982600,0
10:32:09.613,79,43,97,15,120.4820633,22.4546318,2962208,0,982600,0
10:32:09.711,79,45,97,15,120.4820633,22.4546318,2964222,0,1015924,0
10:32:09.811,79,50,95,16,120.4820251,22.4546642,2948232,0,1130469,0
10:32:09.911,66,55,95,16,120.4820251,22.4546642,2484643,0,1228352,0
10:32:10.011,62,64,93,16,120.4819870,22.4546967,2321840,0,1428489,0
10:32:10.128,61,72,90,17,120.4819565,22.4547272,2305996,0,1584342,0
10:32:10.203,61,72,90,17,120.4819565,22.4547272,2305996,0,1584342,0
10:32:10.301,61,67,90,17,120.4819565,22.4547272,2301978,0,1490675,0
10:32:10.409,59,67,88,16,120.4819183,22.4547577,2221684,0,1478503,0
10:32:10.508,57,71,88,16,120.4819183,22.4547577,2149978,0,1567712,0
10:32:10.606,55,71,84,16,120.4818802,22.4547882,2078152,0,1559106,0
10:32:10.705,55,69,84,16,120.4818802,22.4547882,2074315,0,1528505,0
10:32:10.805,56,70,84,16,120.4818802,22.4547882,2112113,0,1542404,0
10:32:10.936,57,71,78,16,120.4818420,22.4548302,2155879,0,1567796,0
10:32:11.001,57,74,78,16,120.4818420,22.4548302,2131039,0,1633671,0
10:32:11.113,57,74,76,17,120.4818039,22.4548569,2131039,0,1633671,0
10:32:11.214,49,78,76,17,120.4818039,22.4548569,1844239,0,1711628,0
10:32:11.306,49,78,72,17,120.4817810,22.4548817,1844239,0,1711628,0
10:32:11.405,45,80,72,17,120.4817810,22.4548817,1721429,0,1749355,0
10:32:11.521,42,78,67,17,120.4817505,22.4549046,1605494,0,1713426,0
10:32:11.603,43,76,67,17,120.4817505,22.4549046,1617455,0,1667804,0
10:32:11.701,44,74,67,17,120.4817505,22.4549046,1677510,0,1638260,0
10:32:11.811,45,72,60,18,120.4817123,22.4549332,1720041,0,1594254,0
10:32:11.911,47,69,60,18,120.4817123,22.4549332,1768231,0,1534806,0
10:32:12.008,47,69,56,18,120.4816895,22.4549503,1768231,0,1534806,0
10:32:12.107,47,61,56,18,120.4816895,22.4549503,1788872,0,1355727,0
10:32:12.201,47,61,53,18,120.4816666,22.4549637,1788872,0,1355727,0
10:32:12.308,52,60,53,18,120.4816666,22.4549637,1965177,0,1334303,0
10:32:12.421,54,60,50,18,120.4816360,22.4549751,2046215,0,1340846,0
10:32:12.505,55,55,50,18,120.4816360,22.4549751,2054225,0,1235081,0
10:32:12.620,61,50,47,18,120.4816132,22.4549847,2278799,0,1128425,0
10:32:12.700,69,48,47,18,120.4816132,22.4549847,2576031,0,1088975,0
10:32:12.853,68,45,44,18,120.4815750,22.4549923,2538415,0,1005531,0
10:32:12.903,66,38,44,18,120.4815750,22.4549923,2471917,0,856785,0
10:32:13.000,68,36,44,18,120.4815750,22.4549923,2533636,0,830691,0
10:32:13.110,68,36,42,18,120.4815521,22.4549961,2533636,0,830691,0
10:32:13.211,67,32,42,18,120.4815521,22.4549961,2501467,0,746579,0
10:32:13.311,67,32,41,18,120.4815216,22.4549961,2501467,0,746579,0
10:32:13.409,69,36,41,18,120.4815216,22.4549961,2581150,0,827596,0
10:32:13.508,67,33,40,18,120.4815140,22.4549923,2503164,0,754302,0
10:32:13.605,77,32,40,18,120.4815140,22.4549923,2872794,0,731112,0
10:32:13.704,80,33,40,18,120.4815140,22.4549923,2992635,0,769058,0
10:32:13.811,80,33,38,18,120.4814682,22.4549847,2992635,0,769058,0
10:32:13.900,81,33,38,18,120.4814682,22.4549847,3029251,0,756039,0
10:32:14.013,82,31,39,18,120.4814606,22.4549751,3069037,0,723282,0
10:32:14.111,84,32,39,18,120.4814606,22.4549751,3115974,0,746546,0
10:32:14.214,84,32,41,18,120.4814301,22.4549637,3115974,0,746546,0
10:32:14.313,83,30,41,18,120.4814301,22.4549637,3075000,0,692755,0
10:32:14.405,84,30,42,18,120.4814224,22.4549503,3121594,0,705600,0
10:32:14.504,86,33,42,18,120.4814224,22.4549503,3216308,0,756851,0
10:32:14.601,86,33,45,18,120.4814072,22.4549351,3216308,0,756851,0
10:32:14.715,89,34,45,18,120.4814072,22.4549351,3317265,0,771872,0
10:32:14.815,89,34,47,18,120.4813919,22.4549160,3317265,0,771872,0
10:32:14.913,90,33,47,18,120.4813919,22.4549160,3358342,0,771392,0
10:32:15.016,90,33,49,18,120.4813690,22.4548950,3358342,0,771392,0
10:32:15.115,95,38,49,18,120.4813690,22.4548950,3512606,0,866733,0
10:32:15.209,95,38,51,18,120.4813690,22.4548721,3512606,0,866733,0
10:32:15.306,93,33,51,18,120.4813690,22.4548721,3448223,0,759621,0
10:32:15.401,93,33,54,17,120.4813538,22.4548473,3448223,0,759621,0
10:32:15.500,96,35,54,17,120.4813538,22.4548473,3569831,0,798896,0
10:32:15.615,97,36,57,17,120.4813461,22.4548187,3586648,0,815877,0
10:32:15.713,97,35,57,17,120.4813461,22.4548187,3613743,0,799429,0
10:32:15.808,98,36,61,18,120.4813461,22.4547901,3651324,0,834627,0
10:32:15.908,100,36,61,18,120.4813461,22.4547901,3709171,0,833020,0
10:32:16.007,100,36,65,18,120.4813309,22.4547577,3709171,0,833020,0
10:32:16.105,100,41,65,18,120.4813309,22.4547577,3817521,0,930095,0
10:32:16.211,100,42,69,18,120.4813309,22.4547253,3780082,0,951428,0
10:32:16.311,100,41,69,18,120.4813309,22.4547253,3771475,0,940822,0
10:32:16.408,100,44,74,18,120.4813309,22.4546871,3772061,0,995716,0
10:32:16.508,100,45,74,18,120.4813309,22.4546871,3871741,0,1020156,0
10:32:16.615,100,48,78,18,120.4813309,22.4546509,3863817,0,1086174,0
10:32:16.715,100,50,78,18,120.4813309,22.4546509,3946892,0,1129436,0
10:32:16.813,100,49,78,18,120.4813309,22.4546509,3925723,0,1102253,0
10:32:16.933,100,49,85,18,120.4813309,22.4545879,3925723,0,1102253,0
10:32:17.015,100,49,85,18,120.4813309,22.4545879,3973497,0,1107919,0
10:32:17.115,100,48,89,18,120.4813309,22.4545460,3933673,0,1086893,0
10:32:17.214,100,45,89,18,120.4813309,22.4545460,3909802,0,1022422,0
10:32:17.308,100,45,94,18,120.4813309,22.4544983,3909802,0,1022422,0
10:32:17.408,100,48,94,18,120.4813309,22.4544983,3866404,0,1077013,0
10:32:17.553,100,48,100,18,120.4813309,22.4544506,3951359,0,1086345,0
10:32:17.604,100,49,100,18,120.4813309,22.4544506,4000022,0,1101358,0
10:32:17.704,100,51,100,18,120.4813309,22.4544506,3891397,0,1139219,0
10:32:17.809,100,51,108,18,120.4813309,22.4543724,3891397,0,1139219,0
10:32:17.908,100,48,108,18,120.4813309,22.4543724,3969698,0,1071333,0
10:32:18.005,100,48,113,18,120.4813309,22.4543171,3969698,0,1071333,0
10:32:18.104,100,47,113,18,120.4813309,22.4543171,3959145,0,1067568,0
10:32:18.215,100,47,118,18,120.4813461,22.4542580,3959145,0,1067568,0
10:32:18.304,100,48,118,18,120.4813461,22.4542580,3948499,0,1075950,0
10:32:18.420,100,48,123,18,120.4813461,22.4541969,3953643,0,1075698,0
10:32:18.501,100,46,123,18,120.4813461,22.4541969,3917095,0,1037426,0
10:32:18.625,100,46,128,18,120.4813461,22.4541340,3917095,0,1037426,0
10:32:18.708,100,48,128,18,120.4813461,22.4541340,3900934,0,1079977,0
10:32:18.800,100,45,134,18,120.4813461,22.4540672,3898093,0,1015248,0
10:32:18.908,100,48,134,18,120.4813461,22.4540672,3944967,0,1081702,0
10:32:19.008,90,48,138,18,120.4813461,22.4539986,3345099,0,1079133,0
10:32:19.108,78,44,138,18,120.4813461,22.4539986,2917810,0,1003558,0
10:32:19.214,77,47,140,18,120.4813538,22.4539299,2858225,0,1062916,0
10:32:19.313,76,44,140,18,120.4813538,22.4539299,2835928,0,1000222,0
10:32:19.413,76,44,136,18,120.4813538,22.4538593,2835928,0,1000222,0
10:32:19.511,77,47,136,18,120.4813538,22.4538593,2887224,0,1059971,0
10:32:19.614,77,47,134,18,120.4813538,22.4537926,2878956,0,1065398,0
10:32:19.714,77,49,134,18,120.4813538,22.4537926,2885515,0,1106671,0
10:32:19.814,76,49,134,18,120.4813538,22.4537926,2834877,0,1093560,0
10:32:19.909,74,50,130,18,120.4813538,22.4536934,2780269,0,1114307,0
10:32:20.009,74,54,130,18,120.4813538,22.4536934,2746244,0,1208816,0
10:32:20.142,68,55,127,18,120.4813538,22.4536266,2550794,0,1232455,0
10:32:20.208,68,55,127,18,120.4813538,22.4536266,2550794,0,1232455,0
10:32:20.303,63,62,125,18,120.4813538,22.4535656,2354193,0,1384981,0
10:32:20.401,54,64,125,18,120.4813538,22.4535656,2037566,0,1427402,0
10:32:20.509,54,68,121,18,120.4813538,22.4535027,2016858,0,1512146,0
10:32:20.606,55,75,121,18,120.4813538,22.4535027,2071669,0,1646777,0
10:32:20.705,52,74,117,18,120.4813690,22.4534435,1977079,0,1625379,0
10:32:20.803,52,74,117,18,120.4813690,22.4534435,1957751,0,1627855,0
10:32:20.915,52,77,112,18,120.4813690,22.4533863,1966100,0,1688006,0
10:32:21.015,51,75,112,18,120.4813690,22.4533863,1928045,0,1653482,0
10:32:21.135,51,75,108,18,120.4813690,22.4533310,1928045,0,1653482,0
10:32:21.201,55,70,108,18,120.4813690,22.4533310,2085052,0,1549962,0
10:32:21.311,60,67,104,18,120.4813690,22.4532776,2239745,0,1475534,0
10:32:21.411,66,62,104,18,120.4813690,22.4532776,2476993,0,1383862,0
10:32:21.510,66,62,100,18,120.4813690,22.4532280,2476993,0,1383862,0
10:32:21.609,70,53,100,18,120.4813690,22.4532280,2602927,0,1179241,0
10:32:21.708,70,55,100,18,120.4813690,22.4532280,2599608,0,1227411,0
10:32:21.805,70,55,96,18,120.4813690,22.4531536,2599608,0,1227411,0
10:32:21.903,67,38,96,18,120.4813690,22.4531536,2509451,0,876812,0
10:32:22.009,71,44,93,18,120.4813843,22.4531059,2658746,0,995515,0
10:32:22.108,64,42,93,18,120.4813843,22.4531059,2414567,0,955045,0
10:32:22.208,65,42,91,18,120.4813843,22.4530602,2422992,0,950227,0
10:32:22.306,65,40,91,18,120.4813843,22.4530602,2437999,0,911250,0
10:32:22.415,66,39,88,18,120.4813919,22.4530163,2458747,0,881823,0
10:32:22.514,68,38,88,18,120.4813919,22.4530163,2543807,0,876618,0
10:32:22.635,68,38,86,18,120.4814072,22.4529743,2543807,0,876618,0
10:32:22.700,70,39,86,18,120.4814072,22.4529743,2601680,0,891921,0
10:32:22.811,69,37,85,18,120.4814224,22.4529324,2581865,0,850633,0
10:32:22.909,68,33,85,18,120.4814224,22.4529324,2549547,0,771568,0
10:32:23.011,76,41,82,18,120.4814301,22.4528923,2822686,0,927399,0
10:32:23.111,74,38,82,18,120.4814301,22.4528923,2772283,0,863220,0
10:32:23.205,74,36,81,18,120.4814453,22.4528561,2760797,0,817421,0
10:32:23.303,71,31,81,18,120.4814453,22.4528561,2665890,0,727324,0
10:32:23.436,71,31,80,18,120.4814682,22.4528198,2665890,0,727324,0
10:32:23.501,71,33,80,18,120.4814682,22.4528198,2671059,0,754626,0
10:32:23.614,71,32,79,18,120.4814987,22.4527855,2645249,0,750555,0
10:32:23.711,72,32,79,18,120.4814987,22.4527855,2676395,0,747858,0
10:32:23.801,72,32,78,18,120.4815216,22.4527531,2676395,0,747858,0
10:32:23.908,70,32,78,18,120.4815216,22.4527531,2615781,0,742366,0
10:32:24.006,69,32,77,18,120.4815521,22.4527225,2577488,0,749489,0
10:32:24.105,69,33,77,18,120.4815521,22.4527225,2586041,0,759815,0
10:32:24.209,69,33,75,18,120.4815750,22.4526939,2586041,0,759815,0
10:32:24.308,69,31,75,18,120.4815750,22.4526939,2579618,0,715912,0
10:32:24.411,74,34,74,18,120.4815979,22.4526691,2762757,0,779774,0
10:32:24.511,75,33,74,18,120.4815979,22.4526691,2783615,0,751365,0
10:32:24.609,75,33,73,18,120.4816360,22.4526463,2783615,0,751365,0
10:32:24.709,77,31,73,18,120.4816360,22.4526463,2888773,0,723923,0
10:32:24.808,77,31,73,18,120.4816360,22.4526463,2869513,0,720815,0
10:32:24.905,77,31,73,18,120.4816895,22.4526157,2869513,0,720815,0
10:32:25.005,79,31,73,18,120.4816895,22.4526157,2964047,0,722923,0
10:32:25.142,85,34,74,18,120.4817123,22.4525986,3159284,0,790837,0
10:32:25.209,81,26,74,18,120.4817123,22.4525986,3026618,0,603853,0
10:32:25.305,81,26,75,18,120.4817505,22.4525833,3026618,0,603853,0
10:32:25.405,89,33,75,18,120.4817505,22.4525833,3304188,0,759223,0
10:32:25.529,89,33,77,18,120.4817886,22.4525700,3304188,0,759223,0
10:32:25.610,86,31,77,18,120.4817886,22.4525700,3219684,0,708920,0
10:32:25.710,89,31,77,18,120.4817886,22.4525700,3329168,0,729140,0
10:32:25.810,89,31,80,18,120.4818573,22.4525528,3329168,0,729140,0
10:32:25.909,92,31,80,18,120.4818573,22.4525528,3407776,0,718764,0
10:32:26.005,92,31,83,18,120.4818954,22.4525452,3407776,0,718764,0
10:32:26.105,94,33,83,18,120.4818954,22.4525452,3507233,0,771377,0
10:32:26.224,95,35,86,17,120.4819489,22.4525414,3542625,0,800509,0
10:32:26.305,96,34,86,17,120.4819489,22.4525414,3566051,0,782420,0
10:32:26.417,96,34,89,17,120.4819946,22.4525375,3566051,0,782420,0
10:32:26.514,98,36,89,17,120.4819946,22.4525375,3643360,0,818942,0
10:32:26.616,99,41,91,17,120.4820480,22.4525356,3679440,0,926413,0
10:32:26.715,97,36,91,17,120.4820480,22.4525356,3607040,0,833793,0
10:32:26.815,98,37,91,17,120.4820480,22.4525356,3648807,0,837426,0
10:32:26.926,100,43,97,18,120.4821243,22.4525356,3742133,0,976353,0
10:32:27.008,100,39,97,18,120.4821243,22.4525356,3712496,0,896520,0
10:32:27.103,100,39,100,18,120.4821777,22.4525394,3712496,0,896520,0
10:32:27.201,100,43,100,18,120.4821777,22.4525394,3793412,0,963101,0
10:32:27.305,100,43,104,18,120.4822235,22.4525433,3779999,0,974653,0
10:32:27.405,99,45,104,18,120.4822235,22.4525433,3665538,0,1016032,0
10:32:27.521,89,43,108,18,120.4822922,22.4525509,3295959,0,974400,0
10:32:27.605,82,47,108,18,120.4822922,22.4525509,3052817,0,1068098,0
10:32:27.705,81,50,108,18,120.4822922,22.4525509,3020322,0,1124787,0
10:32:27.828,78,49,106,18,120.4823685,22.4525604,2897053,0,1108460,0
10:32:27.909,81,52,106,18,120.4823685,22.4525604,3003335,0,1167775,0
10:32:28.013,81,52,105,18,120.4824295,22.4525681,3003335,0,1167775,0
10:32:28.111,79,50,105,18,120.4824295,22.4525681,2951641,0,1118775,0
10:32:28.211,78,50,105,18,120.4824295,22.4525681,2925806,0,1114072,0
10:32:28.309,78,50,102,17,120.4825058,22.4525795,2925806,0,1114072,0
10:32:28.406,77,47,102,17,120.4825058,22.4525795,2890534,0,1049149,0
10:32:28.541,77,48,100,17,120.4825592,22.4525852,2876215,0,1072863,0
10:32:28.608,76,50,100,17,120.4825592,22.4525852,2844049,0,1125217,0
10:32:28.709,73,53,100,17,120.4825592,22.4525852,2732510,0,1175168,0
10:32:28.805,73,53,97,17,120.4826508,22.4525948,2732510,0,1175168,0
10:32:28.910,65,56,97,17,120.4826508,22.4525948,2449545,0,1250363,0
10:32:29.010,60,61,95,17,120.4827042,22.4526024,2264700,0,1345530,0
10:32:29.111,58,66,95,17,120.4827042,22.4526024,2193555,0,1451472,0
10:32:29.211,58,66,91,17,120.4827499,22.4526062,2193555,0,1451472,0
10:32:29.311,55,67,91,17,120.4827499,22.4526062,2077176,0,1483010,0
10:32:29.430,55,67,88,17,120.4827881,22.4526119,2077176,0,1483010,0
10:32:29.514,55,69,88,17,120.4827881,22.4526119,2058369,0,1518126,0
10:32:29.613,50,70,88,17,120.4827881,22.4526119,1871474,0,1553959,0
10:32:29.708,50,70,82,17,120.4828644,22.4526157,1871474,0,1553959,0
10:32:29.808,48,75,82,17,120.4828644,22.4526157,1817580,0,1646005,0
10:32:29.915,47,76,78,17,120.4829025,22.4526176,1772398,0,1681426,0
10:32:30.014,45,77,78,17,120.4829025,22.4526176,1701696,0,1696469,0
10:32:30.105,44,76,78,17,120.4829025,22.4526176,1651259,0,1682635,0
10:32:30.236,43,75,71,17,120.4829712,22.4526176,1629295,0,1660480,0
10:32:30.301,43,75,71,17,120.4829712,22.4526176,1629295,0,1660480,0
10:32:30.409,45,76,66,17,120.4830093,22.4526138,1694124,0,1679124,0
10:32:30.508,46,74,66,17,120.4830093,22.4526138,1726744,0,1641204,0
10:32:30.611,46,74,63,17,120.4830322,22.4526119,1731693,0,1621613,0
10:32:30.710,46,72,63,17,120.4830322,22.4526119,1759053,0,1597672,0
10:32:30.808,47,69,63,17,120.4830322,22.4526119,1794245,0,1533264,0
10:32:30.915,54,58,57,17,120.4830856,22.4526024,2015784,0,1293079,0
10:32:31.014,65,48,57,17,120.4830856,22.4526024,2418206,0,1081412,0
10:32:31.111,68,45,53,18,120.4831085,22.4525948,2534346,0,1018017,0
10:32:31.209,68,42,53,18,120.4831085,22.4525948,2560288,0,953320,0
10:32:31.336,68,42,53,18,120.4831390,22.4525852,2560288,0,953320,0
10:32:31.401,69,40,53,18,120.4831390,22.4525852,2579432,0,916452,0
10:32:31.534,68,38,51,18,120.4831619,22.4525757,2560748,0,869339,0
10:32:31.601,70,38,51,18,120.4831619,22.4525757,2603084,0,858698,0
10:32:31.715,67,37,51,18,120.4831619,22.4525757,2519629,0,839335,0
10:32:31.815,66,35,49,18,120.4832001,22.4525547,2463417,0,799726,0
10:32:31.914,65,33,49,18,120.4832001,22.4525547,2451260,0,754339,0
10:32:32.013,65,33,47,18,120.4832230,22.4525414,2451260,0,754339,0
10:32:32.111,65,32,47,18,120.4832230,22.4525414,2439029,0,743604,0
10:32:32.203,65,33,46,18,120.4832382,22.4525223,2449593,0,750943,0
10:32:32.301,66,34,46,18,120.4832382,22.4525223,2478551,0,772303,0
10:32:32.401,66,33,45,17,120.4832535,22.4525051,2463883,0,754502,0
10:32:32.515,66,33,45,17,120.4832535,22.4525051,2485152,0,752491,0
10:32:32.624,68,34,43,17,120.4832611,22.4524860,2534406,0,780489,0
10:32:32.708,70,34,43,17,120.4832611,22.4524860,2609872,0,781118,0
10:32:32.808,70,31,43,17,120.4832611,22.4524860,2603677,0,711218,0
10:32:32.929,70,31,41,17,120.4832764,22.4524555,2603677,0,711218,0
10:32:33.011,71,30,41,17,120.4832764,22.4524555,2653213,0,692636,0
10:32:33.110,73,31,42,17,120.4832764,22.4524345,2729725,0,722152,0
10:32:33.210,74,31,42,17,120.4832764,22.4524345,2762553,0,723128,0
10:32:33.309,75,30,42,18,120.4832764,22.4524136,2794805,0,690649,0
10:32:33.408,75,30,42,18,120.4832764,22.4524136,2816408,0,699189,0
10:32:33.520,76,30,43,18,120.4832764,22.4523926,2851018,0,690642,0
10:32:33.601,76,29,43,18,120.4832764,22.4523926,2840252,0,677110,0
10:32:33.701,76,28,43,18,120.4832764,22.4523926,2839535,0,658589,0
10:32:33.839,76,28,44,18,120.4832611,22.4523602,2839535,0,658589,0
10:32:33.911,77,28,44,18,120.4832611,22.4523602,2876077,0,656735,0
10:32:34.009,79,29,45,18,120.4832611,22.4523392,2945936,0,684645,0
10:32:34.106,80,29,45,18,120.4832611,22.4523392,2983663,0,683227,0
10:32:34.204,80,29,45,18,120.4832611,22.4523392,3000272,0,675992,0
10:32:34.301,80,28,47,18,120.4832382,22.4523106,2980341,0,657775,0
10:32:34.415,80,29,47,18,120.4832382,22.4523106,2994166,0,685647,0
10:32:34.524,81,30,49,18,120.4832230,22.4522915,3024232,0,692107,0
10:32:34.605,82,30,49,18,120.4832230,22.4522915,3039014,0,693660,0
10:32:34.703,84,30,49,18,120.4832230,22.4522915,3117414,0,703748,0
10:32:34.801,84,30,51,18,120.4831848,22.4522667,3117414,0,703748,0
10:32:34.915,85,31,51,18,120.4831848,22.4522667,3160542,0,729152,0
10:32:35.001,85,31,53,18,120.4831619,22.4522552,3160542,0,729152,0
10:32:35.115,88,32,53,18,120.4831619,22.4522552,3289097,0,750226,0
10:32:35.215,87,33,53,18,120.4831619,22.4522552,3231585,0,770130,0
10:32:35.316,87,33,56,18,120.4831238,22.4522362,3231585,0,770130,0
10:32:35.415,88,32,56,18,120.4831238,22.4522362,3289225,0,743100,0
10:32:35.529,89,33,57,18,120.4831009,22.4522266,3320995,0,759790,0
10:32:35.611,91,33,57,18,120.4831009,22.4522266,3399863,0,766579,0
10:32:35.709,93,34,57,18,120.4831009,22.4522266,3452217,0,783766,0
10:32:35.801,93,34,62,18,120.4830475,22.4522152,3452217,0,783766,0
10:32:35.915,96,35,62,18,120.4830475,22.4522152,3574433,0,798127,0
10:32:36.013,96,35,64,18,120.4830246,22.4522114,3574433,0,798127,0
10:32:36.104,97,37,64,18,120.4830246,22.4522114,3619389,0,841616,0
10:32:36.213,98,39,68,18,120.4829788,22.4522095,3652552,0,879950,0
10:32:36.313,100,40,68,18,120.4829788,22.4522095,3714766,0,913090,0
10:32:36.416,100,41,71,18,120.4829407,22.4522076,3768301,0,922379,0
10:32:36.515,100,42,71,18,120.4829407,22.4522076,3759130,0,952349,0
10:32:36.613,100,42,75,18,120.4829025,22.4522095,3759130,0,952349,0
10:32:36.710,100,46,75,18,120.4829025,22.4522095,3821803,0,1041191,0
10:32:36.813,100,49,79,18,120.4828568,22.4522114,3901427,0,1093521,0
10:32:36.911,100,48,79,18,120.4828568,22.4522114,3869322,0,1084560,0
10:32:37.008,100,49,84,18,120.4828186,22.4522152,3834485,0,1107488,0
10:32:37.108,100,51,84,18,120.4828186,22.4522152,3858225,0,1146825,0
10:32:37.204,100,51,88,18,120.4827652,22.4522190,3858225,0,1146825,0
10:32:37.303,100,49,88,18,120.4827652,22.4522190,3915881,0,1104556,0
10:32:37.414,100,48,91,18,120.4827118,22.4522228,3797910,0,1073759,0
10:32:37.514,100,48,91,18,120.4827118,22.4522228,3851588,0,1077902,0
10:32:37.615,100,50,96,18,120.4826660,22.4522266,3782105,0,1113820,0
10:32:37.714,83,46,96,18,120.4826660,22.4522266,3097039,0,1046789,0
10:32:37.816,83,46,100,18,120.4826126,22.4522305,3097039,0,1046789,0
10:32:37.914,79,48,100,18,120.4826126,22.4522305,2940345,0,1071177,0
10:32:38.038,79,48,97,18,120.4825592,22.4522343,2940345,0,1071177,0
10:32:38.104,78,47,97,18,120.4825592,22.4522343,2919056,0,1053837,0
10:32:38.202,78,47,96,18,120.4825058,22.4522362,2919056,0,1053837,0
10:32:38.300,78,45,96,18,120.4825058,22.4522362,2903191,0,1010491,0
10:32:38.404,78,45,94,18,120.4824600,22.4522400,2903191,0,1010491,0
10:32:38.505,77,48,94,18,120.4824600,22.4522400,2890395,0,1087320,0
10:32:38.621,77,48,92,18,120.4824066,22.4522400,2890395,0,1087320,0
10:32:38.704,79,52,92,18,120.4824066,22.4522400,2933492,0,1169075,0
10:32:38.804,75,52,92,18,120.4824066,22.4522400,2811847,0,1156450,0
10:32:38.912,73,50,89,18,120.4823303,22.4522419,2723726,0,1124431,0
10:32:39.001,72,53,89,18,120.4823303,22.4522419,2693492,0,1191142,0
10:32:39.114,72,53,87,18,120.4822922,22.4522438,2693492,0,1191142,0
10:32:39.213,62,59,87,18,120.4822922,22.4522438,2319133,0,1318488,0
10:32:39.311,62,59,84,18,120.4822388,22.4522438,2319133,0,1318488,0
10:32:39.411,62,62,84,18,120.4822388,22.4522438,2324327,0,1377515,0
10:32:39.509,63,63,81,18,120.4821854,22.4522438,2350098,0,1403095,0
10:32:39.609,63,62,81,18,120.4821854,22.4522438,2348185,0,1369986,0
10:32:39.708,62,61,81,18,120.4821854,22.4522438,2339284,0,1350837,0
10:32:39.818,62,61,76,18,120.4821243,22.4522419,2334939,0,1363352,0
10:32:39.900,62,61,76,18,120.4821243,22.4522419,2312547,0,1357559,0
10:32:40.000,62,61,73,18,120.4820862,22.4522381,2312547,0,1357559,0
10:32:40.100,60,60,73,18,120.4820862,22.4522381,2245109,0,1335719,0
10:32:40.211,60,60,71,18,120.4820480,22.4522343,2245109,0,1335719,0
10:32:40.309,59,60,71,18,120.4820480,22.4522343,2205247,0,1340614,0
10:32:40.426,57,61,67,18,120.4820099,22.4522324,2137056,0,1362579,0
10:32:40.508,55,63,67,18,120.4820099,22.4522324,2070706,0,1398133,0
10:32:40.603,55,63,64,18,120.4819870,22.4522247,2070706,0,1398133,0
10:32:40.701,52,61,64,18,120.4819870,22.4522247,1970052,0,1358391,0
10:32:40.811,51,60,61,18,120.4819489,22.4522190,1939112,0,1329508,0
10:32:40.909,52,61,61,18,120.4819489,22.4522190,1976484,0,1357011,0
10:32:41.009,52,60,58,18,120.4819183,22.4522095,1969777,0,1327045,0
10:32:41.108,54,57,58,18,120.4819183,22.4522095,2043096,0,1260851,0
10:32:41.201,58,55,55,18,120.4818802,22.4521999,2188220,0,1227479,0
10:32:41.315,65,49,55,18,120.4818802,22.4521999,2443816,0,1109059,0
10:32:41.421,67,44,52,18,120.4818573,22.4521885,2509568,0,1004039,0
10:32:41.504,69,42,52,18,120.4818573,22.4521885,2572291,0,943412,0
10:32:41.616,69,42,51,16,120.4818420,22.4521751,2572291,0,943412,0
10:32:41.714,68,37,51,16,120.4818420,22.4521751,2541523,0,848202,0
10:32:41.813,69,36,49,18,120.4818192,22.4521618,2592387,0,822396,0
10:32:41.911,70,37,49,18,120.4818192,22.4521618,2632319,0,851134,0
10:32:42.013,70,37,47,18,120.4817886,22.4521465,2632319,0,851134,0
10:32:42.111,66,32,47,18,120.4817886,22.4521465,2475658,0,747991,0
10:32:42.205,66,32,46,18,120.4817810,22.4521275,2475658,0,747991,0
10:32:42.303,71,36,46,18,120.4817810,22.4521275,2636055,0,833972,0
10:32:42.415,74,36,45,18,120.4817657,22.4521103,2757608,0,829074,0
10:32:42.513,75,34,45,18,120.4817657,22.4521103,2791924,0,779437,0
10:32:42.603,74,32,44,18,120.4817505,22.4520912,2753635,0,746942,0
10:32:42.701,74,32,44,18,120.4817505,22.4520912,2762505,0,746674,0
10:32:42.811,75,33,44,18,120.4817429,22.4520702,2794362,0,757336,0
10:32:42.909,75,34,44,18,120.4817429,22.4520702,2812777,0,781789,0
10:32:43.003,75,34,44,18,120.4817429,22.4520473,2812777,0,781789,0
10:32:43.100,75,33,44,18,120.4817429,22.4520473,2793458,0,752886,0
10:32:43.216,75,33,44,18,120.4817276,22.4520264,2793458,0,752886,0
10:32:43.314,75,33,44,18,120.4817276,22.4520264,2782587,0,755479,0
10:32:43.400,74,32,44,18,120.4817276,22.4520035,2768470,0,745687,0
10:32:43.515,75,30,44,18,120.4817276,22.4520035,2795412,0,699499,0
10:32:43.634,77,27,44,18,120.4817429,22.4519806,2887851,0,642229,0
10:32:43.700,77,27,44,18,120.4817429,22.4519806,2887851,0,642229,0
10:32:43.811,86,33,45,18,120.4817429,22.4519577,3188839,0,754148,0
10:32:43.915,83,32,45,18,120.4817429,22.4519577,3097136,0,736854,0
10:32:44.009,83,30,47,18,120.4817505,22.4519367,3100413,0,707013,0
10:32:44.108,85,30,47,18,120.4817505,22.4519367,3182513,0,702201,0
10:32:44.214,87,33,48,18,120.4817505,22.4519138,3224539,0,751641,0
10:32:44.313,86,32,48,18,120.4817505,22.4519138,3202721,0,741326,0
10:32:44.402,86,32,50,18,120.4817810,22.4518909,3202721,0,741326,0
10:32:44.500,88,33,50,18,120.4817810,22.4518909,3257093,0,762546,0
10:32:44.611,90,34,52,18,120.4817886,22.4518700,3333530,0,782386,0
10:32:44.711,92,37,52,18,120.4817886,22.4518700,3427454,0,843647,0
10:32:44.801,92,37,54,18,120.4818039,22.4518490,3427454,0,843647,0
10:32:44.915,95,37,54,18,120.4818039,22.4518490,3517997,0,854533,0
10:32:45.011,96,38,57,18,120.4818268,22.4518280,3578202,0,872986,0
10:32:45.110,97,37,57,18,120.4818268,22.4518280,3600474,0,856353,0
10:32:45.200,97,37,59,18,120.4818573,22.4518089,3600474,0,856353,0
10:32:45.301,98,40,59,18,120.4818573,22.4518089,3629178,0,914399,0
10:32:45.411,98,40,63,18,120.4818802,22.4517899,3629178,0,914399,0
10:32:45.511,100,44,63,18,120.4818802,22.4517899,3746823,0,997083,0
10:32:45.628,100,49,66,18,120.4819107,22.4517708,3752860,0,1099421,0
10:32:45.711,99,53,66,18,120.4819107,22.4517708,3691966,0,1176417,0
10:32:45.801,99,53,69,18,120.4819489,22.4517517,3691966,0,1176417,0
10:32:45.900,91,52,69,18,120.4819489,22.4517517,3376100,0,1160623,0
10:32:46.014,88,50,71,18,120.4819717,22.4517326,3269991,0,1119641,0
10:32:46.113,77,45,71,18,120.4819717,22.4517326,2888713,0,1022899,0
10:32:46.205,77,45,71,18,120.4820099,22.4517117,2888713,0,1022899,0
10:32:46.304,75,43,71,18,120.4820099,22.4517117,2791076,0,977253,0
10:32:46.414,73,40,68,18,120.4820328,22.4516907,2729987,0,917715,0
10:32:46.513,73,40,68,18,120.4820328,22.4516907,2744725,0,917021,0
10:32:46.611,73,40,67,18,120.4820633,22.4516697,2744725,0,917021,0
10:32:46.710,76,35,67,18,120.4820633,22.4516697,2824249,0,802644,0
10:32:46.815,76,35,66,17,120.4820862,22.4516468,2824249,0,802644,0
10:32:46.965,77,31,66,18,120.4821091,22.4516220,2868396,0,723643,0
10:32:47.014,78,32,66,18,120.4821091,22.4516220,2923995,0,744158,0
10:32:47.129,78,33,67,17,120.4821396,22.4515953,2917321,0,760355,0
10:32:47.205,79,31,67,17,120.4821396,22.4515953,2945261,0,725132,0
10:32:47.303,77,29,67,17,120.4821396,22.4515953,2858739,0,676142,0
10:32:47.411,79,30,68,16,120.4821472,22.4515667,2941936,0,687660,0
10:32:47.509,81,28,68,16,120.4821472,22.4515667,3008316,0,662595,0
10:32:47.611,83,29,68,17,120.4821777,22.4515362,3097172,0,672716,0
10:32:47.709,84,28,68,17,120.4821777,22.4515362,3136037,0,663798,0
10:32:47.810,84,28,70,16,120.4821854,22.4515038,3136037,0,663798,0
10:32:47.948,89,30,72,15,120.4822006,22.4514713,3317111,0,696528,0
10:32:48.014,89,30,72,15,120.4822006,22.4514713,3317111,0,696528,0
10:32:48.104,90,28,72,15,120.4822006,22.4514713,3365307,0,662727,0
10:32:48.211,93,30,75,16,120.4822159,22.4514332,3460592,0,698770,0
10:32:48.310,97,34,75,16,120.4822159,22.4514332,3601365,0,791225,0
10:32:48.401,97,34,79,15,120.4822159,22.4513950,3601365,0,791225,0
10:32:48.501,99,36,79,15,120.4822159,22.4513950,3681597,0,818502,0
10:32:48.613,100,45,82,15,120.4822235,22.4513550,3796027,0,1009605,0
10:32:48.789,100,43,86,16,120.4822235,22.4513111,3696147,0,963472,0
10:32:48.807,100,43,86,16,120.4822235,22.4513111,3696147,0,963472,0
10:32:48.947,100,41,89,17,120.4822235,22.4512691,3740668,0,941267,0
10:32:49.014,100,43,89,17,120.4822235,22.4512691,3809370,0,969940,0
10:32:49.181,100,43,90,17,120.4822388,22.4512234,3823403,0,979810,0
10:32:49.215,100,47,90,17,120.4822388,22.4512234,3838931,0,1055512,0
10:32:49.315,100,47,90,17,120.4822388,22.4512234,3838109,0,1057262,0
10:32:49.409,100,47,93,17,120.4822388,22.4511757,3838109,0,1057262,0
10:32:49.509,100,49,93,17,120.4822388,22.4511757,3836435,0,1099794,0
10:32:49.613,100,51,95,17,120.4822388,22.4511280,3831160,0,1140531,0
10:32:49.711,100,49,95,17,120.4822388,22.4511280,3879299,0,1103931,0
10:32:49.808,100,49,99,16,120.4822388,22.4510765,3857886,0,1094499,0
10:32:49.908,100,50,99,16,120.4822388,22.4510765,3813554,0,1114626,0
10:32:50.004,100,50,106,17,120.4822235,22.4510231,3813554,0,1114626,0
10:32:50.104,88,46,106,17,120.4822235,22.4510231,3282291,0,1036325,0
10:32:50.208,88,46,111,18,120.4822235,22.4509640,3282291,0,1036325,0
10:32:50.308,77,45,111,18,120.4822235,22.4509640,2885615,0,1018295,0
10:32:50.414,77,45,112,18,120.4822235,22.4509087,2885615,0,1018295,0
10:32:50.513,79,48,112,18,120.4822235,22.4509087,2956670,0,1082166,0
10:32:50.625,79,48,110,18,120.4822235,22.4508533,2956670,0,1082166,0
10:32:50.708,78,47,110,18,120.4822235,22.4508533,2903743,0,1060118,0
10:32:50.828,78,47,108,18,120.4822235,22.4507980,2903743,0,1060118,0
10:32:50.911,77,45,108,18,120.4822235,22.4507980,2874104,0,1014016,0
10:32:51.009,77,45,106,18,120.4822235,22.4507446,2884614,0,1007007,0
10:32:51.108,79,45,106,18,120.4822235,22.4507446,2947103,0,1010376,0
10:32:51.208,79,44,104,18,120.4822235,22.4506912,2928166,0,985033,0
10:32:51.308,81,45,104,18,120.4822235,22.4506912,3035833,0,1007639,0
10:32:51.403,80,44,102,17,120.4822235,22.4506397,2989957,0,993247,0
10:32:51.501,80,46,102,17,120.4822235,22.4506397,2979166,0,1032821,0
10:32:51.615,80,46,101,15,120.4822235,22.4505882,2979166,0,1032821,0
10:32:51.713,75,42,101,15,120.4822235,22.4505882,2812283,0,958776,0
10:32:51.815,75,42,99,17,120.4822388,22.4505367,2812283,0,958776,0
10:32:51.913,74,41,99,17,120.4822388,22.4505367,2753283,0,927350,0
10:32:52.010,74,41,97,17,120.4822388,22.4504871,2753283,0,927350,0
10:32:52.109,77,43,97,17,120.4822388,22.4504871,2887963,0,979158,0
10:32:52.203,77,43,95,17,120.4822540,22.4504414,2887963,0,979158,0
10:32:52.301,77,44,95,17,120.4822540,22.4504414,2880896,0,986478,0
10:32:52.415,76,42,94,17,120.4822693,22.4503937,2831528,0,961057,0
10:32:52.513,73,42,94,17,120.4822693,22.4503937,2744351,0,941516,0
10:32:52.609,72,41,92,18,120.4822769,22.4503479,2695806,0,936926,0
10:32:52.709,68,34,92,18,120.4822769,22.4503479,2531173,0,791983,0
10:32:52.808,69,35,90,18,120.4822922,22.4503040,2578231,0,812904,0
10:32:52.905,68,36,90,18,120.4822922,22.4503040,2531816,0,828711,0
10:32:53.000,68,36,88,18,120.4823074,22.4502602,2531816,0,828711,0
10:32:53.100,66,34,88,18,120.4823074,22.4502602,2486503,0,774134,0
10:32:53.204,66,34,86,18,120.4823151,22.4502201,2486503,0,774134,0
10:32:53.303,63,31,86,18,120.4823151,22.4502201,2354041,0,716457,0
10:32:53.402,64,31,84,18,120.4823456,22.4501801,2410880,0,710740,0
10:32:53.515,63,30,84,18,120.4823456,22.4501801,2373891,0,701739,0
10:32:53.615,63,29,81,18,120.4823685,22.4501457,2358687,0,679155,0
10:32:53.713,65,30,81,18,120.4823685,22.4501457,2442853,0,695024,0
10:32:53.804,67,31,79,18,120.4823837,22.4501114,2491103,0,712945,0
10:32:53.909,69,30,79,18,120.4823837,22.4501114,2566582,0,700411,0
10:32:54.014,69,30,77,18,120.4824066,22.4500809,2566582,0,700411,0
10:32:54.113,73,32,77,18,120.4824066,22.4500809,2742388,0,732529,0
10:32:54.210,71,26,76,18,120.4824448,22.4500504,2659189,0,605060,0
10:32:54.383,72,24,76,18,120.4824677,22.4500237,2673694,0,565703,0
10:32:54.416,75,28,76,18,120.4824677,22.4500237,2811243,0,656668,0
10:32:54.514,79,31,76,18,120.4824677,22.4500237,2928565,0,719618,0
10:32:54.609,79,31,77,18,120.4824982,22.4500008,2928565,0,719618,0
10:32:54.708,79,29,77,18,120.4824982,22.4500008,2942717,0,682682,0
10:32:54.814,80,30,77,18,120.4825363,22.4499779,2982053,0,699134,0
10:32:54.913,84,29,77,18,120.4825363,22.4499779,3128461,0,678589,0
10:32:55.002,87,28,78,18,120.4825745,22.4499569,3237628,0,653824,0
10:32:55.100,91,31,78,18,120.4825745,22.4499569,3397912,0,715802,0
10:32:55.200,91,31,80,18,120.4826126,22.4499397,3389748,0,722313,0
10:32:55.315,92,30,80,18,120.4826126,22.4499397,3402944,0,693642,0
10:32:55.411,92,30,83,18,120.4826508,22.4499207,3420877,0,706393,0
10:32:55.510,95,33,83,18,120.4826508,22.4499207,3544177,0,770224,0
10:32:55.610,95,33,86,18,120.4826889,22.4499073,3544177,0,770224,0
10:32:55.786,94,33,89,18,120.4827423,22.4498940,3493916,0,753276,0
10:32:55.803,94,33,89,18,120.4827423,22.4498940,3493916,0,753276,0
10:32:55.901,100,32,89,18,120.4827423,22.4498940,3723675,0,742614,0
10:32:56.006,100,40,92,18,120.4827881,22.4498825,3757623,0,915779,0
10:32:56.104,100,42,92,18,120.4827881,22.4498825,3758500,0,954046,0
10:32:56.200,100,41,96,18,120.4828415,22.4498730,3706788,0,928389,0
10:32:56.354,100,41,99,18,120.4828949,22.4498653,3804691,0,933448,0
10:32:56.404,100,45,99,18,120.4828949,22.4498653,3809585,0,1012122,0
10:32:56.503,100,44,99,18,120.4828949,22.4498653,3766738,0,996130,0
10:32:56.611,100,44,103,18,120.4829407,22.4498577,3766738,0,996130,0
10:32:56.711,100,48,103,18,120.4829407,22.4498577,3867651,0,1081206,0
10:32:56.815,100,48,107,18,120.4829941,22.4498520,3867651,0,1081206,0
10:32:56.991,100,44,111,18,120.4830627,22.4498444,3773543,0,996301,0
10:32:57.009,100,46,111,18,120.4830627,22.4498444,3759437,0,1032859,0
10:32:57.108,99,45,111,18,120.4830627,22.4498444,3692827,0,1019700,0
10:32:57.214,99,45,114,18,120.4831085,22.4498386,3692827,0,1019700,0
10:32:57.314,92,49,114,18,120.4831085,22.4498386,3411341,0,1097498,0
10:32:57.408,92,49,118,18,120.4831772,22.4498329,3411341,0,1097498,0
10:32:57.508,76,48,118,18,120.4831772,22.4498329,2841922,0,1076406,0
10:32:57.601,76,47,118,18,120.4832382,22.4498291,2840972,0,1056109,0
10:32:57.715,77,48,118,18,120.4832382,22.4498291,2859128,0,1085796,0
10:32:57.814,69,52,115,18,120.4832993,22.4498253,2598831,0,1173415,0
10:32:57.913,61,58,115,18,120.4832993,22.4498253,2276609,0,1282124,0
10:32:58.001,61,58,113,18,120.4833679,22.4498215,2276609,0,1282124,0
10:32:58.115,49,71,113,18,120.4833679,22.4498215,1841253,0,1576877,0
10:32:58.204,49,71,109,18,120.4834290,22.4498215,1841253,0,1576877,0
10:32:58.303,47,77,109,18,120.4834290,22.4498215,1792650,0,1703362,0
10:32:58.416,47,77,104,18,120.4834824,22.4498196,1792650,0,1703362,0
10:32:58.514,44,76,104,18,120.4834824,22.4498196,1677729,0,1669220,0
10:32:58.611,45,77,99,18,120.4835358,22.4498196,1715426,0,1697051,0
10:32:58.710,49,79,99,18,120.4835358,22.4498196,1855078,0,1728218,0
10:32:58.809,46,73,95,18,120.4835815,22.4498215,1739611,0,1600873,0
10:32:58.914,48,70,95,18,120.4835815,22.4498215,1826282,0,1535443,0
10:32:59.013,48,70,90,18,120.4836349,22.4498215,1826282,0,1535443,0
10:32:59.113,52,68,90,18,120.4836349,22.4498215,1978717,0,1493371,0
10:32:59.211,55,67,86,18,120.4836884,22.4498272,2055068,0,1490094,0
10:32:59.311,53,66,86,18,120.4836884,22.4498272,2014969,0,1453317,0
10:32:59.409,53,62,83,18,120.4837265,22.4498329,1988822,0,1366553,0
10:32:59.508,57,63,83,18,120.4837265,22.4498329,2128538,0,1401206,0
10:32:59.625,57,63,79,18,120.4837723,22.4498386,2128538,0,1401206,0
10:32:59.706,55,60,79,18,120.4837723,22.4498386,2068699,0,1338505,0
10:32:59.814,55,56,75,18,120.4838181,22.4498463,2073567,0,1251125,0
10:32:59.905,59,54,75,18,120.4838181,22.4498463,2234248,0,1201872,0
10:33:00.013,62,52,73,18,120.4838562,22.4498558,2313648,0,1157806,0
10:33:00.110,59,43,73,18,120.4838562,22.4498558,2223384,0,973701,0
10:33:00.204,59,43,70,18,120.4838943,22.4498672,2223384,0,973701,0
10:33:00.303,66,36,70,18,120.4838943,22.4498672,2471183,0,832851,0
10:33:00.401,70,39,68,18,120.4839172,22.4498806,2616690,0,897876,0
10:33:00.515,69,37,68,18,120.4839172,22.4498806,2563739,0,845804,0
10:33:00.624,69,37,66,18,120.4839554,22.4498940,2563739,0,845804,0
10:33:00.706,68,36,66,18,120.4839554,22.4498940,2544105,0,818674,0
10:33:00.810,67,35,64,18,120.4839783,22.4499111,2523541,0,798660,0
10:33:00.909,67,34,64,18,120.4839783,22.4499111,2508071,0,776224,0
10:33:01.008,67,34,63,18,120.4840088,22.4499302,2508071,0,776224,0
10:33:01.106,71,31,63,18,120.4840088,22.4499302,2662059,0,725724,0
10:33:01.213,71,31,62,18,120.4840317,22.4499493,2662059,0,725724,0
10:33:01.311,73,32,62,18,120.4840317,22.4499493,2737471,0,735425,0
10:33:01.414,73,32,61,18,120.4840546,22.4499722,2745039,0,746214,0
10:33:01.513,72,31,61,18,120.4840546,22.4499722,2682839,0,727290,0
10:33:01.604,73,30,61,18,120.4840851,22.4499950,2710319,0,693600,0
10:33:01.704,76,32,61,18,120.4840851,22.4499950,2837199,0,743946,0
10:33:01.819,76,31,61,18,120.4840927,22.4500198,2851413,0,718084,0
10:33:01.901,77,31,61,18,120.4840927,22.4500198,2860602,0,713482,0
10:33:02.000,77,32,61,18,120.4840927,22.4500198,2888377,0,742040,0
10:33:02.121,77,32,61,18,120.4841232,22.4500599,2888377,0,742040,0
10:33:02.204,79,33,61,18,120.4841232,22.4500599,2932551,0,754731,0
10:33:02.311,79,34,61,18,120.4841309,22.4500904,2934668,0,772500,0
10:33:02.409,78,32,61,18,120.4841309,22.4500904,2908239,0,748572,0
10:33:02.503,78,32,61,18,120.4841461,22.4501190,2908239,0,748572,0
10:33:02.601,77,31,61,18,120.4841461,22.4501190,2863411,0,729245,0
10:33:02.713,77,31,61,18,120.4841614,22.4501495,2863411,0,729245,0
10:33:02.811,77,33,61,18,120.4841614,22.4501495,2859491,0,756748,0
10:33:02.909,77,33,61,18,120.4841614,22.4501801,2859491,0,756748,0
10:33:03.008,77,33,61,18,120.4841614,22.4501801,2861530,0,771740,0
10:33:03.100,77,33,61,18,120.4841614,22.4502087,2861530,0,771740,0
10:33:03.200,77,33,61,18,120.4841614,22.4502087,2863101,0,756354,0
10:33:03.308,77,33,61,18,120.4841614,22.4502411,2863838,0,752661,0
10:33:03.406,78,34,61,18,120.4841614,22.4502411,2918770,0,784593,0
10:33:03.511,78,34,61,18,120.4841614,22.4502716,2918770,0,784593,0
10:33:03.609,75,32,61,18,120.4841614,22.4502716,2788616,0,741712,0
10:33:03.700,75,32,61,18,120.4841461,22.4503021,2788616,0,741712,0
10:33:03.800,76,37,61,18,120.4841461,22.4503021,2852010,0,852941,0
10:33:03.901,74,34,60,18,120.4841461,22.4503307,2745776,0,774248,0
10:33:04.000,73,33,60,18,120.4841461,22.4503307,2736263,0,757805,0
10:33:04.111,74,35,59,18,120.4841309,22.4503593,2763934,0,796024,0
10:33:04.209,73,33,59,18,120.4841309,22.4503593,2737584,0,765546,0
10:33:04.303,73,33,58,18,120.4841232,22.4503880,2737584,0,765546,0
10:33:04.401,73,32,58,18,120.4841232,22.4503880,2713172,0,742369,0
10:33:04.528,73,32,58,18,120.4841080,22.4504128,2713172,0,742369,0
10:33:04.610,72,31,58,18,120.4841080,22.4504128,2688553,0,709262,0
10:33:04.714,73,31,57,18,120.4840851,22.4504356,2711712,0,723558,0
10:33:04.813,73,32,57,18,120.4840851,22.4504356,2725115,0,746704,0
10:33:04.908,72,30,56,18,120.4840698,22.4504585,2681939,0,700927,0
10:33:05.008,72,30,56,18,120.4840698,22.4504585,2697866,0,707930,0
10:33:05.104,72,30,56,18,120.4840469,22.4504776,2697866,0,707930,0
10:33:05.203,76,32,56,18,120.4840469,22.4504776,2837278,0,741357,0
10:33:05.313,79,32,56,18,120.4840164,22.4504967,2953704,0,740140,0
10:33:05.413,81,32,56,18,120.4840164,22.4504967,3018254,0,735229,0
10:33:05.545,82,33,57,18,120.4839935,22.4505100,3057517,0,762160,0
10:33:05.610,84,35,57,18,120.4839935,22.4505100,3114709,0,794891,0
10:33:05.709,83,35,57,18,120.4839935,22.4505100,3106569,0,805547,0
10:33:05.820,81,32,59,18,120.4839554,22.4505310,3036840,0,730300,0
10:33:05.909,81,32,59,18,120.4839554,22.4505310,3024610,0,746621,0
10:33:06.015,81,32,60,18,120.4839172,22.4505405,3024610,0,746621,0
10:33:06.115,82,32,60,18,120.4839172,22.4505405,3066729,0,738354,0
10:33:06.210,82,32,60,18,120.4838943,22.4505482,3061940,0,749413,0
10:33:06.309,83,32,60,18,120.4838943,22.4505482,3080259,0,735440,0
10:33:06.405,83,32,61,18,120.4838562,22.4505558,3080259,0,735440,0
10:33:06.504,82,30,61,18,120.4838562,22.4505558,3042192,0,696804,0
10:33:06.619,82,30,63,18,120.4838257,22.4505577,3042192,0,696804,0
10:33:06.701,81,29,63,18,120.4838257,22.4505577,3011436,0,684840,0
10:33:06.815,81,28,64,18,120.4837875,22.4505577,3009655,0,661580,0
10:33:06.914,82,30,64,18,120.4837875,22.4505577,3053026,0,704881,0
10:33:07.013,82,30,65,18,120.4837494,22.4505558,3053026,0,704881,0
10:33:07.111,82,30,65,18,120.4837494,22.4505558,3065109,0,691562,0
10:33:07.209,82,30,66,18,120.4837112,22.4505501,3065109,0,691562,0
10:33:07.306,83,30,66,18,120.4837112,22.4505501,3107255,0,694448,0
10:33:07.400,84,31,68,18,120.4836884,22.4505405,3143867,0,718187,0
10:33:07.515,85,32,68,18,120.4836884,22.4505405,3170392,0,739833,0
10:33:07.623,84,31,69,18,120.4836502,22.4505310,3144234,0,714450,0
10:33:07.705,86,29,69,18,120.4836502,22.4505310,3192677,0,686431,0
10:33:07.804,87,32,69,18,120.4836502,22.4505310,3243322,0,738284,0
10:33:07.910,86,30,71,18,120.4835968,22.4505081,3210850,0,705055,0
10:33:08.009,92,34,71,18,120.4835968,22.4505081,3420783,0,786843,0
10:33:08.108,92,39,71,18,120.4835968,22.4505081,3421881,0,891707,0
10:33:08.219,92,39,74,18,120.4835434,22.4504814,3421881,0,891707,0
10:33:08.301,89,30,74,18,120.4835434,22.4504814,3316203,0,690331,0
10:33:08.414,91,29,76,18,120.4835052,22.4504604,3388979,0,678972,0
10:33:08.513,89,40,76,18,120.4835052,22.4504604,3294661,0,901463,0
10:33:08.608,85,46,79,18,120.4834671,22.4504375,3179721,0,1038202,0
10:33:08.706,83,53,79,18,120.4834671,22.4504375,3107722,0,1179849,0
10:33:08.804,77,55,79,18,120.4834671,22.4504375,2873745,0,1232948,0
10:33:08.920,73,59,77,18,120.4834290,22.4503975,2736306,0,1303298,0
10:33:09.004,70,61,77,18,120.4834290,22.4503975,2605243,0,1352808,0
10:33:09.113,70,61,75,18,120.4833908,22.4503746,2605243,0,1352808,0
10:33:09.210,69,61,75,18,120.4833908,22.4503746,2574417,0,1364598,0
10:33:09.302,69,60,72,18,120.4833679,22.4503498,2575094,0,1338943,0
10:33:09.400,69,57,72,18,120.4833679,22.4503498,2576796,0,1273595,0
10:33:09.515,70,57,69,18,120.4833374,22.4503269,2613784,0,1274384,0
10:33:09.613,67,54,69,18,120.4833374,22.4503269,2502563,0,1209730,0
10:33:09.711,64,51,69,18,120.4833374,22.4503269,2415021,0,1152188,0
10:33:09.815,64,50,66,18,120.4832916,22.4502945,2411935,0,1118765,0
10:33:09.913,62,49,66,18,120.4832916,22.4502945,2327338,0,1096334,0
10:33:10.001,62,49,64,18,120.4832611,22.4502773,2327338,0,1096334,0
10:33:10.115,64,43,64,18,120.4832611,22.4502773,2392244,0,963555,0
10:33:10.206,64,43,61,18,120.4832382,22.4502583,2392244,0,963555,0
10:33:10.304,65,38,61,18,120.4832382,22.4502583,2431743,0,873985,0
10:33:10.415,66,37,59,18,120.4832001,22.4502468,2481354,0,853198,0
10:33:10.513,70,36,59,18,120.4832001,22.4502468,2614301,0,833743,0
10:33:10.610,73,38,57,18,120.4831772,22.4502354,2739967,0,858960,0
10:33:10.709,77,35,57,18,120.4831772,22.4502354,2877750,0,798104,0
10:33:10.804,77,35,57,18,120.4831467,22.4502258,2877750,0,798104,0
10:33:10.903,78,33,57,18,120.4831467,22.4502258,2910258,0,756302,0
10:33:11.013,78,31,57,18,120.4831238,22.4502201,2926924,0,720442,0
10:33:11.111,79,31,57,18,120.4831238,22.4502201,2957649,0,728871,0
10:33:11.201,79,31,58,18,120.4830856,22.4502163,2942219,0,718988,0
10:33:11.315,79,30,58,18,120.4830856,22.4502163,2959480,0,703581,0
10:33:11.413,79,30,59,18,120.4830627,22.4502144,2959480,0,703581,0
10:33:11.512,79,29,59,18,120.4830627,22.4502144,2959356,0,674469,0
10:33:11.609,79,29,60,18,120.4830246,22.4502163,2959356,0,674469,0
10:33:11.709,80,29,60,18,120.4830246,22.4502163,2988865,0,686437,0
10:33:11.804,81,30,61,18,120.4829941,22.4502201,3025659,0,702665,0
10:33:11.909,81,33,61,18,120.4829941,22.4502201,3015256,0,765391,0
10:33:12.004,81,33,62,18,120.4829559,22.4502296,3015256,0,765391,0
10:33:12.103,73,30,62,18,120.4829559,22.4502296,2731312,0,702941,0
10:33:12.213,73,30,62,18,120.4829330,22.4502392,2731312,0,702941,0
10:33:12.311,75,30,62,18,120.4829330,22.4502392,2814195,0,702696,0
10:33:12.402,77,30,61,18,120.4828949,22.4502525,2882143,0,697977,0
10:33:12.500,77,30,61,18,120.4828949,22.4502525,2873679,0,693884,0
10:33:12.606,77,29,62,18,120.4828644,22.4502678,2886356,0,673558,0
10:33:12.705,78,29,62,18,120.4828644,22.4502678,2908273,0,673610,0
10:33:12.815,79,31,63,18,120.4828415,22.4502869,2933718,0,712606,0
10:33:12.914,75,30,63,18,120.4828415,22.4502869,2799319,0,705862,0
10:33:13.013,75,30,63,18,120.4828186,22.4503078,2799319,0,705862,0
10:33:13.111,67,29,63,18,120.4828186,22.4503078,2516953,0,665895,0
10:33:13.209,70,29,62,18,120.4827881,22.4503288,2630250,0,682076,0
10:33:13.309,75,28,62,18,120.4827881,22.4503288,2787280,0,649799,0
10:33:13.425,73,24,61,17,120.4827652,22.4503536,2739777,0,569233,0
10:33:13.508,76,25,61,17,120.4827652,22.4503536,2837166,0,600297,0
10:33:13.608,76,26,61,17,120.4827652,22.4503536,2850776,0,622414,0
10:33:13.716,76,26,63,17,120.4827423,22.4503937,2850776,0,622414,0
10:33:13.814,77,27,63,17,120.4827423,22.4503937,2866007,0,639417,0
10:33:13.921,77,27,64,18,120.4827271,22.4504242,2866007,0,639417,0
10:33:14.005,78,29,64,18,120.4827271,22.4504242,2891921,0,668413,0
10:33:14.119,77,29,64,18,120.4827118,22.4504547,2872933,0,686676,0
10:33:14.201,76,27,64,18,120.4827118,22.4504547,2829789,0,640876,0
10:33:14.315,76,27,65,18,120.4827118,22.4504852,2829789,0,640876,0
10:33:14.414,78,27,65,18,120.4827118,22.4504852,2916966,0,641141,0
10:33:14.513,78,27,65,18,120.4827042,22.4505177,2916966,0,641141,0
10:33:14.610,78,30,65,18,120.4827042,22.4505177,2892781,0,700838,0
10:33:14.709,76,27,65,18,120.4827042,22.4505177,2837304,0,642464,0
10:33:14.818,76,27,65,18,120.4827042,22.4505672,2837304,0,642464,0
10:33:14.901,76,29,65,18,120.4827042,22.4505672,2844324,0,683989,0
10:33:15.016,76,30,65,18,120.4827042,22.4505997,2852498,0,697753,0
10:33:15.114,74,28,65,18,120.4827042,22.4505997,2764750,0,658647,0
10:33:15.213,74,28,66,18,120.4827118,22.4506321,2764750,0,658647,0
10:33:15.312,76,29,66,18,120.4827118,22.4506321,2834248,0,670527,0
10:33:15.413,75,31,66,18,120.4827271,22.4506645,2805037,0,712570,0
10:33:15.510,71,24,66,18,120.4827271,22.4506645,2658702,0,569442,0
10:33:15.609,72,25,66,18,120.4827271,22.4506645,2706400,0,600101,0
10:33:15.719,70,25,66,18,120.4827423,22.4507103,2610784,0,582026,0
10:33:15.801,71,23,66,18,120.4827423,22.4507103,2659588,0,542179,0
10:33:15.914,71,23,66,18,120.4827652,22.4507389,2659588,0,542179,0
10:33:16.012,73,26,66,18,120.4827652,22.4507389,2729853,0,604585,0
10:33:16.108,73,26,67,18,120.4827805,22.4507675,2729853,0,604585,0
10:33:16.206,75,26,67,18,120.4827805,22.4507675,2789557,0,603503,0
10:33:16.301,76,25,67,18,120.4828033,22.4507942,2842210,0,589612,0
10:33:16.414,81,28,67,18,120.4828033,22.4507942,3006735,0,645614,0
10:33:16.513,81,30,68,18,120.4828262,22.4508171,3032914,0,707890,0
10:33:16.611,81,27,68,18,120.4828262,22.4508171,3036808,0,639079,0
10:33:16.709,84,29,68,18,120.4828262,22.4508171,3117083,0,672119,0
10:33:16.819,84,29,70,18,120.4828644,22.4508495,3117083,0,672119,0
10:33:16.901,86,30,70,18,120.4828644,22.4508495,3212600,0,687184,0
10:33:17.014,89,31,72,18,120.4829025,22.4508686,3317528,0,714020,0
10:33:17.113,90,32,72,18,120.4829025,22.4508686,3331188,0,739730,0
10:33:17.209,89,31,74,18,120.4829407,22.4508858,3299333,0,724206,0
10:33:17.306,91,32,74,18,120.4829407,22.4508858,3376824,0,739168,0
10:33:17.448,90,33,77,18,120.4829788,22.4509048,3339526,0,762652,0
10:33:17.514,93,34,77,18,120.4829788,22.4509048,3446873,0,783274,0
10:33:17.613,95,35,77,18,120.4829788,22.4509048,3522635,0,809969,0
10:33:17.705,95,35,80,18,120.4830322,22.4509239,3522635,0,809969,0
10:33:17.804,96,37,80,18,120.4830322,22.4509239,3584957,0,844693,0
10:33:17.900,98,40,83,18,120.4830856,22.4509354,3629197,0,904827,0
10:33:18.009,100,42,83,18,120.4830856,22.4509354,3715246,0,961339,0
10:33:18.108,100,43,86,18,120.4831238,22.4509468,3751124,0,980361,0
10:33:18.208,100,43,86,18,120.4831238,22.4509468,3764166,0,979149,0
10:33:18.308,100,42,86,18,120.4831238,22.4509468,3790059,0,962191,0
10:33:18.414,100,42,92,18,120.4832001,22.4509602,3790059,0,962191,0
10:33:18.515,100,50,92,18,120.4832001,22.4509602,3850212,0,1131895,0
10:33:18.638,100,50,96,18,120.4832535,22.4509678,3850212,0,1131895,0
10:33:18.705,100,47,96,18,120.4832535,22.4509678,3818340,0,1068279,0
10:33:18.804,100,48,96,18,120.4832535,22.4509678,3731786,0,1075546,0
10:33:18.901,100,45,102,18,120.4833298,22.4509773,3712761,0,1010133,0
10:33:19.006,100,42,102,18,120.4833298,22.4509773,3701224,0,961240,0
10:33:19.101,100,42,105,18,120.4833755,22.4509830,3701224,0,961240,0
10:33:19.215,100,44,105,18,120.4833755,22.4509830,3721026,0,998720,0
10:33:19.313,100,44,109,18,120.4834442,22.4509869,3721026,0,998720,0
10:33:19.411,92,43,109,18,120.4834442,22.4509869,3403575,0,976957,0
10:33:19.535,82,47,112,18,120.4835052,22.4509907,3062845,0,1049791,0
10:33:19.601,77,46,112,18,120.4835052,22.4509907,2881030,0,1039900,0
10:33:19.715,77,46,112,18,120.4835052,22.4509907,2858844,0,1040102,0
10:33:19.825,76,46,109,18,120.4835968,22.4509945,2848706,0,1034274,0
10:33:19.908,77,49,109,18,120.4835968,22.4509945,2871073,0,1095971,0
10:33:20.003,77,49,107,18,120.4836502,22.4509945,2871073,0,1095971,0
10:33:20.101,70,54,107,18,120.4836502,22.4509945,2610799,0,1211418,0
10:33:20.210,66,63,105,18,120.4837112,22.4509964,2472193,0,1397756,0
10:33:20.308,60,69,105,18,120.4837112,22.4509964,2242278,0,1516557,0
10:33:20.404,57,69,102,18,120.4837646,22.4509964,2148910,0,1529461,0
10:33:20.505,58,69,102,18,120.4837646,22.4509964,2194404,0,1527210,0
10:33:20.649,59,66,98,18,120.4838181,22.4509964,2201250,0,1466530,0
10:33:20.715,59,63,98,18,120.4838181,22.4509964,2206876,0,1394491,0
10:33:20.814,60,63,98,18,120.4838181,22.4509964,2259457,0,1391663,0
10:33:20.914,60,63,92,18,120.4838943,22.4509945,2259457,0,1391663,0
10:33:21.013,59,53,92,18,120.4838943,22.4509945,2206838,0,1176825,0
10:33:21.110,59,53,89,18,120.4839401,22.4509926,2206838,0,1176825,0
10:33:21.209,66,48,89,18,120.4839401,22.4509926,2468894,0,1076121,0
10:33:21.336,70,46,86,18,120.4839935,22.4509869,2628353,0,1046985,0
10:33:21.401,70,45,86,18,120.4839935,22.4509869,2625940,0,1014215,0
10:33:21.532,68,40,84,18,120.4840317,22.4509811,2531408,0,913318,0
10:33:21.614,72,41,84,18,120.4840317,22.4509811,2685932,0,931113,0
10:33:21.713,72,41,84,18,120.4840317,22.4509811,2685423,0,936500,0
10:33:21.802,72,41,82,18,120.4840927,22.4509678,2685423,0,936500,0
10:33:21.901,69,38,82,18,120.4840927,22.4509678,2580706,0,874226,0
10:33:22.015,68,36,80,18,120.4841461,22.4509563,2554665,0,832310,0
10:33:22.114,68,37,80,18,120.4841461,22.4509563,2545072,0,844072,0
10:33:22.212,67,33,77,18,120.4841843,22.4509449,2499528,0,768595,0
10:33:22.310,70,31,77,18,120.4841843,22.4509449,2600274,0,711660,0
10:33:22.404,70,31,76,18,120.4842224,22.4509296,2600274,0,711660,0
10:33:22.504,72,30,76,18,120.4842224,22.4509296,2708003,0,706191,0
10:33:22.619,73,25,75,18,120.4842606,22.4509125,2710734,0,599676,0
10:33:22.701,83,35,75,18,120.4842606,22.4509125,3105743,0,797723,0
10:33:22.815,80,32,75,18,120.4842606,22.4509125,2975664,0,748517,0
10:33:22.920,80,32,77,18,120.4843140,22.4508801,2975664,0,748517,0
10:33:23.004,82,27,77,18,120.4843140,22.4508801,3071419,0,641301,0
10:33:23.101,82,27,77,18,120.4843369,22.4508572,3071419,0,641301,0
10:33:23.200,89,34,77,18,120.4843369,22.4508572,3319954,0,783201,0
10:33:23.315,89,34,79,18,120.4843750,22.4508305,3319954,0,783201,0
10:33:23.415,88,34,79,18,120.4843750,22.4508305,3288316,0,777474,0
10:33:23.539,87,34,81,18,120.4844055,22.4508038,3227538,0,783468,0
10:33:23.605,86,34,81,18,120.4844055,22.4508038,3214675,0,790813,0
10:33:23.704,86,34,81,18,120.4844055,22.4508038,3210530,0,790529,0
10:33:23.814,87,35,82,18,120.4844513,22.4507561,3243365,0,811608,0
10:33:23.911,89,38,82,18,120.4844513,22.4507561,3328933,0,861531,0
10:33:24.009,89,38,83,18,120.4844818,22.4507236,3328933,0,861531,0
10:33:24.109,85,37,83,18,120.4844818,22.4507236,3174990,0,852863,0
10:33:24.201,85,33,85,18,120.4845047,22.4506874,3156460,0,762921,0
10:33:24.300,88,42,85,18,120.4845047,22.4506874,3279255,0,956831,0
10:33:24.405,82,33,86,18,120.4845276,22.4506512,3045869,0,753340,0
10:33:24.505,89,36,86,18,120.4845276,22.4506512,3300232,0,818847,0
10:33:24.620,92,42,87,18,120.4845428,22.4506130,3410717,0,960310,0
10:33:24.703,85,32,87,18,120.4845428,22.4506130,3165967,0,737785,0
10:33:24.801,82,28,87,18,120.4845428,22.4506130,3060208,0,644904,0
10:33:24.929,82,28,89,18,120.4845810,22.4505520,3060208,0,644904,0
10:33:25.012,85,32,89,18,120.4845810,22.4505520,3179757,0,734450,0
10:33:25.113,89,36,90,18,120.4845963,22.4505100,3315385,0,831571,0
10:33:25.212,89,38,90,18,120.4845963,22.4505100,3326476,0,858149,0
10:33:25.304,87,37,90,18,120.4845963,22.4505100,3239466,0,845073,0
10:33:25.404,79,42,90,18,120.4845963,22.4505100,2964223,0,943019,0
10:33:25.502,69,39,90,18,120.4845963,22.4505100,2593136,0,878375,0
10:33:25.616,70,39,92,18,120.4846344,22.4503975,2622485,0,896021,0
10:33:25.714,71,37,92,18,120.4846344,22.4503975,2649728,0,852870,0
10:33:25.840,74,38,90,18,120.4846344,22.4503536,2767181,0,859967,0
10:33:25.908,78,41,90,18,120.4846344,22.4503536,2899108,0,931130,0
10:33:26.008,74,40,90,18,120.4846344,22.4503536,2765690,0,902438,0
10:33:26.135,74,40,88,18,120.4846497,22.4502888,2765690,0,902438,0
10:33:26.201,71,37,88,18,120.4846497,22.4502888,2655511,0,839973,0
10:33:26.315,71,38,86,18,120.4846573,22.4502449,2637549,0,857466,0
10:33:26.415,76,39,86,18,120.4846573,22.4502449,2823620,0,885749,0
10:33:26.512,77,36,84,18,120.4846573,22.4502010,2874940,0,829075,0
10:33:26.610,78,36,84,18,120.4846573,22.4502010,2895956,0,833363,0
10:33:26.709,76,36,84,18,120.4846573,22.4502010,2832669,0,830565,0
10:33:26.811,76,35,83,18,120.4846573,22.4501381,2820823,0,812241,0
10:33:26.909,72,35,83,18,120.4846573,22.4501381,2705668,0,802268,0
10:33:27.006,72,35,83,18,120.4846497,22.4500961,2705668,0,802268,0
10:33:27.104,72,37,83,18,120.4846497,22.4500961,2701151,0,837390,0
10:33:27.240,72,37,81,18,120.4846497,22.4500561,2701151,0,837390,0
10:33:27.308,70,30,81,18,120.4846497,22.4500561,2604932,0,690650,0
10:33:27.404,70,30,80,18,120.4846344,22.4500160,2604932,0,690650,0
10:33:27.502,71,31,80,18,120.4846344,22.4500160,2663650,0,729049,0
10:33:27.616,70,30,80,18,120.4846344,22.4500160,2618008,0,707926,0
10:33:27.725,70,30,79,18,120.4846115,22.4499588,2618008,0,707926,0
10:33:27.808,69,29,79,18,120.4846115,22.4499588,2574112,0,673530,0
10:33:27.905,71,31,77,18,120.4845963,22.4499226,2650745,0,713086,0
10:33:28.004,71,27,77,18,120.4845963,22.4499226,2658506,0,644427,0
10:33:28.103,70,25,77,18,120.4845963,22.4499226,2616956,0,596021,0
10:33:28.251,70,25,77,17,120.4845734,22.4498711,2616956,0,596021,0
10:33:28.316,71,26,77,17,120.4845734,22.4498711,2649414,0,615990,0
10:33:28.401,70,24,77,17,120.4845428,22.4498405,2628847,0,575242,0
10:33:28.515,76,32,77,17,120.4845428,22.4498405,2828220,0,731165,0
10:33:28.648,77,31,76,17,120.4845200,22.4498100,2858645,0,724113,0
10:33:28.714,75,28,76,17,120.4845200,22.4498100,2795861,0,662408,0
10:33:28.813,76,27,76,17,120.4845200,22.4498100,2845704,0,640591,0
10:33:28.909,76,27,77,17,120.4844666,22.4497681,2845704,0,640591,0
10:33:29.015,78,31,77,17,120.4844666,22.4497681,2916622,0,715370,0
10:33:29.114,80,31,78,17,120.4844284,22.4497433,2988576,0,714210,0
10:33:29.213,82,30,78,17,120.4844284,22.4497433,3055314,0,701126,0
10:33:29.315,84,30,79,17,120.4844055,22.4497204,3124382,0,696847,0
10:33:29.414,86,30,79,17,120.4844055,22.4497204,3201930,0,694942,0
10:33:29.531,89,31,80,18,120.4843674,22.4496994,3307073,0,720090,0
10:33:29.611,89,31,80,18,120.4843674,22.4496994,3307073,0,720090,0
10:33:29.709,91,30,80,18,120.4843674,22.4496994,3377932,0,697179,0
10:33:29.819,91,30,84,18,120.4842987,22.4496727,3377932,0,697179,0
10:33:29.908,92,31,84,18,120.4842987,22.4496727,3421910,0,719004,0
10:33:30.004,92,31,86,18,120.4842606,22.4496555,3421910,0,719004,0
10:33:30.104,96,37,86,18,120.4842606,22.4496555,3559373,0,842112,0
10:33:30.216,96,37,89,18,120.4842148,22.4496422,3559373,0,842112,0
10:33:30.314,95,37,89,18,120.4842148,22.4496422,3528336,0,855672,0
10:33:30.413,98,43,89,18,120.4842148,22.4496422,3635823,0,979269,0
10:33:30.511,98,46,89,18,120.4842148,22.4496422,3623597,0,1042457,0
10:33:30.609,98,46,95,18,120.4841232,22.4496155,3623597,0,1042457,0
10:33:30.708,99,44,95,18,120.4841232,22.4496155,3659292,0,997416,0
10:33:30.806,98,44,95,18,120.4841232,22.4496155,3655080,0,994359,0
10:33:30.953,98,44,99,18,120.4840469,22.4496021,3655080,0,994359,0
10:33:31.003,98,41,99,18,120.4840469,22.4496021,3649115,0,923411,0
10:33:31.118,98,41,101,18,120.4839935,22.4495926,3649115,0,923411,0
10:33:31.201,99,39,101,18,120.4839935,22.4495926,3679908,0,898013,0
10:33:31.318,99,39,105,18,120.4839325,22.4495831,3679941,0,884191,0
10:33:31.401,100,35,105,18,120.4839325,22.4495831,3764419,0,799825,0
10:33:31.516,97,41,108,18,120.4838791,22.4495773,3615405,0,928271,0
10:33:31.614,97,44,108,18,120.4838791,22.4495773,3615372,0,992226,0
10:33:31.714,100,42,108,18,120.4838791,22.4495773,3763319,0,946698,0
10:33:31.825,100,42,111,18,120.4837875,22.4495716,3763319,0,946698,0
10:33:31.906,100,43,111,18,120.4837875,22.4495716,3800678,0,976578,0
10:33:32.013,100,41,115,18,120.4837265,22.4495697,3739120,0,923229,0
10:33:32.111,100,40,115,18,120.4837265,22.4495697,3732949,0,912618,0
10:33:32.243,100,40,119,18,120.4836578,22.4495678,3732949,0,912618,0
10:33:32.309,100,40,119,18,120.4836578,22.4495678,3826224,0,912861,0
10:33:32.406,100,42,122,18,120.4835968,22.4495678,3805841,0,961729,0
10:33:32.504,100,42,122,18,120.4835968,22.4495678,3817522,0,941920,0
10:33:32.631,100,42,126,18,120.4835358,22.4495678,3817522,0,941920,0
10:33:32.713,100,43,126,18,120.4835358,22.4495678,3762560,0,972454,0
10:33:32.811,100,43,130,18,120.4834595,22.4495716,3912498,0,977100,0
10:33:32.909,100,42,130,18,120.4834595,22.4495716,3825184,0,957092,0
10:33:33.019,100,42,135,18,120.4833908,22.4495735,3825184,0,957092,0
10:33:33.101,100,45,135,18,120.4833908,22.4495735,3886971,0,1005998,0
10:33:33.211,100,45,139,18,120.4833145,22.4495811,3867976,0,1017404,0
10:33:33.309,100,46,139,18,120.4833145,22.4495811,3889813,0,1040631,0
10:33:33.406,100,44,143,18,120.4832382,22.4495850,3874293,0,1001609,0
10:33:33.504,100,49,143,18,120.4832382,22.4495850,3943164,0,1105143,0
10:33:33.609,100,48,147,18,120.4831619,22.4495945,3880013,0,1089591,0
10:33:33.706,100,47,147,18,120.4831619,22.4495945,3968045,0,1065574,0
10:33:33.804,100,45,147,18,120.4831619,22.4495945,3916342,0,1019525,0
10:33:33.921,100,46,153,18,120.4830322,22.4496040,3910249,0,1029391,0
10:33:34.004,100,42,153,18,120.4830322,22.4496040,3879274,0,945598,0
10:33:34.114,100,42,157,18,120.4829559,22.4496136,3879274,0,945598,0
10:33:34.213,100,48,157,18,120.4829559,22.4496136,3792335,0,1074819,0
10:33:34.311,92,48,161,18,120.4828644,22.4496231,3403687,0,1084050,0
10:33:34.409,81,49,161,18,120.4828644,22.4496231,3017423,0,1095170,0
10:33:34.505,78,44,161,18,120.4827805,22.4496346,2903132,0,1004646,0
10:33:34.602,82,51,161,18,120.4827805,22.4496346,3041229,0,1134290,0
10:33:34.716,75,50,161,18,120.4827805,22.4496346,2790437,0,1117679,0
10:33:34.804,75,50,156,18,120.4826508,22.4496479,2790437,0,1117679,0
10:33:34.902,41,69,156,18,120.4826508,22.4496479,1549910,0,1531553,0
10:33:35.015,41,69,153,18,120.4825745,22.4496536,1549910,0,1531553,0
10:33:35.114,42,79,153,18,120.4825745,22.4496536,1585976,0,1738815,0
10:33:35.211,40,79,147,18,120.4824829,22.4496613,1519770,0,1737058,0
10:33:35.309,42,81,147,18,120.4824829,22.4496613,1596890,0,1778694,0
10:33:35.423,40,80,141,18,120.4824066,22.4496670,1528883,0,1749694,0
10:33:35.505,39,79,141,18,120.4824066,22.4496670,1504242,0,1728332,0
10:33:35.603,39,79,141,18,120.4824066,22.4496670,1502146,0,1733027,0
10:33:35.711,39,79,133,18,120.4823074,22.4496727,1502146,0,1733027,0
10:33:35.800,45,82,133,18,120.4823074,22.4496727,1723275,0,1799886,0
10:33:35.915,44,83,129,18,120.4822235,22.4496746,1662658,0,1831684,0
10:33:36.014,41,80,129,18,120.4822235,22.4496746,1558083,0,1755188,0
10:33:36.106,44,78,124,18,120.4821625,22.4496784,1665921,0,1709207,0
10:33:36.204,46,79,124,18,120.4821625,22.4496784,1746457,0,1742541,0
10:33:36.303,46,79,117,18,120.4821014,22.4496803,1746457,0,1742541,0
10:33:36.401,45,81,117,18,120.4821014,22.4496803,1717530,0,1778930,0
10:33:36.502,45,81,115,18,120.4820328,22.4496803,1717530,0,1778930,0
10:33:36.616,42,81,115,18,120.4820328,22.4496803,1596138,0,1774097,0
10:33:36.714,41,81,115,18,120.4820328,22.4496803,1547553,0,1769456,0
10:33:36.801,41,81,108,18,120.4819489,22.4496784,1547553,0,1769456,0
10:33:36.915,38,82,108,18,120.4819489,22.4496784,1463827,0,1805204,0
10:33:37.022,38,82,102,18,120.4818954,22.4496784,1463827,0,1805204,0
10:33:37.104,40,82,102,18,120.4818954,22.4496784,1540646,0,1811069,0
10:33:37.207,42,84,100,18,120.4818420,22.4496784,1588578,0,1838591,0
10:33:37.360,41,84,96,17,120.4817886,22.4496784,1573104,0,1838105,0
10:33:37.411,41,84,96,17,120.4817886,22.4496784,1573104,0,1838105,0
10:33:37.509,43,85,96,17,120.4817886,22.4496784,1632496,0,1872162,0
10:33:37.615,43,85,89,17,120.4817429,22.4496822,1632496,0,1872162,0
10:33:37.714,41,84,89,17,120.4817429,22.4496822,1570602,0,1845768,0
10:33:37.815,41,79,83,17,120.4817047,22.4496841,1554651,0,1746265,0
10:33:37.913,49,64,83,17,120.4817047,22.4496841,1853798,0,1424713,0
10:33:38.010,61,51,79,17,120.4816666,22.4496841,2300894,0,1141375,0
10:33:38.109,70,48,79,17,120.4816666,22.4496841,2619429,0,1079152,0
10:33:38.214,70,48,72,17,120.4816284,22.4496841,2619429,0,1079152,0
10:33:38.323,70,44,70,16,120.4815903,22.4496899,2631962,0,990872,0
10:33:38.404,71,38,70,16,120.4815903,22.4496899,2649171,0,874575,0
10:33:38.502,73,42,70,16,120.4815903,22.4496899,2739607,0,945931,0
10:33:38.601,73,42,69,16,120.4815521,22.4496937,2739607,0,945931,0
10:33:38.716,64,29,69,16,120.4815521,22.4496937,2401398,0,673710,0
10:33:38.815,64,29,67,15,120.4815140,22.4497032,2401398,0,673710,0
10:33:38.904,67,32,67,15,120.4815140,22.4497032,2520685,0,748847,0
10:33:39.004,67,33,67,15,120.4815140,22.4497032,2500622,0,752016,0
10:33:39.113,67,33,64,17,120.4814682,22.4497204,2500622,0,752016,0
10:33:39.212,67,32,64,17,120.4814682,22.4497204,2514681,0,737453,0
10:33:39.307,72,32,62,17,120.4814301,22.4497337,2689275,0,732630,0
10:33:39.405,78,32,62,17,120.4814301,22.4497337,2898003,0,737087,0
10:33:39.510,77,30,60,17,120.4814072,22.4497509,2863474,0,687940,0
10:33:39.609,80,30,60,17,120.4814072,22.4497509,2997153,0,686947,0
10:33:39.709,84,33,60,17,120.4814072,22.4497509,3117952,0,766340,0
10:33:39.813,84,35,62,15,120.4813690,22.4497795,3141283,0,806335,0
10:33:39.911,83,33,62,15,120.4813690,22.4497795,3081258,0,761437,0
10:33:40.003,83,33,63,16,120.4813461,22.4498005,3081258,0,761437,0
10:33:40.101,83,34,63,16,120.4813461,22.4498005,3100130,0,781915,0
10:33:40.213,84,33,64,17,120.4813156,22.4498215,3113794,0,752871,0
10:33:40.312,88,34,64,17,120.4813156,22.4498215,3291893,0,771851,0
10:33:40.412,89,35,65,17,120.4813080,22.4498501,3323059,0,794606,0
10:33:40.510,89,33,65,17,120.4813080,22.4498501,3313696,0,754939,0
10:33:40.610,89,32,67,16,120.4812775,22.4498768,3315555,0,732272,0
10:33:40.709,90,33,67,16,120.4812775,22.4498768,3335367,0,754450,0
10:33:40.822,92,33,69,17,120.4812698,22.4499073,3434343,0,752428,0
10:33:40.905,95,35,69,17,120.4812698,22.4499073,3526837,0,802826,0
10:33:41.004,94,35,69,17,120.4812698,22.4499073,3508012,0,812853,0
10:33:41.128,94,35,73,17,120.4812393,22.4499550,3508012,0,812853,0
10:33:41.210,96,37,73,17,120.4812393,22.4499550,3578015,0,840372,0
10:33:41.303,97,38,76,18,120.4812317,22.4499912,3595777,0,870898,0
10:33:41.401,97,40,76,18,120.4812317,22.4499912,3588566,0,902353,0
10:33:41.511,95,38,79,18,120.4812164,22.4500275,3518213,0,857981,0
10:33:41.609,94,35,79,18,120.4812164,22.4500275,3486826,0,807375,0
10:33:41.708,94,35,79,18,120.4812164,22.4500275,3488518,0,802934,0
10:33:41.804,94,35,83,18,120.4812012,22.4500847,3488518,0,802934,0
10:33:41.904,98,40,83,18,120.4812012,22.4500847,3645394,0,917748,0
10:33:42.016,98,40,86,18,120.4811935,22.4501266,3645394,0,917748,0
10:33:42.114,98,36,86,18,120.4811935,22.4501266,3655100,0,833331,0
10:33:42.213,97,36,89,18,120.4811935,22.4501705,3620161,0,815223,0
10:33:42.313,100,46,89,18,120.4811935,22.4501705,3756504,0,1031392,0
10:33:42.414,100,46,93,18,120.4811783,22.4502144,3756504,0,1031392,0
10:33:42.513,100,39,93,18,120.4811783,22.4502144,3717138,0,898460,0
10:33:42.601,100,39,97,18,120.4811783,22.4502621,3717138,0,898460,0
10:33:42.716,100,52,97,18,120.4811783,22.4502621,3828845,0,1170416,0
10:33:42.803,100,52,101,18,120.4811783,22.4503117,3828845,0,1170416,0
10:33:42.901,100,33,101,18,120.4811783,22.4503117,3755726,0,768894,0
10:33:43.014,100,38,105,18,120.4811783,22.4503651,3805853,0,868478,0
10:33:43.113,100,55,105,18,120.4811783,22.4503651,3780860,0,1227674,0
10:33:43.204,100,55,109,18,120.4811783,22.4504185,3780860,0,1227674,0
10:33:43.304,100,42,109,18,120.4811783,22.4504185,3717299,0,952033,0
10:33:43.418,100,42,110,18,120.4811783,22.4504738,3717299,0,952033,0
10:33:43.516,100,45,110,18,120.4811783,22.4504738,3806762,0,1022394,0
10:33:43.611,100,45,115,17,120.4811783,22.4505291,3864228,0,1007863,0
10:33:43.708,100,40,115,17,120.4811783,22.4505291,3864104,0,919403,0
10:33:43.800,100,40,120,18,120.4811783,22.4505882,3864104,0,919403,0
10:33:43.909,100,48,120,18,120.4811783,22.4505882,3952151,0,1082062,0
10:33:44.006,100,51,124,18,120.4811935,22.4506512,3917115,0,1143287,0
10:33:44.105,100,45,124,18,120.4811935,22.4506512,3881198,0,1024088,0
10:33:44.201,100,50,128,18,120.4811935,22.4507141,3933582,0,1113946,0
10:33:44.315,100,48,128,18,120.4811935,22.4507141,3952883,0,1083983,0
10:33:44.410,100,48,132,18,120.4811935,22.4507809,3952883,0,1083983,0
10:33:44.509,100,54,132,18,120.4811935,22.4507809,3976420,0,1197398,0
10:33:44.623,100,54,137,18,120.4812012,22.4508476,3976420,0,1197398,0
10:33:44.705,100,47,137,18,120.4812012,22.4508476,3849370,0,1059281,0
10:33:44.803,100,46,137,18,120.4812012,22.4508476,3886113,0,1034258,0
10:33:44.938,100,46,143,18,120.4812012,22.4509544,3886113,0,1034258,0
10:33:45.004,100,46,143,18,120.4812012,22.4509544,3939090,0,1040415,0
10:33:45.116,100,49,147,18,120.4812012,22.4510269,3890311,0,1096062,0
10:33:45.214,100,49,147,18,120.4812012,22.4510269,3912038,0,1103071,0
10:33:45.314,100,49,151,16,120.4812164,22.4511032,3912038,0,1103071,0
10:33:45.414,100,46,151,16,120.4812164,22.4511032,3911288,0,1034908,0
10:33:45.511,100,46,155,18,120.4812164,22.4511795,3911288,0,1034908,0
10:33:45.609,100,44,155,18,120.4812164,22.4511795,3954097,0,1004859,0
10:33:45.708,100,46,155,18,120.4812164,22.4511795,3999499,0,1038535,0
10:33:45.816,100,46,161,17,120.4812164,22.4512997,3999499,0,1038535,0
10:33:45.914,100,48,161,17,120.4812164,22.4512997,3920596,0,1083498,0
10:33:46.015,100,42,165,18,120.4812317,22.4513817,3832611,0,943325,0
10:33:46.114,100,45,165,18,120.4812317,22.4513817,4015115,0,1012753,0
10:33:46.238,100,45,169,18,120.4812317,22.4514656,4015115,0,1012753,0
10:33:46.304,100,49,169,18,120.4812317,22.4514656,3861588,0,1096404,0
10:33:46.413,100,46,173,18,120.4812317,22.4515514,3784721,0,1035784,0
10:33:46.511,100,42,173,18,120.4812317,22.4515514,3834250,0,951216,0
10:33:46.613,100,42,175,17,120.4812317,22.4516392,3854332,0,956531,0
10:33:46.713,100,47,175,17,120.4812317,22.4516392,3842848,0,1067312,0
10:33:46.812,100,46,175,17,120.4812317,22.4516392,3932667,0,1028349,0
10:33:46.910,100,47,180,17,120.4812317,22.4517727,3877758,0,1053427,0
10:33:47.009,100,45,180,17,120.4812317,22.4517727,3814057,0,1005679,0
10:33:47.124,100,48,183,17,120.4812317,22.4518642,3913134,0,1069950,0
10:33:47.206,100,47,183,17,120.4812317,22.4518642,3901603,0,1065242,0
10:33:47.326,100,47,187,18,120.4812317,22.4519577,3901603,0,1065242,0
10:33:47.408,100,46,187,18,120.4812317,22.4519577,3935506,0,1028146,0
10:33:47.568,100,48,190,18,120.4812164,22.4520531,3928134,0,1087129,0
10:33:47.608,100,47,190,18,120.4812164,22.4520531,3846578,0,1067729,0
10:33:47.706,100,49,190,18,120.4812164,22.4520531,3865690,0,1099126,0
10:33:47.809,100,49,195,18,120.4812164,22.4521980,3922109,0,1093240,0
10:33:47.909,100,47,195,18,120.4812164,22.4521980,3923823,0,1065471,0
10:33:48.023,100,47,199,17,120.4812164,22.4522972,3923823,0,1065471,0
10:33:48.105,100,48,199,17,120.4812164,22.4522972,3921016,0,1080666,0
10:33:48.205,99,46,199,17,120.4812164,22.4522972,3685727,0,1027540,0
10:33:48.303,99,46,203,17,120.4812164,22.4524498,3685727,0,1027540,0
10:33:48.400,86,46,203,17,120.4812164,22.4524498,3194468,0,1028201,0
10:33:48.565,82,48,204,17,120.4812012,22.4525528,3063479,0,1084520,0
10:33:48.615,80,47,204,17,120.4812012,22.4525528,2999792,0,1047956,0
10:33:48.714,80,44,204,17,120.4812012,22.4525528,2967169,0,997897,0
10:33:48.824,81,46,199,17,120.4812012,22.4527035,3014237,0,1044556,0
10:33:48.913,80,46,199,17,120.4812012,22.4527035,2994451,0,1030082,0
10:33:49.012,79,47,199,17,120.4812012,22.4527035,2930402,0,1059423,0
10:33:49.103,79,47,196,18,120.4812012,22.4528522,2930402,0,1059423,0
10:33:49.201,73,47,196,18,120.4812012,22.4528522,2724423,0,1067742,0
10:33:49.312,73,53,191,18,120.4812012,22.4529495,2725273,0,1180127,0
10:33:49.410,66,54,191,18,120.4812012,22.4529495,2469885,0,1207406,0
10:33:49.519,62,57,186,18,120.4812012,22.4530449,2341983,0,1268290,0
10:33:49.601,60,74,186,18,120.4812012,22.4530449,2246301,0,1624983,0
10:33:49.715,56,71,186,18,120.4812012,22.4530449,2091533,0,1569132,0
10:33:49.805,56,71,179,18,120.4812012,22.4531803,2091533,0,1569132,0
10:33:49.904,51,72,179,18,120.4812012,22.4531803,1917750,0,1580733,0
10:33:50.013,51,72,174,18,120.4811935,22.4532700,1917750,0,1580733,0
10:33:50.111,52,77,174,18,120.4811935,22.4532700,1978336,0,1684570,0
10:33:50.211,51,76,169,18,120.4811935,22.4533577,1927020,0,1679105,0
10:33:50.310,56,75,169,18,120.4811935,22.4533577,2104870,0,1659640,0
10:33:50.401,56,70,164,18,120.4811935,22.4534397,2114133,0,1542164,0
10:33:50.515,58,69,164,18,120.4811935,22.4534397,2165097,0,1526790,0
10:33:50.611,59,67,159,17,120.4811935,22.4535198,2227794,0,1478037,0
10:33:50.709,62,67,159,17,120.4811935,22.4535198,2332316,0,1474975,0
10:33:50.805,62,67,155,18,120.4811935,22.4535980,2332316,0,1474975,0
10:33:50.904,59,66,155,18,120.4811935,22.4535980,2216256,0,1469053,0
10:33:51.020,59,66,151,17,120.4811935,22.4536743,2216256,0,1469053,0
10:33:51.104,57,71,151,17,120.4811935,22.4536743,2129638,0,1577366,0
10:33:51.212,51,74,147,18,120.4811783,22.4537506,1931497,0,1631409,0
10:33:51.304,49,76,147,18,120.4811783,22.4537506,1854845,0,1682123,0
10:33:51.404,51,77,147,18,120.4811783,22.4537506,1920933,0,1684356,0
10:33:51.543,53,76,139,18,120.4811783,22.4538574,2015039,0,1669877,0
10:33:51.609,58,68,139,18,120.4811783,22.4538574,2193049,0,1498522,0
10:33:51.708,62,67,139,18,120.4811783,22.4538574,2332853,0,1480412,0
10:33:51.806,64,62,132,18,120.4811783,22.4539585,2406192,0,1381207,0
10:33:51.904,70,53,132,18,120.4811783,22.4539585,2606751,0,1191662,0
10:33:52.015,70,53,129,18,120.4811630,22.4540234,2606751,0,1191662,0
10:33:52.114,74,44,129,18,120.4811630,22.4540234,2751217,0,995222,0
10:33:52.234,74,44,127,18,120.4811630,22.4540882,2751217,0,995222,0
10:33:52.316,79,46,127,18,120.4811630,22.4540882,2954319,0,1039337,0
10:33:52.410,79,46,124,18,120.4811554,22.4541512,2954319,0,1039337,0
10:33:52.509,80,42,124,18,120.4811554,22.4541512,2992055,0,962424,0
10:33:52.624,80,42,122,18,120.4811554,22.4542103,2992055,0,962424,0
10:33:52.708,79,41,122,18,120.4811554,22.4542103,2955615,0,941260,0
10:33:52.806,83,43,122,18,120.4811554,22.4542103,3096684,0,971535,0
10:33:52.915,83,43,120,18,120.4811401,22.4542999,3096684,0,971535,0
10:33:53.014,83,41,120,18,120.4811401,22.4542999,3106076,0,927871,0
10:33:53.116,83,41,119,18,120.4811249,22.4543591,3106076,0,927871,0
10:33:53.214,84,42,119,18,120.4811249,22.4543591,3136616,0,945688,0
10:33:53.302,83,40,119,18,120.4811172,22.4544201,3100831,0,905522,0
10:33:53.416,85,43,119,18,120.4811172,22.4544201,3156033,0,963002,0
10:33:53.570,83,41,118,18,120.4811020,22.4544773,3109254,0,940388,0
10:33:53.604,83,41,118,18,120.4811020,22.4544773,3109254,0,940388,0
10:33:53.702,87,39,118,18,120.4811020,22.4544773,3238831,0,892079,0
10:33:53.816,88,40,118,18,120.4810715,22.4545612,3278641,0,900339,0
10:33:53.904,89,42,118,18,120.4810715,22.4545612,3317368,0,948338,0
10:33:54.000,89,42,118,18,120.4810486,22.4546185,3317368,0,948338,0
10:33:54.114,73,30,118,18,120.4810486,22.4546185,2709028,0,690895,0
10:33:54.208,73,30,117,18,120.4810257,22.4546719,2709028,0,690895,0
10:33:54.306,73,32,117,18,120.4810257,22.4546719,2744854,0,733679,0
10:33:54.406,75,30,116,18,120.4809952,22.4547272,2788763,0,699176,0
10:33:54.504,76,26,116,18,120.4809952,22.4547272,2843550,0,619620,0
10:33:54.651,76,26,115,18,120.4809723,22.4547787,2843550,0,619620,0
10:33:54.716,83,36,115,18,120.4809723,22.4547787,3108505,0,830165,0
10:33:54.814,82,35,115,18,120.4809723,22.4547787,3049847,0,809483,0
10:33:54.925,86,39,114,18,120.4809341,22.4548550,3208579,0,879308,0
10:33:55.008,82,28,114,18,120.4809341,22.4548550,3063895,0,651856,0
10:33:55.104,82,28,115,18,120.4808960,22.4549046,3063895,0,651856,0
10:33:55.202,85,31,115,18,120.4808960,22.4549046,3148999,0,718261,0
10:33:55.314,82,32,115,18,120.4808731,22.4549522,3073337,0,742495,0
10:33:55.412,75,33,115,18,120.4808731,22.4549522,2797431,0,759413,0
10:33:55.505,76,39,115,18,120.4808350,22.4549999,2837355,0,886358,0
10:33:55.602,74,40,115,18,120.4808350,22.4549999,2753057,0,905403,0
10:33:55.701,79,45,115,18,120.4808350,22.4549999,2961058,0,1009161,0
10:33:55.823,99,69,112,18,120.4807663,22.4550667,3661395,0,1522050,0
10:33:55.905,82,49,112,18,120.4807663,22.4550667,3050082,0,1108670,0
10:33:56.000,82,49,111,18,120.4807281,22.4551125,3050082,0,1108670,0
10:33:56.115,79,47,111,18,120.4807281,22.4551125,2953781,0,1059600,0
10:33:56.240,79,47,109,18,120.4806900,22.4551544,2953781,0,1059600,0
10:33:56.306,81,48,109,18,120.4806900,22.4551544,3004423,0,1077515,0
10:33:56.408,81,48,107,18,120.4806671,22.4551964,3002296,0,1089515,0
10:33:56.506,80,50,107,18,120.4806671,22.4551964,2969651,0,1113996,0
10:33:56.637,78,50,105,18,120.4806290,22.4552383,2915656,0,1116284,0
10:33:56.704,75,50,105,18,120.4806290,22.4552383,2815884,0,1124168,0
10:33:56.802,75,48,105,18,120.4806290,22.4552383,2791935,0,1086911,0
10:33:56.904,75,46,101,17,120.4805756,22.4552994,2800171,0,1026896,0
10:33:57.002,75,44,101,17,120.4805756,22.4552994,2800012,0,991650,0
10:33:57.131,75,44,99,17,120.4805374,22.4553375,2800012,0,991650,0
10:33:57.213,73,41,99,17,120.4805374,22.4553375,2739397,0,924630,0
10:33:57.339,72,38,98,17,120.4805145,22.4553795,2707254,0,861705,0
10:33:57.404,70,35,98,17,120.4805145,22.4553795,2612853,0,793846,0
10:33:57.538,69,32,96,17,120.4804840,22.4554195,2597801,0,744910,0
10:33:57.604,69,32,96,17,120.4804840,22.4554195,2597801,0,744910,0
10:33:57.703,68,32,96,17,120.4804840,22.4554195,2531530,0,749305,0
10:33:57.813,68,32,93,18,120.4804459,22.4554825,2531530,0,749305,0
10:33:57.912,68,32,93,18,120.4804459,22.4554825,2528220,0,736818,0
10:33:58.004,66,30,90,18,120.4804230,22.4555225,2475472,0,692624,0
10:33:58.103,68,31,90,18,120.4804230,22.4555225,2546087,0,724768,0
10:33:58.202,64,29,90,18,120.4804230,22.4555225,2406643,0,677378,0
10:33:58.356,64,27,88,18,120.4804001,22.4555855,2382066,0,623627,0
10:33:58.404,63,26,88,18,120.4804001,22.4555855,2356468,0,618937,0
10:33:58.545,64,26,86,18,120.4803848,22.4556274,2382877,0,620508,0
10:33:58.611,64,26,86,18,120.4803848,22.4556274,2382877,0,620508,0
10:33:58.708,69,28,86,18,120.4803848,22.4556274,2597535,0,644798,0
10:33:58.804,69,28,83,18,120.4803696,22.4556904,2597535,0,644798,0
10:33:58.910,70,27,83,18,120.4803696,22.4556904,2612990,0,629163,0
10:33:59.006,68,26,82,18,120.4803696,22.4557304,2530834,0,622412,0
10:33:59.104,67,29,82,18,120.4803696,22.4557304,2504360,0,672311,0
10:33:59.214,66,27,81,18,120.4803696,22.4557705,2474666,0,640427,0
10:33:59.313,66,27,81,18,120.4803696,22.4557705,2479761,0,639926,0
10:33:59.415,66,27,79,18,120.4803848,22.4558105,2479761,0,639926,0
10:33:59.514,66,29,79,18,120.4803848,22.4558105,2480570,0,669985,0
10:33:59.620,67,30,77,18,120.4803848,22.4558487,2514850,0,696043,0
10:33:59.702,69,29,77,18,120.4803848,22.4558487,2584729,0,680781,0
10:33:59.816,69,24,77,18,120.4803848,22.4558487,2568296,0,572599,0
10:33:59.904,71,24,75,18,120.4804001,22.4559059,2669459,0,566359,0
10:34:00.002,74,25,75,18,120.4804001,22.4559059,2771026,0,584786,0
10:34:00.110,74,25,75,18,120.4804077,22.4559402,2771026,0,584786,0
10:34:00.208,78,26,75,18,120.4804077,22.4559402,2903038,0,611689,0
10:34:00.304,78,26,76,18,120.4804382,22.4559746,2903038,0,611689,0
10:34:00.402,78,26,76,18,120.4804382,22.4559746,2909046,0,602997,0
10:34:00.519,79,27,77,18,120.4804459,22.4560089,2946843,0,640860,0
10:34:00.615,77,25,77,18,120.4804459,22.4560089,2872998,0,586922,0
10:34:00.714,79,25,77,18,120.4804459,22.4560089,2933430,0,587492,0
10:34:00.806,79,25,78,18,120.4804840,22.4560547,2933430,0,587492,0
10:34:00.904,79,26,78,18,120.4804840,22.4560547,2951701,0,615356,0
10:34:01.002,78,25,79,18,120.4805222,22.4560852,2925244,0,586036,0
10:34:01.101,80,27,79,18,120.4805222,22.4560852,3000991,0,626641,0
10:34:01.200,82,27,79,18,120.4805222,22.4560852,3053945,0,643911,0
10:34:01.358,84,30,80,18,120.4805603,22.4561253,3144937,0,692423,0
10:34:01.408,84,29,80,18,120.4805603,22.4561253,3125243,0,665763,0
10:34:01.525,84,30,81,18,120.4805984,22.4561501,3143290,0,692214,0
10:34:01.606,84,30,81,18,120.4805984,22.4561501,3131112,0,693455,0
10:34:01.704,82,28,81,18,120.4805984,22.4561501,3064011,0,646586,0
10:34:01.819,82,28,83,18,120.4806519,22.4561844,3064011,0,646586,0
10:34:01.916,81,27,83,18,120.4806519,22.4561844,3022860,0,629235,0
10:34:02.014,81,27,84,18,120.4807053,22.4562035,3022860,0,629235,0
10:34:02.114,83,27,84,18,120.4807053,22.4562035,3081234,0,636664,0
10:34:02.212,84,28,85,18,120.4807434,22.4562206,3111902,0,655355,0
10:34:02.310,83,27,85,18,120.4807434,22.4562206,3104486,0,638726,0
10:34:02.404,83,27,87,18,120.4807816,22.4562359,3104486,0,638726,0
10:34:02.504,84,26,87,18,120.4807816,22.4562359,3130498,0,610396,0
10:34:02.619,87,29,87,18,120.4808350,22.4562473,3236622,0,670966,0
10:34:02.701,88,29,87,18,120.4808350,22.4562473,3258883,0,672719,0
10:34:02.814,88,28,87,18,120.4808350,22.4562473,3274338,0,647280,0
10:34:02.905,88,28,91,17,120.4808960,22.4562626,3274338,0,647280,0
10:34:03.002,94,34,91,17,120.4808960,22.4562626,3504278,0,787063,0
10:34:03.114,94,39,92,17,120.4809494,22.4562664,3499038,0,886030,0
10:34:03.213,91,32,92,17,120.4809494,22.4562664,3395064,0,750289,0
10:34:03.306,91,32,94,17,120.4809952,22.4562721,3395064,0,750289,0
10:34:03.404,93,34,94,17,120.4809952,22.4562721,3440653,0,785614,0
10:34:03.519,93,35,96,17,120.4810486,22.4562740,3474091,0,808644,0
10:34:03.601,92,31,96,17,120.4810486,22.4562740,3430321,0,725038,0
10:34:03.715,88,32,96,17,120.4810486,22.4562740,3264673,0,748730,0
10:34:03.823,88,32,99,17,120.4811249,22.4562721,3264673,0,748730,0
10:34:03.912,91,31,99,17,120.4811249,22.4562721,3373364,0,720663,0
10:34:04.008,91,31,101,18,120.4811935,22.4562664,3373364,0,720663,0
10:34:04.106,100,49,101,18,120.4811935,22.4562664,3721818,0,1100575,0
10:34:04.220,100,49,103,18,120.4812393,22.4562607,3721818,0,1100575,0
10:34:04.302,97,43,103,18,120.4812393,22.4562607,3596031,0,982114,0
10:34:04.400,95,36,103,18,120.4812393,22.4562607,3542456,0,830450,0
10:34:04.531,95,36,107,18,120.4813309,22.4562492,3542456,0,830450,0
10:34:04.613,98,42,107,18,120.4813309,22.4562492,3655588,0,946413,0
10:34:04.712,100,43,107,18,120.4813309,22.4562492,3701397,0,983897,0
10:34:04.825,100,43,110,18,120.4814072,22.4562340,3701397,0,983897,0
10:34:04.908,99,45,110,18,120.4814072,22.4562340,3668656,0,1017342,0
10:34:05.004,100,46,113,18,120.4814682,22.4562187,3733378,0,1038467,0
10:34:05.102,100,45,113,18,120.4814682,22.4562187,3749102,0,1025220,0
10:34:05.201,100,47,113,18,120.4814682,22.4562187,3773931,0,1050437,0
10:34:05.328,100,47,118,18,120.4815598,22.4561977,3773931,0,1050437,0
10:34:05.406,100,45,118,18,120.4815598,22.4561977,3815307,0,1024555,0
10:34:05.535,100,45,121,18,120.4816284,22.4561825,3871781,0,1017626,0
10:34:05.601,100,50,121,18,120.4816284,22.4561825,3970195,0,1125144,0
10:34:05.701,100,48,121,18,120.4816284,22.4561825,3950783,0,1084278,0
10:34:05.838,100,48,127,17,120.4817276,22.4561577,3963639,0,1088074,0
10:34:05.904,100,48,127,17,120.4817276,22.4561577,3922171,0,1084880,0
10:34:06.001,100,48,132,17,120.4817886,22.4561367,3922171,0,1084880,0
10:34:06.101,100,48,132,17,120.4817886,22.4561367,3906659,0,1077625,0
10:34:06.211,100,48,136,17,120.4818726,22.4561176,3906219,0,1087461,0
10:34:06.310,100,47,136,17,120.4818726,22.4561176,3926739,0,1062523,0
10:34:06.404,100,47,141,17,120.4819336,22.4560986,3934984,0,1050685,0
10:34:06.502,100,45,141,17,120.4819336,22.4560986,3939267,0,1024894,0
10:34:06.618,100,49,145,17,120.4820099,22.4560776,3981862,0,1108110,0
10:34:06.701,100,47,145,17,120.4820099,22.4560776,3939986,0,1058991,0
10:34:06.815,100,48,145,17,120.4820099,22.4560776,4005016,0,1072168,0
10:34:06.903,100,48,152,16,120.4821243,22.4560471,4005016,0,1072168,0
10:34:07.001,100,47,152,16,120.4821243,22.4560471,3829335,0,1062437,0
10:34:07.104,93,46,157,17,120.4822006,22.4560280,3466144,0,1045658,0
10:34:07.204,81,44,157,17,120.4822006,22.4560280,3013208,0,1000360,0
10:34:07.314,81,47,158,17,120.4822922,22.4560051,3005808,0,1062579,0
10:34:07.414,79,47,158,17,120.4822922,22.4560051,2960245,0,1062170,0
10:34:07.530,77,53,156,17,120.4823685,22.4559841,2864425,0,1177470,0
10:34:07.613,53,61,156,17,120.4823685,22.4559841,2013398,0,1353900,0
10:34:07.711,48,70,156,17,120.4823685,22.4559841,1811962,0,1548044,0
10:34:07.816,48,70,151,18,120.4824982,22.4559517,1811962,0,1548044,0
10:34:07.914,47,79,151,18,120.4824982,22.4559517,1784572,0,1728225,0
10:34:08.002,45,80,146,18,120.4825745,22.4559307,1695917,0,1758310,0
10:34:08.101,45,78,146,18,120.4825745,22.4559307,1702994,0,1722201,0
10:34:08.216,46,80,140,18,120.4826355,22.4559097,1757598,0,1766424,0
10:34:08.314,47,79,140,18,120.4826355,22.4559097,1767966,0,1733501,0
10:34:08.428,47,79,136,18,120.4827118,22.4558907,1767966,0,1733501,0
10:34:08.510,47,77,136,18,120.4827118,22.4558907,1792721,0,1698265,0
10:34:08.613,49,76,131,18,120.4827805,22.4558716,1841110,0,1673522,0
10:34:08.714,50,77,131,18,120.4827805,22.4558716,1883077,0,1697161,0
10:34:08.814,51,78,131,18,120.4827805,22.4558716,1923994,0,1706537,0
10:34:08.924,51,77,124,18,120.4828796,22.4558449,1922337,0,1690671,0
10:34:09.010,52,74,124,18,120.4828796,22.4558449,1965475,0,1632285,0
10:34:09.110,56,72,124,18,120.4828796,22.4558449,2092481,0,1588459,0
10:34:09.220,57,69,117,18,120.4829712,22.4558182,2154211,0,1526758,0
10:34:09.304,59,62,117,18,120.4829712,22.4558182,2232853,0,1380128,0
10:34:09.400,59,62,113,18,120.4830322,22.4557991,2232853,0,1380128,0
10:34:09.516,67,56,113,18,120.4830322,22.4557991,2494337,0,1253425,0
10:34:09.614,72,48,113,18,120.4830322,22.4557991,2702619,0,1076280,0
10:34:09.718,72,48,109,18,120.4831085,22.4557705,2702619,0,1076280,0
10:34:09.816,76,48,109,18,120.4831085,22.4557705,2821787,0,1069222,0
10:34:09.914,76,48,107,18,120.4831772,22.4557495,2821787,0,1069222,0
10:34:10.014,90,44,107,18,120.4831772,22.4557495,3358566,0,992727,0
10:34:10.113,90,44,107,18,120.4832230,22.4557285,3358566,0,992727,0
10:34:10.212,90,43,107,18,120.4832230,22.4557285,3351074,0,975563,0
10:34:10.311,85,41,108,18,120.4832764,22.4557037,3159846,0,933726,0
10:34:10.409,78,39,108,18,120.4832764,22.4557037,2905196,0,894000,0
10:34:10.505,78,39,108,18,120.4833298,22.4556789,2905196,0,894000,0
10:34:10.604,76,41,108,18,120.4833298,22.4556789,2853294,0,941205,0
10:34:10.708,76,41,106,17,120.4833755,22.4556503,2853294,0,941205,0
10:34:10.806,74,38,106,17,120.4833755,22.4556503,2766717,0,875867,0
10:34:10.900,74,38,104,18,120.4834290,22.4556236,2766717,0,875867,0
10:34:11.015,72,40,104,18,120.4834290,22.4556236,2697935,0,902308,0
10:34:11.139,71,38,102,18,120.4834671,22.4555950,2661572,0,863607,0
10:34:11.211,71,36,102,18,120.4834671,22.4555950,2638349,0,824219,0
10:34:11.309,71,36,100,18,120.4835205,22.4555645,2638349,0,824219,0
10:34:11.408,71,36,100,18,120.4835205,22.4555645,2655751,0,830957,0
10:34:11.507,70,35,100,18,120.4835205,22.4555645,2628515,0,811382,0
10:34:11.633,70,35,97,18,120.4835739,22.4555168,2628515,0,811382,0
10:34:11.714,66,30,97,18,120.4835739,22.4555168,2457385,0,707498,0
10:34:11.814,68,31,95,18,120.4836121,22.4554825,2542675,0,713348,0
10:34:11.913,67,33,95,18,120.4836121,22.4554825,2513505,0,758283,0
10:34:12.014,67,32,93,18,120.4836502,22.4554482,2492202,0,736303,0
10:34:12.112,65,29,93,18,120.4836502,22.4554482,2433031,0,668451,0
10:34:12.210,65,29,91,18,120.4836731,22.4554119,2433031,0,668451,0
10:34:12.309,67,30,91,18,120.4836731,22.4554119,2512143,0,706175,0
10:34:12.428,67,30,90,18,120.4837112,22.4553757,2512143,0,706175,0
10:34:12.510,69,33,90,18,120.4837112,22.4553757,2588656,0,769770,0
10:34:12.609,68,28,88,18,120.4837341,22.4553375,2561471,0,664147,0
10:34:12.707,74,30,88,18,120.4837341,22.4553375,2759123,0,695675,0
10:34:12.807,77,32,88,18,120.4837341,22.4553375,2878437,0,749928,0
10:34:12.913,77,32,87,18,120.4837646,22.4552784,2878437,0,749928,0
10:34:13.012,70,28,87,18,120.4837646,22.4552784,2622904,0,660172,0
10:34:13.114,70,28,86,18,120.4837875,22.4552383,2622904,0,660172,0
10:34:13.214,70,32,86,18,120.4837875,22.4552383,2617476,0,743987,0
10:34:13.308,70,32,85,18,120.4838028,22.4551983,2617476,0,743987,0
10:34:13.407,70,32,85,18,120.4838028,22.4551983,2627479,0,729737,0
10:34:13.542,73,31,83,18,120.4838181,22.4551563,2735263,0,709618,0
10:34:13.608,76,33,83,18,120.4838181,22.4551563,2848467,0,769773,0
10:34:13.706,76,33,83,18,120.4838181,22.4551563,2826310,0,764444,0
10:34:13.815,76,33,83,18,120.4838257,22.4550953,2826310,0,764444,0
10:34:13.914,74,31,83,18,120.4838257,22.4550953,2755174,0,719938,0
10:34:14.009,74,31,82,18,120.4838257,22.4550533,2755174,0,719938,0
10:34:14.108,75,30,82,18,120.4838257,22.4550533,2801554,0,699075,0
10:34:14.204,74,30,82,18,120.4838257,22.4550133,2768521,0,696085,0
10:34:14.302,72,28,82,18,120.4838257,22.4550133,2704816,0,655264,0
10:34:14.413,72,28,81,18,120.4838257,22.4549713,2704816,0,655264,0
10:34:14.512,71,26,81,18,120.4838257,22.4549713,2658394,0,607490,0
10:34:14.625,71,26,81,18,120.4838257,22.4549294,2658394,0,607490,0
10:34:14.707,74,26,81,18,120.4838257,22.4549294,2757088,0,618068,0
10:34:14.805,77,26,81,18,120.4838257,22.4549294,2874351,0,618952,0
10:34:14.907,77,26,82,18,120.4838181,22.4548702,2874351,0,618952,0
10:34:15.011,77,27,82,18,120.4838181,22.4548702,2886365,0,635390,0
10:34:15.104,79,28,82,18,120.4838028,22.4548302,2942179,0,644596,0
10:34:15.202,79,28,82,18,120.4838028,22.4548302,2951896,0,655816,0
10:34:15.314,79,27,83,18,120.4837723,22.4547920,2946300,0,635385,0
10:34:15.412,75,22,83,18,120.4837723,22.4547920,2804073,0,528628,0
10:34:15.535,77,24,83,18,120.4837646,22.4547539,2859536,0,562514,0
10:34:15.600,77,24,83,18,120.4837646,22.4547539,2859536,0,562514,0
10:34:15.714,78,24,83,18,120.4837646,22.4547539,2913855,0,578264,0
10:34:15.803,78,24,84,17,120.4837265,22.4546986,2913855,0,578264,0
10:34:15.901,79,27,84,17,120.4837265,22.4546986,2962951,0,634231,0
10:34:16.015,79,27,85,17,120.4836960,22.4546642,2962951,0,634231,0
10:34:16.114,82,29,85,17,120.4836960,22.4546642,3042718,0,670015,0
10:34:16.211,82,30,85,17,120.4836960,22.4546642,3067535,0,707906,0
10:34:16.348,82,30,86,17,120.4836578,22.4546146,3067535,0,707906,0
10:34:16.414,80,28,86,17,120.4836578,22.4546146,2973430,0,650355,0
10:34:16.523,79,26,87,17,120.4836197,22.4545841,2939379,0,616868,0
10:34:16.604,81,29,87,17,120.4836197,22.4545841,3023934,0,677590,0
10:34:16.702,82,30,87,17,120.4836197,22.4545841,3052310,0,695299,0
10:34:16.814,82,30,88,17,120.4835739,22.4545403,3052310,0,695299,0
10:34:16.912,80,28,88,17,120.4835739,22.4545403,2999669,0,661855,0
10:34:17.000,80,28,89,16,120.4835358,22.4545155,2999669,0,661855,0
10:34:17.115,79,26,89,16,120.4835358,22.4545155,2952288,0,602562,0
10:34:17.201,79,26,90,17,120.4834824,22.4544907,2952288,0,602562,0
10:34:17.315,88,32,90,17,120.4834824,22.4544907,3278847,0,744748,0
10:34:17.414,90,41,90,17,120.4834442,22.4544697,3343508,0,933778,0
10:34:17.512,86,35,90,17,120.4834442,22.4544697,3208756,0,799876,0
10:34:17.611,87,35,90,17,120.4834442,22.4544697,3234216,0,809557,0
10:34:17.747,88,36,92,18,120.4833755,22.4544392,3282902,0,822836,0
10:34:17.814,88,36,92,18,120.4833755,22.4544392,3282902,0,822836,0
10:34:17.901,88,34,94,18,120.4833298,22.4544220,3261949,0,787656,0
10:34:18.016,91,38,94,18,120.4833298,22.4544220,3386879,0,858775,0
10:34:18.116,92,38,96,18,120.4832764,22.4544067,3404151,0,875708,0
10:34:18.214,90,37,96,18,120.4832764,22.4544067,3345114,0,845865,0
10:34:18.316,91,38,97,18,120.4832230,22.4543934,3395684,0,858089,0
10:34:18.414,91,38,97,18,120.4832230,22.4543934,3372134,0,865414,0
10:34:18.513,91,38,98,18,120.4831772,22.4543819,3372134,0,865414,0
10:34:18.612,91,39,98,18,120.4831772,22.4543819,3381234,0,883744,0
10:34:18.713,90,37,98,18,120.4831772,22.4543819,3340628,0,846946,0
10:34:18.841,90,37,101,18,120.4831009,22.4543686,3340628,0,846946,0
10:34:18.908,88,36,101,18,120.4831009,22.4543686,3286666,0,815218,0
10:34:19.006,88,36,102,18,120.4830475,22.4543610,3286666,0,815218,0
10:34:19.104,91,36,102,18,120.4830475,22.4543610,3368767,0,825673,0
10:34:19.214,91,36,103,18,120.4829788,22.4543571,3368767,0,825673,0
10:34:19.314,88,35,103,18,120.4829788,22.4543571,3290739,0,808088,0
10:34:19.410,87,35,105,18,120.4829330,22.4543533,3228373,0,801767,0
10:34:19.510,79,34,105,18,120.4829330,22.4543533,2939085,0,781996,0
10:34:19.610,77,34,105,18,120.4828796,22.4543533,2856009,0,777558,0
10:34:19.708,80,35,105,18,120.4828796,22.4543533,2998384,0,798794,0
10:34:19.808,83,37,105,18,120.4828796,22.4543533,3098870,0,836812,0
10:34:19.920,83,37,104,18,120.4827881,22.4543591,3098870,0,836812,0
10:34:20.004,82,33,104,18,120.4827881,22.4543591,3038205,0,762709,0
10:34:20.112,86,33,105,18,120.4827271,22.4543629,3191277,0,763698,0
10:34:20.210,90,41,105,18,120.4827271,22.4543629,3346899,0,920881,0
10:34:20.302,86,36,106,18,120.4826736,22.4543705,3217174,0,830308,0
10:34:20.400,87,31,106,18,120.4826736,22.4543705,3227395,0,727231,0
10:34:20.513,85,33,106,18,120.4826202,22.4543819,3151129,0,764186,0
10:34:20.610,79,36,106,18,120.4826202,22.4543819,2957029,0,817466,0
10:34:20.702,79,36,106,17,120.4825592,22.4543953,2957029,0,817466,0
10:34:20.846,72,36,107,17,120.4825058,22.4544086,2702660,0,822871,0
10:34:20.901,72,36,107,17,120.4825058,22.4544086,2702660,0,822871,0
10:34:21.015,70,37,107,17,120.4825058,22.4544086,2618554,0,839645,0
10:34:21.110,70,37,104,17,120.4824600,22.4544239,2618554,0,839645,0
10:34:21.208,67,28,104,17,120.4824600,22.4544239,2493457,0,665154,0
10:34:21.315,72,32,102,17,120.4824066,22.4544411,2685261,0,747006,0
10:34:21.413,79,39,102,17,120.4824066,22.4544411,2950871,0,887207,0
10:34:21.510,79,39,101,17,120.4823532,22.4544621,2950871,0,887207,0
10:34:21.608,82,40,101,17,120.4823532,22.4544621,3057956,0,905152,0
10:34:21.714,82,40,99,16,120.4823074,22.4544849,3057956,0,905152,0
10:34:21.854,77,37,99,16,120.4822540,22.4545097,2862135,0,838031,0
10:34:21.903,72,34,99,16,120.4822540,22.4545097,2688498,0,777152,0
10:34:22.004,76,39,99,16,120.4822540,22.4545097,2819156,0,878476,0
10:34:22.102,70,34,97,16,120.4822159,22.4545364,2633955,0,791632,0
10:34:22.200,69,32,97,16,120.4822159,22.4545364,2598820,0,749388,0
10:34:22.304,75,36,96,16,120.4821625,22.4545612,2800655,0,821510,0
10:34:22.403,79,46,96,16,120.4821625,22.4545612,2963104,0,1037311,0
10:34:22.515,77,46,93,16,120.4821243,22.4545898,2873734,0,1043322,0
10:34:22.614,69,50,93,16,120.4821243,22.4545898,2586186,0,1122224,0
10:34:22.704,69,50,92,16,120.4820862,22.4546185,2586186,0,1122224,0
10:34:22.804,66,60,92,16,120.4820862,22.4546185,2463435,0,1323700,0
10:34:22.911,63,62,90,16,120.4820480,22.4546471,2350122,0,1377429,0
10:34:23.010,63,60,90,16,120.4820480,22.4546471,2344242,0,1329564,0
10:34:23.101,65,61,87,16,120.4820099,22.4546776,2444970,0,1352133,0
10:34:23.204,67,63,87,16,120.4820099,22.4546776,2518502,0,1397179,0
10:34:23.305,67,63,85,17,120.4819717,22.4547081,2518502,0,1397179,0
10:34:23.404,66,64,85,17,120.4819717,22.4547081,2461170,0,1413649,0
10:34:23.504,63,60,82,17,120.4819489,22.4547348,2375000,0,1332286,0
10:34:23.604,65,60,82,17,120.4819489,22.4547348,2449945,0,1341176,0
10:34:23.711,66,62,79,17,120.4819107,22.4547615,2469209,0,1366650,0
10:34:23.811,65,63,79,17,120.4819107,22.4547615,2443798,0,1396604,0
10:34:23.909,65,63,77,16,120.4818802,22.4547901,2443798,0,1396604,0
10:34:24.005,62,61,77,16,120.4818802,22.4547901,2310008,0,1364241,0
10:34:24.113,62,61,73,16,120.4818573,22.4548168,2310008,0,1364241,0
10:34:24.214,63,65,73,16,120.4818573,22.4548168,2354371,0,1437555,0
10:34:24.308,63,67,70,16,120.4818268,22.4548397,2352263,0,1485528,0
10:34:24.408,62,69,70,16,120.4818268,22.4548397,2342664,0,1515925,0
10:34:24.506,62,69,68,17,120.4817886,22.4548645,2315430,0,1522344,0
10:34:24.604,59,67,68,17,120.4817886,22.4548645,2215899,0,1487344,0
10:34:24.702,59,66,68,17,120.4817886,22.4548645,2222460,0,1464497,0
10:34:24.811,59,66,63,17,120.4817505,22.4548969,2222460,0,1464497,0
10:34:24.910,57,61,63,17,120.4817505,22.4548969,2149746,0,1347587,0
10:34:25.002,57,61,60,17,120.4817276,22.4549160,2149746,0,1347587,0
10:34:25.101,57,58,60,17,120.4817276,22.4549160,2125689,0,1288448,0
10:34:25.212,57,58,57,18,120.4817047,22.4549351,2142650,0,1285333,0
10:34:25.309,57,57,57,18,120.4817047,22.4549351,2130356,0,1268830,0
10:34:25.406,57,54,54,18,120.4816742,22.4549484,2131131,0,1198446,0
10:34:25.504,60,49,54,18,120.4816742,22.4549484,2266335,0,1104618,0
10:34:25.618,60,49,52,18,120.4816513,22.4549618,2266335,0,1104618,0
10:34:25.715,69,45,52,18,120.4816513,22.4549618,2590614,0,1009570,0
10:34:25.809,69,45,49,18,120.4816284,22.4549713,2590614,0,1009570,0
10:34:25.914,71,43,49,18,120.4816284,22.4549713,2639941,0,983857,0
10:34:26.013,67,39,48,18,120.4815979,22.4549789,2506838,0,894651,0
10:34:26.112,65,35,48,18,120.4815979,22.4549789,2443604,0,794088,0
10:34:26.202,61,26,46,18,120.4815903,22.4549847,2281465,0,615643,0
10:34:26.315,65,25,46,18,120.4815903,22.4549847,2433424,0,587612,0
10:34:26.407,68,30,45,17,120.4815598,22.4549866,2528245,0,699352,0
10:34:26.505,69,35,45,17,120.4815598,22.4549866,2591300,0,806085,0
10:34:26.638,69,35,44,17,120.4815369,22.4549866,2591300,0,806085,0
10:34:26.704,70,34,44,17,120.4815369,22.4549866,2618218,0,789083,0
10:34:26.812,75,31,42,18,120.4815140,22.4549847,2817649,0,718424,0
10:34:26.910,80,31,42,18,120.4815140,22.4549847,2980776,0,711513,0
10:34:27.007,80,31,42,17,120.4814835,22.4549789,2980776,0,711513,0
10:34:27.107,80,29,42,17,120.4814835,22.4549789,2989635,0,675140,0
10:34:27.208,80,29,43,17,120.4814606,22.4549694,2989635,0,675140,0
10:34:27.307,83,31,43,17,120.4814606,22.4549694,3108466,0,725130,0
10:34:27.404,83,31,45,17,120.4814453,22.4549580,3108466,0,725130,0
10:34:27.502,82,30,45,17,120.4814453,22.4549580,3064488,0,693995,0
10:34:27.601,81,30,47,17,120.4814224,22.4549465,3024657,0,691467,0
10:34:27.715,85,32,47,17,120.4814224,22.4549465,3148445,0,735838,0
10:34:27.814,83,34,47,17,120.4814224,22.4549465,3092861,0,792926,0
10:34:27.932,81,33,48,16,120.4813919,22.4549198,3004766,0,771254,0
10:34:28.014,77,29,48,16,120.4813919,22.4549198,2866654,0,673401,0
10:34:28.113,80,31,49,17,120.4813843,22.4549007,2983902,0,715297,0
10:34:28.212,85,35,49,17,120.4813843,22.4549007,3151405,0,811325,0
10:34:28.305,85,35,49,17,120.4813538,22.4548798,3151405,0,811325,0
10:34:28.403,84,33,49,17,120.4813538,22.4548798,3126716,0,770775,0
10:34:28.554,83,30,51,18,120.4813538,22.4548569,3080765,0,693538,0
10:34:28.604,84,30,51,18,120.4813538,22.4548569,3138330,0,703313,0
10:34:28.702,86,32,51,18,120.4813538,22.4548569,3212323,0,732944,0
10:34:28.802,88,32,53,18,120.4813309,22.4548206,3271334,0,730580,0
10:34:28.901,91,32,53,18,120.4813309,22.4548206,3371440,0,733007,0
10:34:29.044,93,33,55,18,120.4813309,22.4547939,3458349,0,751227,0
10:34:29.110,98,34,55,18,120.4813309,22.4547939,3634737,0,776269,0
10:34:29.215,100,40,55,18,120.4813309,22.4547939,3718989,0,899831,0
10:34:29.304,100,40,61,18,120.4813156,22.4547482,3718989,0,899831,0
10:34:29.403,100,43,61,18,120.4813156,22.4547482,3817579,0,971181,0
10:34:29.538,100,43,65,18,120.4813156,22.4547176,3790179,0,974357,0
10:34:29.604,100,45,65,18,120.4813156,22.4547176,3857622,0,1007716,0
10:34:29.702,100,48,65,18,120.4813156,22.4547176,3848565,0,1069226,0
10:34:29.811,100,48,71,18,120.4813156,22.4546661,3904597,0,1069053,0
10:34:29.910,100,51,71,18,120.4813156,22.4546661,3949811,0,1148005,0
10:34:30.008,100,51,76,18,120.4813156,22.4546280,3949811,0,1148005,0
10:34:30.108,100,50,76,18,120.4813156,22.4546280,3876136,0,1114252,0
10:34:30.206,100,49,80,18,120.4813156,22.4545879,3957073,0,1108949,0
10:34:30.304,100,49,80,18,120.4813156,22.4545879,3846908,0,1099184,0
10:34:30.408,100,46,85,18,120.4813156,22.4545479,3831959,0,1039938,0
10:34:30.507,100,43,85,18,120.4813156,22.4545479,3870622,0,967800,0
10:34:30.607,100,48,90,18,120.4813309,22.4545021,3938626,0,1078545,0
10:34:30.714,100,47,90,18,120.4813309,22.4545021,3962338,0,1063399,0
10:34:30.814,100,47,95,18,120.4813309,22.4544563,3962338,0,1063399,0
10:34:30.902,100,49,95,18,120.4813309,22.4544563,3995744,0,1109914,0
10:34:31.000,100,50,100,18,120.4813309,22.4544067,3908459,0,1119078,0
10:34:31.114,100,49,100,18,120.4813309,22.4544067,4037110,0,1094199,0
10:34:31.204,100,45,106,18,120.4813309,22.4543533,4015568,0,1011817,0
10:34:31.303,100,47,106,18,120.4813309,22.4543533,4022592,0,1063089,0
10:34:31.402,100,47,112,18,120.4813309,22.4542999,4022592,0,1063089,0
10:34:31.515,100,47,112,18,120.4813309,22.4542999,3990928,0,1061065,0
10:34:31.613,100,47,117,18,120.4813309,22.4542408,3990928,0,1061065,0
10:34:31.713,100,46,117,18,120.4813309,22.4542408,3989853,0,1041557,0
10:34:31.811,100,48,117,18,120.4813309,22.4542408,3930633,0,1078751,0
10:34:31.916,100,48,125,18,120.4813309,22.4541492,3930633,0,1078751,0
10:34:32.014,100,48,125,18,120.4813309,22.4541492,3922930,0,1069420,0
10:34:32.110,100,43,129,18,120.4813309,22.4540844,3853867,0,979676,0
10:34:32.210,100,47,129,18,120.4813309,22.4540844,3839496,0,1059507,0
10:34:32.305,100,47,134,18,120.4813309,22.4540195,3839496,0,1059507,0
10:34:32.404,92,44,134,18,120.4813309,22.4540195,3427112,0,1000152,0
10:34:32.521,92,44,137,18,120.4813461,22.4539509,3427112,0,1000152,0
10:34:32.604,85,46,137,18,120.4813461,22.4539509,3174624,0,1043262,0
10:34:32.702,79,46,137,18,120.4813461,22.4539509,2963604,0,1036847,0
10:34:32.829,79,46,135,18,120.4813461,22.4538479,2963604,0,1036847,0
10:34:32.910,78,46,135,18,120.4813461,22.4538479,2896425,0,1044103,0
10:34:33.010,77,47,133,18,120.4813461,22.4537811,2881278,0,1059745,0
10:34:33.108,77,48,133,18,120.4813461,22.4537811,2877270,0,1070240,0
10:34:33.201,77,48,130,18,120.4813461,22.4537144,2877270,0,1070240,0
10:34:33.314,73,55,130,18,120.4813461,22.4537144,2720757,0,1217261,0
10:34:33.410,73,55,128,18,120.4813461,22.4536495,2720757,0,1217261,0
10:34:33.510,60,62,128,18,120.4813461,22.4536495,2255664,0,1381571,0
10:34:33.609,56,68,125,18,120.4813538,22.4535847,2090660,0,1501564,0
10:34:33.708,54,69,125,18,120.4813538,22.4535847,2031840,0,1525700,0
10:34:33.807,53,67,125,18,120.4813538,22.4535847,1985476,0,1479761,0
10:34:33.916,54,73,118,18,120.4813538,22.4534950,2044153,0,1600077,0
10:34:34.014,53,74,118,18,120.4813538,22.4534950,1996476,0,1632688,0
10:34:34.113,53,74,114,18,120.4813538,22.4534359,1996476,0,1632688,0
10:34:34.214,53,74,114,18,120.4813538,22.4534359,2002841,0,1621465,0
10:34:34.313,55,74,110,18,120.4813538,22.4533787,2067267,0,1638446,0
10:34:34.410,55,71,110,18,120.4813538,22.4533787,2071298,0,1576486,0
10:34:34.508,55,71,106,18,120.4813538,22.4533253,2071298,0,1576486,0
10:34:34.607,57,68,106,18,120.4813538,22.4533253,2127546,0,1509617,0
10:34:34.704,57,68,102,18,120.4813690,22.4532738,2127546,0,1509617,0
10:34:34.804,58,69,102,18,120.4813690,22.4532738,2172504,0,1527249,0
10:34:34.915,57,69,99,18,120.4813690,22.4532223,2152462,0,1518180,0
10:34:35.004,57,67,99,18,120.4813690,22.4532223,2157790,0,1476209,0
10:34:35.118,60,65,95,18,120.4813690,22.4531746,2251912,0,1435392,0
10:34:35.200,55,54,95,18,120.4813690,22.4531746,2063858,0,1197037,0
10:34:35.315,55,54,92,18,120.4813843,22.4531269,2063858,0,1197037,0
10:34:35.414,62,60,92,18,120.4813843,22.4531269,2319718,0,1334702,0
10:34:35.515,60,58,89,18,120.4813843,22.4530811,2253309,0,1297530,0
10:34:35.607,61,55,89,18,120.4813843,22.4530811,2302551,0,1223958,0
10:34:35.705,62,52,89,18,120.4813843,22.4530811,2338576,0,1165239,0
10:34:35.810,65,50,84,18,120.4813919,22.4530182,2435166,0,1124628,0
10:34:35.915,71,47,84,18,120.4813919,22.4530182,2638432,0,1060494,0
10:34:36.010,71,47,81,17,120.4814072,22.4529781,2638432,0,1060494,0
10:34:36.108,71,46,81,17,120.4814072,22.4529781,2670275,0,1047461,0
10:34:36.212,70,43,80,17,120.4814224,22.4529381,2632761,0,965050,0
10:34:36.310,66,37,80,17,120.4814224,22.4529381,2471554,0,839372,0
10:34:36.404,67,32,78,18,120.4814301,22.4528999,2510779,0,733427,0
10:34:36.502,73,35,78,18,120.4814301,22.4528999,2719165,0,803150,0
10:34:36.616,75,34,76,18,120.4814453,22.4528637,2782333,0,777898,0
10:34:36.713,73,33,76,18,120.4814453,22.4528637,2732263,0,769716,0
10:34:36.812,72,31,76,18,120.4814453,22.4528637,2689701,0,728547,0
10:34:36.935,73,32,75,18,120.4814682,22.4528122,2725603,0,747850,0
10:34:37.000,73,32,75,18,120.4814682,22.4528122,2725603,0,747850,0
10:34:37.110,71,32,75,18,120.4814987,22.4527817,2661114,0,734549,0
10:34:37.208,72,31,75,18,120.4814987,22.4527817,2689262,0,715384,0
10:34:37.307,73,33,74,18,120.4815216,22.4527512,2739802,0,756162,0
10:34:37.405,76,33,74,18,120.4815216,22.4527512,2820291,0,765029,0
10:34:37.519,74,32,74,18,120.4815521,22.4527225,2767450,0,740601,0
10:34:37.600,74,32,74,18,120.4815521,22.4527225,2779530,0,730040,0
10:34:37.714,73,31,74,18,120.4815521,22.4527225,2719794,0,728416,0
10:34:37.825,72,30,72,18,120.4815903,22.4526825,2705267,0,690131,0
10:34:37.907,76,32,72,18,120.4815903,22.4526825,2841527,0,744869,0
10:34:38.030,76,32,73,18,120.4816132,22.4526577,2841527,0,744869,0
10:34:38.110,73,29,73,18,120.4816132,22.4526577,2729919,0,672201,0
10:34:38.210,74,28,73,18,120.4816132,22.4526577,2780781,0,664603,0
10:34:38.310,76,31,73,18,120.4816132,22.4526577,2837256,0,711950,0
10:34:38.408,77,31,72,18,120.4816742,22.4526176,2864136,0,710771,0
10:34:38.507,79,30,72,18,120.4816742,22.4526176,2952089,0,701006,0
10:34:38.654,83,34,72,18,120.4817123,22.4526024,3109796,0,779057,0
10:34:38.704,83,34,72,18,120.4817123,22.4526024,3109796,0,779057,0
10:34:38.804,87,28,72,18,120.4817123,22.4526024,3253883,0,659913,0
10:34:38.914,89,32,74,18,120.4817657,22.4525814,3317322,0,735527,0
10:34:39.012,90,32,74,18,120.4817657,22.4525814,3345825,0,738854,0
10:34:39.110,91,32,74,18,120.4817657,22.4525814,3392972,0,732858,0
10:34:39.271,91,32,77,18,120.4818268,22.4525642,3392972,0,732858,0
10:34:39.304,93,33,77,18,120.4818268,22.4525642,3449744,0,754251,0
10:34:39.402,94,34,80,18,120.4818726,22.4525566,3491594,0,791386,0
10:34:39.515,95,33,80,18,120.4818726,22.4525566,3534705,0,766784,0
10:34:39.613,96,34,80,18,120.4818726,22.4525566,3584079,0,785089,0
10:34:39.749,99,36,84,18,120.4819489,22.4525490,3668395,0,833848,0
10:34:39.800,99,36,84,18,120.4819489,22.4525490,3668395,0,833848,0
10:34:39.914,98,37,88,18,120.4819870,22.4525452,3641300,0,845107,0
10:34:40.013,100,38,88,18,120.4819870,22.4525452,3771460,0,857494,0
10:34:40.114,100,40,91,18,120.4820328,22.4525433,3767820,0,914710,0
10:34:40.214,100,38,91,18,120.4820328,22.4525433,3740519,0,871512,0
10:34:40.312,100,38,95,18,120.4820862,22.4525433,3740519,0,871512,0
10:34:40.410,100,44,95,18,120.4820862,22.4525433,3839782,0,990830,0
10:34:40.510,100,41,95,18,120.4820862,22.4525433,3756545,0,931716,0
10:34:40.604,100,41,102,18,120.4821625,22.4525471,3810343,0,922265,0
10:34:40.702,100,44,102,18,120.4821625,22.4525471,3786385,0,990600,0
10:34:40.801,97,46,102,18,120.4821625,22.4525471,3608443,0,1042711,0
10:34:40.963,86,46,108,18,120.4822540,22.4525528,3208697,0,1046844,0
10:34:41.011,86,46,108,18,120.4822540,22.4525528,3208697,0,1046844,0
10:34:41.110,86,46,109,18,120.4823151,22.4525604,3208697,0,1046844,0
10:34:41.210,77,48,109,18,120.4823151,22.4525604,2875007,0,1074510,0
10:34:41.308,77,48,106,18,120.4823685,22.4525642,2869065,0,1068805,0
10:34:41.406,79,51,106,18,120.4823685,22.4525642,2937093,0,1148608,0
10:34:41.503,76,53,106,18,120.4823685,22.4525642,2839773,0,1189797,0
10:34:41.609,69,57,103,17,120.4824600,22.4525757,2584136,0,1277661,0
10:34:41.708,60,62,103,17,120.4824600,22.4525757,2251927,0,1384989,0
10:34:41.807,58,63,103,17,120.4824600,22.4525757,2189803,0,1397329,0
10:34:41.959,58,63,99,17,120.4825363,22.4525852,2189803,0,1397329,0
10:34:42.008,62,61,99,17,120.4825363,22.4525852,2311074,0,1352492,0
10:34:42.107,68,59,95,17,120.4825821,22.4525909,2534545,0,1309991,0
10:34:42.206,70,61,95,17,120.4825821,22.4525909,2602707,0,1345027,0
10:34:42.303,68,60,95,17,120.4825821,22.4525909,2532869,0,1342059,0
10:34:42.407,68,60,92,17,120.4826660,22.4526005,2532869,0,1342059,0
10:34:42.507,65,61,92,17,120.4826660,22.4526005,2453074,0,1356689,0
10:34:42.602,65,61,89,17,120.4827118,22.4526043,2453074,0,1356689,0
10:34:42.700,63,64,89,17,120.4827118,22.4526043,2368082,0,1423065,0
10:34:42.814,60,64,89,17,120.4827118,22.4526043,2256304,0,1414302,0
10:34:42.927,60,64,84,17,120.4827805,22.4526100,2256304,0,1414302,0
10:34:43.010,59,64,84,17,120.4827805,22.4526100,2211373,0,1426392,0
10:34:43.147,59,67,81,17,120.4828262,22.4526119,2223847,0,1483422,0
10:34:43.213,59,64,81,17,120.4828262,22.4526119,2233525,0,1409252,0
10:34:43.314,59,64,78,17,120.4828644,22.4526138,2233525,0,1409252,0
10:34:43.413,63,64,78,17,120.4828644,22.4526138,2356066,0,1413317,0
10:34:43.509,65,65,75,17,120.4829025,22.4526157,2424396,0,1432213,0
10:34:43.608,65,65,75,17,120.4829025,22.4526157,2419195,0,1429672,0
10:34:43.707,61,62,75,17,120.4829025,22.4526157,2279004,0,1385745,0
10:34:43.857,61,62,71,17,120.4829712,22.4526157,2279004,0,1385745,0
10:34:43.907,58,64,71,17,120.4829712,22.4526157,2188165,0,1417144,0
10:34:44.010,57,65,67,18,120.4830093,22.4526157,2152803,0,1429697,0
10:34:44.110,56,64,67,18,120.4830093,22.4526157,2103991,0,1412527,0
10:34:44.205,56,64,64,18,120.4830322,22.4526119,2103991,0,1412527,0
10:34:44.304,56,65,64,18,120.4830322,22.4526119,2097921,0,1436266,0
10:34:44.424,54,66,61,18,120.4830704,22.4526081,2035325,0,1455430,0
10:34:44.505,50,64,61,18,120.4830704,22.4526081,1872874,0,1414259,0
10:34:44.614,49,62,58,18,120.4831009,22.4526024,1851716,0,1380521,0
10:34:44.713,50,62,58,18,120.4831009,22.4526024,1870766,0,1382916,0
10:34:44.812,51,63,58,18,120.4831009,22.4526024,1906068,0,1400789,0
10:34:44.939,51,63,53,18,120.4831467,22.4525928,1906068,0,1400789,0
10:34:45.005,50,60,53,18,120.4831467,22.4525928,1885121,0,1332811,0
10:34:45.114,59,52,49,18,120.4831772,22.4525833,2210340,0,1164319,0
10:34:45.213,68,48,49,18,120.4831772,22.4525833,2538319,0,1080380,0
10:34:45.303,68,48,46,18,120.4832001,22.4525719,2538319,0,1080380,0
10:34:45.403,67,44,46,18,120.4832001,22.4525719,2501675,0,1003983,0
10:34:45.501,66,39,46,18,120.4832153,22.4525623,2453693,0,895722,0
10:34:45.614,66,37,46,18,120.4832153,22.4525623,2455549,0,836643,0
10:34:45.713,66,36,44,18,120.4832382,22.4525471,2458399,0,831614,0
10:34:45.812,65,35,44,18,120.4832382,22.4525471,2441639,0,807883,0
10:34:45.929,65,35,43,18,120.4832535,22.4525337,2441639,0,807883,0
10:34:46.010,65,34,43,18,120.4832535,22.4525337,2452740,0,779178,0
10:34:46.102,65,34,41,18,120.4832611,22.4525146,2452740,0,779178,0
10:34:46.215,69,29,41,18,120.4832611,22.4525146,2564698,0,681406,0
10:34:46.308,69,29,40,18,120.4832764,22.4524975,2564698,0,681406,0
10:34:46.407,76,30,40,18,120.4832764,22.4524975,2825155,0,696517,0
10:34:46.504,77,32,41,18,120.4832916,22.4524784,2888114,0,732061,0
10:34:46.603,75,29,41,18,120.4832916,22.4524784,2804729,0,677096,0
10:34:46.704,75,28,41,18,120.4832916,22.4524784,2808014,0,647961,0
10:34:46.824,75,28,43,18,120.4832916,22.4524479,2808014,0,647961,0
10:34:46.912,76,29,43,18,120.4832916,22.4524479,2826769,0,679288,0
10:34:47.057,76,29,44,18,120.4832916,22.4524250,2821584,0,667462,0
10:34:47.107,76,29,44,18,120.4832916,22.4524250,2821584,0,667462,0
10:34:47.205,75,27,45,17,120.4832916,22.4524040,2812643,0,643430,0
10:34:47.304,77,29,45,17,120.4832916,22.4524040,2868541,0,669669,0
10:34:47.416,76,27,46,16,120.4832916,22.4523811,2841912,0,641811,0
10:34:47.513,76,25,46,16,120.4832916,22.4523811,2836385,0,597563,0
10:34:47.612,77,26,46,16,120.4832916,22.4523811,2886579,0,605511,0
10:34:47.700,79,28,47,18,120.4832764,22.4523468,2945083,0,644598,0
10:34:47.815,80,29,47,18,120.4832764,22.4523468,2989862,0,679507,0
10:34:47.915,80,29,49,18,120.4832535,22.4523277,2989862,0,679507,0
10:34:48.013,81,29,49,18,120.4832535,22.4523277,3016051,0,678786,0
10:34:48.114,81,29,50,18,120.4832382,22.4523087,3016051,0,678786,0
10:34:48.213,81,29,50,18,120.4832382,22.4523087,3002779,0,685860,0
10:34:48.350,82,30,52,18,120.4832153,22.4522915,3041752,0,689303,0
10:34:48.415,82,30,52,18,120.4832153,22.4522915,3041752,0,689303,0
10:34:48.512,85,31,53,18,120.4832001,22.4522743,3166782,0,722306,0
10:34:48.610,87,33,53,18,120.4832001,22.4522743,3253890,0,751824,0
10:34:48.708,88,33,53,18,120.4832001,22.4522743,3258957,0,767525,0
10:34:48.808,88,33,56,18,120.4831619,22.4522533,3292114,0,761817,0
10:34:48.907,90,32,56,18,120.4831619,22.4522533,3360918,0,746478,0
10:34:49.044,91,33,58,18,120.4831238,22.4522419,3369852,0,761017,0
10:34:49.110,93,33,58,18,120.4831238,22.4522419,3444874,0,766075,0
10:34:49.212,93,33,61,18,120.4831009,22.4522324,3464776,0,768728,0
10:34:49.310,94,35,61,18,120.4831009,22.4522324,3501408,0,801199,0
10:34:49.431,94,35,63,18,120.4830627,22.4522247,3501408,0,801199,0
10:34:49.512,93,35,63,18,120.4830627,22.4522247,3469636,0,808405,0
10:34:49.614,96,35,66,18,120.4830322,22.4522171,3568065,0,798362,0
10:34:49.713,97,37,66,18,120.4830322,22.4522171,3621396,0,843020,0
10:34:49.808,98,38,69,18,120.4829941,22.4522133,3631044,0,863156,0
10:34:49.907,100,38,69,18,120.4829941,22.4522133,3720003,0,871668,0
10:34:50.019,100,38,73,18,120.4829559,22.4522095,3720003,0,871668,0
10:34:50.100,99,38,73,18,120.4829559,22.4522095,3667808,0,877753,0
10:34:50.210,99,40,77,18,120.4829178,22.4522095,3682140,0,908500,0
10:34:50.310,100,43,77,18,120.4829178,22.4522095,3771648,0,970908,0
10:34:50.405,100,43,80,18,120.4828644,22.4522114,3771648,0,970908,0
10:34:50.504,100,45,80,18,120.4828644,22.4522114,3756322,0,1024329,0
10:34:50.602,100,45,84,18,120.4828262,22.4522133,3756322,0,1024329,0
10:34:50.700,100,48,84,18,120.4828262,22.4522133,3810225,0,1069768,0
10:34:50.813,100,52,84,18,120.4828262,22.4522133,3856969,0,1164538,0
10:34:50.920,100,52,90,18,120.4827499,22.4522190,3856969,0,1164538,0
10:34:51.004,100,51,90,18,120.4827499,22.4522190,3910487,0,1141089,0
10:34:51.115,100,50,94,18,120.4827042,22.4522247,3799856,0,1115803,0
10:34:51.213,100,50,94,18,120.4827042,22.4522247,3864094,0,1127264,0
10:34:51.305,100,50,97,18,120.4826508,22.4522285,3864094,0,1127264,0
10:34:51.403,80,44,97,18,120.4826508,22.4522285,2973508,0,998170,0
10:34:51.501,80,44,101,18,120.4825974,22.4522343,2973508,0,998170,0
10:34:51.615,78,46,101,18,120.4825974,22.4522343,2923339,0,1033191,0
10:34:51.713,78,46,101,18,120.4825974,22.4522343,2921216,0,1030496,0
10:34:51.813,78,46,98,18,120.4825211,22.4522400,2921216,0,1030496,0
10:34:51.902,77,44,98,18,120.4825211,22.4522400,2870895,0,993975,0
10:34:52.014,77,43,96,18,120.4824677,22.4522438,2869533,0,972588,0
10:34:52.114,78,46,96,18,120.4824677,22.4522438,2924911,0,1029035,0
10:34:52.248,79,47,94,18,120.4824219,22.4522457,2931368,0,1056243,0
10:34:52.313,79,47,94,18,120.4824219,22.4522457,2931368,0,1056243,0
10:34:52.408,80,50,92,18,120.4823685,22.4522457,2971048,0,1127342,0
10:34:52.507,74,48,92,18,120.4823685,22.4522457,2765826,0,1074514,0
10:34:52.615,73,49,90,18,120.4823151,22.4522476,2717429,0,1105169,0
10:34:52.713,69,54,90,18,120.4823151,22.4522476,2595368,0,1205029,0
10:34:52.810,65,56,88,18,120.4822693,22.4522476,2425873,0,1245370,0
10:34:52.915,63,57,88,18,120.4822693,22.4522476,2363034,0,1279387,0
10:34:53.014,63,60,85,18,120.4822159,22.4522476,2361935,0,1335722,0
10:34:53.112,62,64,85,18,120.4822159,22.4522476,2336025,0,1409768,0
10:34:53.210,62,64,82,18,120.4821777,22.4522457,2336025,0,1409768,0
10:34:53.309,59,66,82,18,120.4821777,22.4522457,2229560,0,1460087,0
10:34:53.425,58,68,79,18,120.4821243,22.4522457,2161879,0,1512595,0
10:34:53.510,55,72,79,18,120.4821243,22.4522457,2082336,0,1592915,0
10:34:53.608,53,75,79,18,120.4821243,22.4522457,1983676,0,1655342,0
10:34:53.705,53,75,73,18,120.4820709,22.4522438,1983676,0,1655342,0
10:34:53.803,50,73,73,18,120.4820709,22.4522438,1895044,0,1610420,0
10:34:53.900,50,70,69,18,120.4820328,22.4522400,1897286,0,1545457,0
10:34:54.015,53,66,69,18,120.4820328,22.4522400,1983895,0,1464372,0
10:34:54.130,53,66,65,18,120.4819946,22.4522343,1983895,0,1464372,0
10:34:54.212,53,64,65,18,120.4819946,22.4522343,2003013,0,1408660,0
10:34:54.314,53,59,62,18,120.4819565,22.4522305,2008014,0,1307281,0
10:34:54.412,57,56,62,18,120.4819565,22.4522305,2145218,0,1238802,0
10:34:54.539,58,54,59,18,120.4819336,22.4522228,2175846,0,1213693,0
10:34:54.607,61,49,59,18,120.4819336,22.4522228,2292248,0,1095151,0
10:34:54.705,65,43,59,18,120.4819336,22.4522228,2448768,0,973625,0
10:34:54.804,65,43,55,18,120.4818802,22.4522076,2448768,0,973625,0
10:34:54.902,69,40,55,18,120.4818802,22.4522076,2590180,0,912758,0
10:34:55.037,69,40,53,18,120.4818573,22.4521961,2590180,0,912758,0
10:34:55.103,70,39,53,18,120.4818573,22.4521961,2621680,0,881045,0
10:34:55.207,70,39,52,18,120.4818268,22.4521847,2621680,0,881045,0
10:34:55.305,65,33,52,18,120.4818268,22.4521847,2442293,0,758365,0
10:34:55.402,65,33,50,18,120.4818039,22.4521694,2442293,0,758365,0
10:34:55.515,67,33,50,18,120.4818039,22.4521694,2496970,0,757613,0
10:34:55.612,67,36,49,18,120.4817886,22.4521523,2521140,0,816798,0
10:34:55.710,66,33,49,18,120.4817886,22.4521523,2486048,0,770250,0
10:34:55.808,67,33,49,18,120.4817886,22.4521523,2503411,0,763548,0
10:34:55.919,67,35,46,18,120.4817657,22.4521255,2524221,0,812030,0
10:34:56.002,66,33,46,18,120.4817657,22.4521255,2477912,0,753639,0
10:34:56.114,66,33,45,18,120.4817505,22.4521065,2477912,0,753639,0
10:34:56.212,66,32,45,18,120.4817505,22.4521065,2469593,0,731571,0
10:34:56.322,66,32,44,18,120.4817429,22.4520855,2469593,0,731571,0
10:34:56.404,68,31,44,18,120.4817429,22.4520855,2558973,0,721503,0
10:34:56.500,69,31,42,18,120.4817429,22.4520645,2585926,0,720611,0
10:34:56.615,70,31,42,18,120.4817429,22.4520645,2609209,0,712084,0
10:34:56.714,71,30,42,18,120.4817429,22.4520645,2656841,0,701385,0
10:34:56.814,73,30,43,18,120.4817276,22.4520321,2738865,0,704640,0
10:34:56.902,76,31,43,18,120.4817276,22.4520321,2845753,0,713036,0
10:34:57.014,77,30,43,18,120.4817276,22.4520092,2886641,0,688963,0
10:34:57.113,80,30,43,18,120.4817276,22.4520092,2968864,0,693605,0
10:34:57.210,80,30,45,18,120.4817429,22.4519863,2968864,0,693605,0
10:34:57.308,85,31,45,18,120.4817429,22.4519863,3153768,0,717480,0
10:34:57.417,85,31,46,17,120.4817429,22.4519653,3153768,0,717480,0
10:34:57.515,87,31,46,17,120.4817429,22.4519653,3227574,0,717507,0
10:34:57.622,86,31,48,18,120.4817505,22.4519424,3190430,0,713238,0
10:34:57.704,87,31,48,18,120.4817505,22.4519424,3224081,0,717716,0
10:34:57.802,87,31,48,18,120.4817505,22.4519424,3255497,0,721259,0
10:34:57.904,87,31,51,18,120.4817810,22.4519081,3255497,0,721259,0
10:34:58.003,93,37,51,18,120.4817810,22.4519081,3445050,0,840277,0
10:34:58.103,92,37,53,18,120.4817886,22.4518871,3432258,0,845187,0
10:34:58.202,91,33,53,18,120.4817886,22.4518871,3379558,0,751830,0
10:34:58.313,92,35,55,18,120.4818039,22.4518661,3421439,0,809993,0
10:34:58.412,95,40,55,18,120.4818039,22.4518661,3540621,0,899714,0
10:34:58.518,95,40,58,18,120.4818268,22.4518471,3540621,0,899714,0
10:34:58.600,97,42,58,18,120.4818268,22.4518471,3598865,0,958669,0
10:34:58.714,97,46,58,18,120.4818268,22.4518471,3621413,0,1028228,0
10:34:58.865,97,46,62,18,120.4818726,22.4518147,3621413,0,1028228,0
10:34:58.905,97,47,62,18,120.4818726,22.4518147,3616546,0,1049992,0
10:34:59.008,97,49,63,18,120.4818954,22.4517956,3611396,0,1090942,0
10:34:59.107,99,49,63,18,120.4818954,22.4517956,3664975,0,1103631,0
10:34:59.202,99,49,66,18,120.4819183,22.4517746,3664975,0,1103631,0
10:34:59.300,91,49,66,18,120.4819183,22.4517746,3390679,0,1104994,0
10:34:59.461,91,49,68,18,120.4819565,22.4517517,3390679,0,1104994,0
10:34:59.509,83,49,68,18,120.4819565,22.4517517,3102881,0,1106855,0
10:34:59.608,82,49,68,18,120.4819565,22.4517517,3044688,0,1100210,0
10:34:59.718,82,49,67,18,120.4819946,22.4517193,3044688,0,1100210,0
10:34:59.800,81,49,67,18,120.4819946,22.4517193,3035663,0,1103868,0
10:34:59.914,82,50,67,18,120.4819946,22.4517193,3043092,0,1116500,0
10:35:00.013,84,52,67,18,120.4819946,22.4517193,3141864,0,1156824,0
10:35:00.113,84,52,64,18,120.4820480,22.4516754,3141864,0,1156824,0
10:35:00.213,91,50,64,18,120.4820480,22.4516754,3367623,0,1119388,0
10:35:00.305,89,47,64,18,120.4820709,22.4516525,3299683,0,1064631,0
10:35:00.403,78,44,64,18,120.4820709,22.4516525,2925089,0,998485,0
10:35:00.519,74,41,65,18,120.4821014,22.4516296,2772413,0,931139,0
10:35:00.604,75,43,65,18,120.4821014,22.4516296,2799119,0,968899,0
10:35:00.715,75,43,63,18,120.4821243,22.4516087,2799119,0,968899,0
10:35:00.813,74,37,63,18,120.4821243,22.4516087,2751668,0,849773,0
10:35:00.907,74,35,62,17,120.4821472,22.4515839,2758673,0,795661,0
10:35:01.004,76,35,62,17,120.4821472,22.4515839,2833373,0,802698,0
10:35:01.118,77,37,62,17,120.4821625,22.4515591,2884092,0,837362,0
10:35:01.200,78,35,62,17,120.4821625,22.4515591,2912738,0,801638,0
10:35:01.310,78,35,62,17,120.4821854,22.4515305,2912738,0,801638,0
10:35:01.409,79,33,62,17,120.4821854,22.4515305,2951279,0,770039,0
10:35:01.512,81,32,63,17,120.4822006,22.4515018,3001274,0,739500,0
10:35:01.610,82,34,63,17,120.4822006,22.4515018,3069772,0,774174,0
10:35:01.709,84,33,63,17,120.4822006,22.4515018,3131780,0,765569,0
10:35:01.804,84,33,65,18,120.4822159,22.4514580,3131780,0,765569,0
10:35:01.908,87,31,65,18,120.4822159,22.4514580,3226561,0,716551,0
10:35:02.008,91,35,66,17,120.4822235,22.4514256,3366317,0,800883,0
10:35:02.107,92,35,66,17,120.4822235,22.4514256,3413042,0,799853,0
10:35:02.214,95,37,71,16,120.4822235,22.4513912,3528555,0,836712,0
10:35:02.313,95,38,71,16,120.4822235,22.4513912,3523459,0,876582,0
10:35:02.402,95,38,72,16,120.4822388,22.4513550,3523459,0,876582,0
10:35:02.500,98,45,72,16,120.4822388,22.4513550,3641052,0,1024555,0
10:35:02.615,98,45,75,15,120.4822388,22.4513168,3641052,0,1024555,0
10:35:02.713,100,46,75,15,120.4822388,22.4513168,3712862,0,1029644,0
10:35:02.807,100,48,77,15,120.4822388,22.4512787,3767859,0,1075290,0
10:35:02.907,100,48,77,15,120.4822388,22.4512787,3786152,0,1079901,0
10:35:03.002,100,48,78,15,120.4822388,22.4512405,3786152,0,1079901,0
10:35:03.100,100,52,78,15,120.4822388,22.4512405,3797672,0,1168441,0
10:35:03.200,100,50,81,17,120.4822388,22.4512005,3801411,0,1118580,0
10:35:03.300,100,49,81,17,120.4822388,22.4512005,3773594,0,1091074,0
10:35:03.415,100,49,84,17,120.4822388,22.4511566,3773594,0,1091074,0
10:35:03.514,100,50,84,17,120.4822388,22.4511566,3842817,0,1131991,0
10:35:03.628,100,50,86,17,120.4822388,22.4511127,3842817,0,1131991,0
10:35:03.710,100,47,86,17,120.4822388,22.4511127,3811723,0,1066151,0
10:35:03.810,100,47,86,17,120.4822388,22.4511127,3842041,0,1050039,0
10:35:03.945,100,48,95,17,120.4822388,22.4510422,3845046,0,1086678,0
10:35:04.010,100,46,95,17,120.4822388,22.4510422,3755276,0,1037545,0
10:35:04.113,100,46,100,17,120.4822388,22.4509888,3755276,0,1037545,0
10:35:04.212,92,46,100,17,120.4822388,22.4509888,3427369,0,1036876,0
10:35:04.307,92,46,105,17,120.4822235,22.4509354,3427369,0,1036876,0
10:35:04.407,81,44,105,17,120.4822235,22.4509354,3011267,0,998988,0
10:35:04.524,79,46,106,18,120.4822235,22.4508839,2964096,0,1045447,0
10:35:04.607,79,49,106,18,120.4822235,22.4508839,2958800,0,1100096,0
10:35:04.707,79,49,106,18,120.4822235,22.4508839,2943366,0,1093503,0
10:35:04.807,79,49,103,18,120.4822235,22.4508038,2943366,0,1093503,0
10:35:04.910,77,46,103,18,120.4822235,22.4508038,2885556,0,1034623,0
10:35:05.005,76,42,101,18,120.4822235,22.4507523,2827891,0,958770,0
10:35:05.103,76,44,101,18,120.4822235,22.4507523,2850743,0,985760,0
10:35:05.202,77,44,101,18,120.4822235,22.4507523,2865306,0,996300,0
10:35:05.322,77,44,98,18,120.4822235,22.4506779,2865306,0,996300,0
10:35:05.403,78,46,98,18,120.4822235,22.4506779,2896246,0,1040780,0
10:35:05.520,78,47,96,18,120.4822235,22.4506302,2897643,0,1048772,0
10:35:05.602,78,48,96,18,120.4822235,22.4506302,2917632,0,1087474,0
10:35:05.715,77,47,96,18,120.4822235,22.4506302,2871325,0,1057732,0
10:35:05.809,77,45,93,18,120.4822235,22.4505577,2889947,0,1013087,0
10:35:05.908,80,42,93,18,120.4822235,22.4505577,2977888,0,955154,0
10:35:06.004,80,42,91,18,120.4822388,22.4505119,2977888,0,955154,0
10:35:06.103,79,38,91,18,120.4822388,22.4505119,2941782,0,859956,0
10:35:06.215,80,37,91,18,120.4822388,22.4504681,2994921,0,840626,0
10:35:06.313,82,39,91,18,120.4822388,22.4504681,3053875,0,896332,0
10:35:06.409,81,39,91,18,120.4822540,22.4504223,3022360,0,884042,0
10:35:06.508,79,38,91,18,120.4822540,22.4504223,2938891,0,867818,0
10:35:06.622,79,37,91,18,120.4822693,22.4503765,2941102,0,851309,0
10:35:06.704,80,38,91,18,120.4822693,22.4503765,2969605,0,877237,0
10:35:06.803,76,34,91,18,120.4822693,22.4503765,2823748,0,784760,0
10:35:06.917,76,34,90,18,120.4822769,22.4503098,2823748,0,784760,0
10:35:07.000,76,33,90,18,120.4822769,22.4503098,2843146,0,752726,0
10:35:07.116,77,37,89,18,120.4822922,22.4502678,2861074,0,851700,0
10:35:07.213,72,36,89,18,120.4822922,22.4502678,2707134,0,831876,0
10:35:07.313,67,34,88,18,120.4823151,22.4502277,2522221,0,783932,0
10:35:07.412,63,31,88,18,120.4823151,22.4502277,2366140,0,713467,0
10:35:07.552,62,29,87,18,120.4823456,22.4501877,2320426,0,665837,0
10:35:07.603,62,29,87,18,120.4823456,22.4501877,2320426,0,665837,0
10:35:07.702,66,31,87,18,120.4823456,22.4501877,2462745,0,724225,0
10:35:07.817,66,31,84,18,120.4823685,22.4501324,2462745,0,724225,0
10:35:07.915,66,32,84,18,120.4823685,22.4501324,2484837,0,745226,0
10:35:08.025,66,32,81,18,120.4824066,22.4500999,2467545,0,750395,0
10:35:08.107,69,31,81,18,120.4824066,22.4500999,2567603,0,717441,0
10:35:08.200,69,31,79,18,120.4824295,22.4500675,2567603,0,717441,0
10:35:08.315,69,29,79,18,120.4824295,22.4500675,2597693,0,670310,0
10:35:08.410,69,29,78,18,120.4824600,22.4500389,2597693,0,670310,0
10:35:08.510,74,29,78,18,120.4824600,22.4500389,2747010,0,680379,0
10:35:08.634,77,31,78,18,120.4824982,22.4500122,2886441,0,723374,0
10:35:08.700,80,30,78,18,120.4824982,22.4500122,2977346,0,703458,0
10:35:08.815,82,30,78,18,120.4824982,22.4500122,3058195,0,705235,0
10:35:08.928,83,31,78,18,120.4825439,22.4499760,3103386,0,725363,0
10:35:09.010,87,31,78,18,120.4825439,22.4499760,3227862,0,711639,0
10:35:09.113,91,33,80,17,120.4825745,22.4499550,3367651,0,769076,0
10:35:09.213,93,37,80,17,120.4825745,22.4499550,3459561,0,838841,0
10:35:09.312,92,35,80,17,120.4825745,22.4499550,3413760,0,813272,0
10:35:09.403,92,35,83,17,120.4826355,22.4499264,3413760,0,813272,0
10:35:09.500,95,39,83,17,120.4826355,22.4499264,3532662,0,885857,0
10:35:09.614,96,39,83,17,120.4826355,22.4499264,3556053,0,893058,0
10:35:09.713,96,39,86,18,120.4827042,22.4499016,3556053,0,893058,0
10:35:09.812,93,41,86,18,120.4827042,22.4499016,3474562,0,933055,0
10:35:09.903,93,29,89,18,120.4827423,22.4498844,3474508,0,679499,0
10:35:10.002,97,33,89,18,120.4827423,22.4498844,3596037,0,760106,0
10:35:10.112,97,40,92,18,120.4827881,22.4498711,3608923,0,902957,0
10:35:10.210,97,40,92,18,120.4827881,22.4498711,3588080,0,903562,0
10:35:10.302,97,40,94,18,120.4828415,22.4498577,3588080,0,903562,0
10:35:10.400,96,43,94,18,120.4828415,22.4498577,3575198,0,976442,0
10:35:10.522,96,43,96,18,120.4828949,22.4498444,3575198,0,976442,0
10:35:10.603,89,37,96,18,120.4828949,22.4498444,3320296,0,855049,0
10:35:10.702,86,39,96,18,120.4828949,22.4498444,3217646,0,895176,0
10:35:10.801,86,39,99,18,120.4829712,22.4498291,3217646,0,895176,0
10:35:10.907,76,43,99,18,120.4829712,22.4498291,2846835,0,963510,0
10:35:11.014,72,41,98,18,120.4830246,22.4498196,2692391,0,934185,0
10:35:11.113,71,39,98,18,120.4830246,22.4498196,2667786,0,887372,0
10:35:11.204,74,39,96,18,120.4830704,22.4498119,2745940,0,890801,0
10:35:11.303,75,41,96,18,120.4830704,22.4498119,2787730,0,936850,0
10:35:11.414,75,41,94,18,120.4831238,22.4498081,2787730,0,936850,0
10:35:11.513,76,41,94,18,120.4831238,22.4498081,2830465,0,936858,0
10:35:11.630,76,41,92,18,120.4831772,22.4498043,2830465,0,936858,0
10:35:11.713,78,44,92,18,120.4831772,22.4498043,2908249,0,994659,0
10:35:11.812,77,45,92,18,120.4831772,22.4498043,2875693,0,1007666,0
10:35:11.900,77,45,89,18,120.4832382,22.4498024,2875693,0,1007666,0
10:35:12.005,77,47,89,18,120.4832382,22.4498024,2880272,0,1049709,0
10:35:12.112,78,48,87,18,120.4832916,22.4498024,2902983,0,1071052,0
10:35:12.210,80,49,87,18,120.4832916,22.4498024,2967182,0,1100166,0
10:35:12.303,80,49,85,18,120.4833374,22.4498024,2967182,0,1100166,0
10:35:12.403,85,53,85,18,120.4833374,22.4498024,3180272,0,1174859,0
10:35:12.517,85,53,84,18,120.4833755,22.4498024,3180272,0,1174859,0
10:35:12.615,86,48,84,18,120.4833755,22.4498024,3211543,0,1084673,0
10:35:12.713,85,47,84,18,120.4833755,22.4498024,3158513,0,1048851,0
10:35:12.822,85,47,84,18,120.4834442,22.4498062,3158513,0,1048851,0
10:35:12.904,82,49,84,18,120.4834442,22.4498062,3049523,0,1091655,0
10:35:13.013,80,49,84,18,120.4834976,22.4498100,2969795,0,1099705,0
10:35:13.112,79,48,84,18,120.4834976,22.4498100,2936241,0,1083671,0
10:35:13.202,79,48,82,18,120.4835358,22.4498119,2936241,0,1083671,0
10:35:13.300,93,51,82,18,120.4835358,22.4498119,3439509,0,1142113,0
10:35:13.407,93,51,80,18,120.4835815,22.4498158,3439509,0,1142113,0
10:35:13.505,94,47,80,18,120.4835815,22.4498158,3476058,0,1063500,0
10:35:13.615,92,45,81,17,120.4836197,22.4498196,3420901,0,1017184,0
10:35:13.713,91,47,81,17,120.4836197,22.4498196,3381875,0,1055506,0
10:35:13.813,85,47,82,17,120.4836731,22.4498234,3167685,0,1057433,0
10:35:13.912,79,47,82,17,120.4836731,22.4498234,2934614,0,1052736,0
10:35:14.012,79,47,81,17,120.4837112,22.4498310,2934614,0,1052736,0
10:35:14.110,76,45,81,17,120.4837112,22.4498310,2827019,0,1008783,0
10:35:14.210,75,46,81,17,120.4837112,22.4498310,2807336,0,1030085,0
10:35:14.320,75,46,78,18,120.4837723,22.4498405,2807336,0,1030085,0
10:35:14.403,72,41,78,18,120.4837723,22.4498405,2676941,0,937403,0
10:35:14.517,71,40,75,18,120.4838181,22.4498501,2656859,0,902044,0
10:35:14.615,71,39,75,18,120.4838181,22.4498501,2649800,0,893743,0
10:35:14.713,71,40,75,18,120.4838181,22.4498501,2664012,0,900144,0
10:35:14.802,67,36,73,18,120.4838791,22.4498653,2518924,0,815807,0
10:35:14.900,68,31,73,18,120.4838791,22.4498653,2549118,0,712665,0
10:35:15.017,68,31,71,18,120.4839020,22.4498787,2549118,0,712665,0
10:35:15.115,69,36,71,18,120.4839020,22.4498787,2588086,0,822065,0
10:35:15.214,69,36,69,18,120.4839401,22.4498920,2588086,0,822065,0
10:35:15.313,67,33,69,18,120.4839401,22.4498920,2511861,0,767389,0
10:35:15.412,67,33,68,18,120.4839783,22.4499111,2493754,0,754422,0
10:35:15.509,67,33,68,18,120.4839783,22.4499111,2506536,0,762296,0
10:35:15.608,67,33,68,18,120.4839783,22.4499111,2525732,0,767577,0
10:35:15.715,67,33,65,18,120.4840164,22.4499397,2509385,0,765102,0
10:35:15.813,68,34,65,18,120.4840164,22.4499397,2530078,0,774989,0
10:35:15.910,68,34,63,18,120.4840469,22.4499607,2530078,0,774989,0
10:35:16.009,68,33,63,18,120.4840469,22.4499607,2548305,0,771732,0
10:35:16.112,69,33,61,17,120.4840698,22.4499817,2596299,0,754971,0
10:35:16.210,73,31,61,17,120.4840698,22.4499817,2715860,0,725144,0
10:35:16.310,76,33,60,17,120.4840851,22.4500065,2821684,0,768222,0
10:35:16.408,77,33,60,17,120.4840851,22.4500065,2866278,0,756510,0
10:35:16.507,76,33,60,17,120.4840851,22.4500065,2851951,0,752132,0
10:35:16.642,77,32,60,18,120.4841232,22.4500446,2872918,0,734137,0
10:35:16.707,77,31,60,18,120.4841232,22.4500446,2870980,0,728428,0
10:35:16.805,77,31,60,18,120.4841232,22.4500446,2888793,0,714167,0
10:35:16.913,77,31,61,18,120.4841309,22.4500866,2888793,0,714167,0
10:35:17.002,77,31,61,18,120.4841309,22.4500866,2874123,0,715826,0
10:35:17.113,78,31,61,18,120.4841461,22.4501152,2895761,0,725584,0
10:35:17.212,78,32,61,18,120.4841461,22.4501152,2899026,0,746151,0
10:35:17.310,78,31,61,18,120.4841461,22.4501152,2893134,0,717093,0
10:35:17.421,79,33,62,18,120.4841614,22.4501591,2934256,0,755937,0
10:35:17.503,79,33,62,18,120.4841614,22.4501591,2936301,0,762724,0
10:35:17.603,79,34,62,18,120.4841614,22.4501591,2942718,0,775120,0
10:35:17.745,80,34,62,18,120.4841614,22.4502068,2967300,0,781914,0
10:35:17.810,77,33,62,18,120.4841614,22.4502068,2882484,0,756531,0
10:35:17.908,77,33,62,18,120.4841614,22.4502392,2882484,0,756531,0
10:35:18.007,78,33,62,18,120.4841614,22.4502392,2898727,0,766619,0
10:35:18.103,78,35,62,18,120.4841614,22.4502697,2927395,0,803387,0
10:35:18.203,75,31,62,18,120.4841614,22.4502697,2795447,0,724308,0
10:35:18.301,75,31,62,18,120.4841614,22.4502983,2795447,0,724308,0
10:35:18.415,75,34,62,18,120.4841614,22.4502983,2793908,0,785745,0
10:35:18.513,75,34,61,18,120.4841461,22.4503288,2793908,0,785745,0
10:35:18.610,77,35,61,18,120.4841461,22.4503288,2857961,0,796347,0
10:35:18.708,77,36,61,18,120.4841461,22.4503288,2884758,0,818230,0
10:35:18.814,77,36,61,18,120.4841309,22.4503727,2884758,0,818230,0
10:35:18.914,77,34,61,18,120.4841309,22.4503727,2858427,0,782008,0
10:35:19.013,76,34,60,18,120.4841080,22.4503994,2852859,0,780584,0
10:35:19.112,74,31,60,18,120.4841080,22.4503994,2764399,0,726863,0
10:35:19.210,74,31,60,18,120.4840927,22.4504280,2764399,0,726863,0
10:35:19.308,75,34,60,18,120.4840927,22.4504280,2803391,0,772238,0
10:35:19.403,75,34,60,18,120.4840698,22.4504509,2803391,0,772238,0
10:35:19.503,73,31,60,18,120.4840698,22.4504509,2739044,0,708934,0
10:35:19.619,73,30,59,18,120.4840546,22.4504738,2720244,0,687137,0
10:35:19.700,74,33,59,18,120.4840546,22.4504738,2767886,0,764298,0
10:35:19.814,75,33,59,18,120.4840546,22.4504738,2782298,0,766290,0
10:35:19.914,73,31,59,18,120.4840164,22.4505043,2718240,0,722371,0
10:35:20.014,73,32,59,18,120.4840164,22.4505043,2721706,0,743962,0
10:35:20.107,73,32,59,18,120.4839935,22.4505196,2721706,0,743962,0
10:35:20.204,75,32,59,18,120.4839935,22.4505196,2810630,0,746351,0
10:35:20.315,76,32,58,18,120.4839706,22.4505348,2825098,0,739790,0
10:35:20.414,75,30,58,18,120.4839706,22.4505348,2812008,0,700901,0
10:35:20.513,77,30,58,18,120.4839401,22.4505463,2863314,0,708092,0
10:35:20.610,77,31,58,18,120.4839401,22.4505463,2875183,0,728576,0
10:35:20.708,77,32,58,18,120.4839401,22.4505463,2886395,0,739884,0
10:35:20.819,78,33,59,18,120.4838943,22.4505596,2911477,0,761489,0
10:35:20.903,77,33,59,18,120.4838943,22.4505596,2870631,0,754364,0
10:35:21.015,77,33,59,18,120.4838638,22.4505672,2870631,0,754364,0
10:35:21.113,78,32,59,18,120.4838638,22.4505672,2917573,0,735127,0
10:35:21.200,79,32,59,18,120.4838257,22.4505692,2937795,0,744619,0
10:35:21.314,79,31,59,18,120.4838257,22.4505692,2929861,0,709172,0
10:35:21.410,80,31,60,18,120.4837875,22.4505692,2968936,0,718269,0
10:35:21.508,82,33,60,18,120.4837875,22.4505692,3047334,0,761898,0
10:35:21.604,82,33,61,18,120.4837646,22.4505672,3047334,0,761898,0
10:35:21.713,81,32,61,18,120.4837646,22.4505672,3026770,0,731830,0
10:35:21.812,81,32,62,18,120.4837265,22.4505615,3026770,0,731830,0
10:35:21.900,81,31,62,18,120.4837265,22.4505615,3015694,0,721465,0
10:35:22.017,84,31,63,18,120.4836960,22.4505539,3117897,0,725364,0
10:35:22.114,85,32,63,18,120.4836960,22.4505539,3153554,0,736669,0
10:35:22.213,85,33,63,18,120.4836960,22.4505539,3155920,0,753103,0
10:35:22.302,85,31,64,18,120.4836502,22.4505367,3170802,0,727710,0
10:35:22.400,84,29,64,18,120.4836502,22.4505367,3142205,0,666470,0
10:35:22.508,86,31,66,18,120.4836121,22.4505215,3187650,0,723798,0
10:35:22.607,85,30,66,18,120.4836121,22.4505215,3170793,0,697606,0
10:35:22.705,89,30,66,18,120.4836121,22.4505215,3294074,0,692407,0
10:35:22.814,89,30,69,18,120.4835739,22.4504967,3294074,0,692407,0
10:35:22.903,94,38,69,18,120.4835739,22.4504967,3490769,0,872497,0
10:35:23.018,95,40,71,18,120.4835358,22.4504738,3525246,0,910448,0
10:35:23.100,96,41,71,18,120.4835358,22.4504738,3562835,0,941374,0
10:35:23.214,97,45,73,18,120.4835052,22.4504509,3614342,0,1007236,0
10:35:23.313,96,48,73,18,120.4835052,22.4504509,3566029,0,1078702,0
10:35:23.425,97,50,75,18,120.4834824,22.4504261,3588514,0,1124413,0
10:35:23.507,90,51,75,18,120.4834824,22.4504261,3342071,0,1150742,0
10:35:23.607,87,51,75,18,120.4834824,22.4504261,3224770,0,1140746,0
10:35:23.713,87,51,77,18,120.4834290,22.4503880,3224770,0,1140746,0
10:35:23.812,84,50,77,18,120.4834290,22.4503880,3113324,0,1131901,0
10:35:23.904,82,49,75,18,120.4833908,22.4503613,3046258,0,1101385,0
10:35:24.002,80,48,75,18,120.4833908,22.4503613,2985699,0,1084750,0
10:35:24.114,78,47,74,18,120.4833679,22.4503384,2919690,0,1055318,0
10:35:24.213,76,44,74,18,120.4833679,22.4503384,2839878,0,995189,0
10:35:24.312,76,44,72,18,120.4833374,22.4503155,2839878,0,995189,0
10:35:24.410,73,40,72,18,120.4833374,22.4503155,2739862,0,919299,0
10:35:24.524,72,39,70,18,120.4832993,22.4502945,2702285,0,879442,0
10:35:24.605,70,38,70,18,120.4832993,22.4502945,2635267,0,863655,0
10:35:24.703,70,36,70,18,120.4832993,22.4502945,2614527,0,835102,0
10:35:24.813,71,35,67,18,120.4832535,22.4502678,2664733,0,797590,0
10:35:24.912,73,33,67,18,120.4832535,22.4502678,2713918,0,758212,0
10:35:25.010,73,33,66,18,120.4832230,22.4502525,2713918,0,758212,0
10:35:25.107,73,32,66,18,120.4832230,22.4502525,2739149,0,732019,0
10:35:25.200,73,32,66,18,120.4831848,22.4502392,2739149,0,732019,0
10:35:25.315,73,32,66,18,120.4831848,22.4502392,2739298,0,750090,0
10:35:25.413,73,32,65,18,120.4831619,22.4502296,2739298,0,750090,0
10:35:25.512,73,33,65,18,120.4831619,22.4502296,2717326,0,760232,0
10:35:25.608,71,32,65,18,120.4831238,22.4502239,2666652,0,734314,0
10:35:25.707,71,31,65,18,120.4831238,22.4502239,2663356,0,724197,0
10:35:25.807,72,30,65,18,120.4831238,22.4502239,2677999,0,702551,0
10:35:25.918,74,30,63,18,120.4830704,22.4502201,2758148,0,694627,0
10:35:26.000,75,30,63,18,120.4830704,22.4502201,2788129,0,699106,0
10:35:26.113,75,30,63,18,120.4830322,22.4502201,2788129,0,699106,0
10:35:26.212,75,30,63,18,120.4830322,22.4502201,2783342,0,692578,0
10:35:26.308,75,29,63,18,120.4830093,22.4502239,2801770,0,676636,0
10:35:26.405,76,30,63,18,120.4830093,22.4502239,2851876,0,707680,0
10:35:26.503,77,31,63,18,120.4830093,22.4502239,2859048,0,725024,0
10:35:26.612,76,30,63,18,120.4829559,22.4502335,2823648,0,698942,0
10:35:26.709,75,28,63,18,120.4829559,22.4502335,2803780,0,657294,0
10:35:26.808,75,28,63,18,120.4829559,22.4502335,2791703,0,649363,0
10:35:26.907,75,28,63,18,120.4829025,22.4502487,2817709,0,661313,0
10:35:27.010,74,28,63,18,120.4829025,22.4502487,2765729,0,649390,0
10:35:27.106,74,28,63,18,120.4828644,22.4502640,2765729,0,649390,0
10:35:27.204,71,24,63,18,120.4828644,22.4502640,2669676,0,571619,0
10:35:27.303,73,27,63,18,120.4828644,22.4502640,2721601,0,623391,0
10:35:27.422,73,27,63,18,120.4828262,22.4502907,2721601,0,623391,0
10:35:27.504,73,27,63,18,120.4828262,22.4502907,2720419,0,638904,0
10:35:27.603,70,28,63,18,120.4828262,22.4502907,2628600,0,658667,0
10:35:27.705,70,28,63,18,120.4827881,22.4503231,2628600,0,658667,0
10:35:27.803,71,30,63,18,120.4827881,22.4503231,2669215,0,690217,0
10:35:27.918,71,30,62,18,120.4827805,22.4503479,2657901,0,689092,0
10:35:28.015,73,28,62,18,120.4827805,22.4503479,2726446,0,655818,0
10:35:28.101,75,28,61,18,120.4827499,22.4503727,2799676,0,664064,0
10:35:28.215,77,27,61,18,120.4827499,22.4503727,2868772,0,639282,0
10:35:28.314,77,27,61,18,120.4827499,22.4503727,2877814,0,639597,0
10:35:28.407,78,27,62,17,120.4827271,22.4504147,2913861,0,641182,0
10:35:28.503,78,27,62,17,120.4827271,22.4504147,2906388,0,626418,0
10:35:28.602,78,27,62,17,120.4827271,22.4504147,2894119,0,634909,0
10:35:28.708,78,27,64,17,120.4827118,22.4504585,2894119,0,634909,0
10:35:28.805,76,24,64,17,120.4827118,22.4504585,2831742,0,565247,0
10:35:28.910,77,24,65,18,120.4827042,22.4504910,2872250,0,561436,0
10:35:29.007,81,26,65,18,120.4827042,22.4504910,3013613,0,611136,0
10:35:29.105,83,29,65,18,120.4827042,22.4504910,3098963,0,681013,0
10:35:29.212,81,29,67,17,120.4827042,22.4505386,3010277,0,684382,0
10:35:29.310,80,28,67,17,120.4827042,22.4505386,2977731,0,650237,0
10:35:29.425,78,27,67,17,120.4827042,22.4505730,2903276,0,624637,0
10:35:29.507,76,29,67,17,120.4827042,22.4505730,2827057,0,673067,0
10:35:29.607,69,30,67,17,120.4827042,22.4505730,2597074,0,690430,0
10:35:29.704,69,30,68,17,120.4827042,22.4506245,2597074,0,690430,0
10:35:29.814,70,34,68,17,120.4827042,22.4506245,2617124,0,786447,0
10:35:29.913,70,34,66,18,120.4827118,22.4506569,2617124,0,786447,0
10:35:30.012,64,29,66,18,120.4827118,22.4506569,2381776,0,684251,0
10:35:30.107,64,28,64,18,120.4827271,22.4506874,2395104,0,648142,0
10:35:30.205,66,30,64,18,120.4827271,22.4506874,2470747,0,697392,0
10:35:30.312,72,28,63,18,120.4827423,22.4507160,2675342,0,652971,0
10:35:30.409,77,27,63,18,120.4827423,22.4507160,2878121,0,642594,0
10:35:30.504,77,27,62,18,120.4827499,22.4507446,2878121,0,642594,0
10:35:30.603,81,30,62,18,120.4827499,22.4507446,3024240,0,687339,0
10:35:30.715,83,49,64,17,120.4827805,22.4507713,3077806,0,1092769,0
10:35:30.813,83,29,64,17,120.4827805,22.4507713,3086062,0,669879,0
10:35:30.913,83,29,65,17,120.4828033,22.4507961,3095077,0,669334,0
10:35:31.012,88,32,65,17,120.4828033,22.4507961,3266071,0,730922,0
10:35:31.110,88,32,67,18,120.4828262,22.4508190,3266071,0,730922,0
10:35:31.208,87,31,67,18,120.4828262,22.4508190,3243797,0,726457,0
10:35:31.305,88,31,69,18,120.4828568,22.4508419,3282667,0,713781,0
10:35:31.403,89,32,69,18,120.4828568,22.4508419,3307126,0,742734,0
10:35:31.528,90,33,71,18,120.4828796,22.4508629,3329798,0,754283,0
10:35:31.609,91,34,71,18,120.4828796,22.4508629,3391964,0,786576,0
10:35:31.708,91,34,71,18,120.4828796,22.4508629,3401247,0,784599,0
10:35:31.820,92,34,75,18,120.4829330,22.4508896,3431992,0,790438,0
10:35:31.909,92,34,75,18,120.4829330,22.4508896,3415667,0,773598,0
10:35:32.012,92,34,77,18,120.4829712,22.4509048,3415667,0,773598,0
10:35:32.110,92,33,77,18,120.4829712,22.4509048,3418765,0,768857,0
10:35:32.209,93,33,77,18,120.4829712,22.4509048,3469475,0,767494,0
10:35:32.311,93,33,80,17,120.4830322,22.4509277,3469475,0,767494,0
10:35:32.408,95,37,80,17,120.4830322,22.4509277,3531904,0,839603,0
10:35:32.507,97,39,80,17,120.4830322,22.4509277,3595025,0,889109,0
10:35:32.614,97,39,84,17,120.4831009,22.4509468,3595025,0,889109,0
10:35:32.713,98,39,84,17,120.4831009,22.4509468,3640096,0,898914,0
10:35:32.813,97,39,87,17,120.4831467,22.4509563,3585591,0,890169,0
10:35:32.912,99,41,87,17,120.4831467,22.4509563,3691995,0,931378,0
10:35:33.010,99,41,90,17,120.4831848,22.4509659,3691995,0,931378,0
10:35:33.109,100,48,90,17,120.4831848,22.4509659,3750870,0,1076858,0
10:35:33.209,100,50,93,17,120.4832382,22.4509735,3730167,0,1125271,0
10:35:33.308,99,46,93,17,120.4832382,22.4509735,3685220,0,1046892,0
10:35:33.407,99,46,93,17,120.4832382,22.4509735,3663747,0,1040803,0
10:35:33.535,99,46,97,17,120.4833145,22.4509830,3679613,0,1030931,0
10:35:33.602,98,45,97,17,120.4833145,22.4509830,3644066,0,1023798,0
10:35:33.700,98,44,97,17,120.4833145,22.4509830,3650005,0,988936,0
10:35:33.852,98,43,102,18,120.4833908,22.4509907,3636473,0,962954,0
10:35:33.902,98,43,102,18,120.4833908,22.4509907,3636473,0,962954,0
10:35:34.013,97,43,104,18,120.4834595,22.4509945,3591906,0,978461,0
10:35:34.112,89,47,104,18,120.4834595,22.4509945,3308270,0,1048817,0
10:35:34.210,82,48,107,18,120.4835052,22.4509964,3045379,0,1073577,0
10:35:34.308,78,47,107,18,120.4835052,22.4509964,2915882,0,1062650,0
10:35:34.402,77,46,104,18,120.4835739,22.4510002,2890229,0,1043647,0
10:35:34.515,76,45,104,18,120.4835739,22.4510002,2846377,0,1010126,0
10:35:34.647,78,46,103,18,120.4836197,22.4510021,2893636,0,1031825,0
10:35:34.713,78,46,103,18,120.4836197,22.4510021,2893636,0,1031825,0
10:35:34.812,78,47,101,18,120.4836731,22.4510021,2903255,0,1059123,0
10:35:34.903,80,51,101,18,120.4836731,22.4510021,2995389,0,1144730,0
10:35:35.022,79,52,99,18,120.4837341,22.4510021,2957622,0,1155630,0
10:35:35.104,76,52,99,18,120.4837341,22.4510021,2846773,0,1157921,0
10:35:35.215,76,52,97,18,120.4837875,22.4510021,2846773,0,1157921,0
10:35:35.313,70,53,97,18,120.4837875,22.4510021,2601205,0,1182650,0
10:35:35.412,70,53,95,18,120.4838409,22.4510021,2601205,0,1182650,0
10:35:35.509,68,51,95,18,120.4838409,22.4510021,2534719,0,1147959,0
10:35:35.605,69,53,92,18,120.4838943,22.4510002,2566229,0,1183849,0
10:35:35.703,65,49,92,18,120.4838943,22.4510002,2430892,0,1091159,0
10:35:35.815,65,46,89,18,120.4839401,22.4509964,2447335,0,1036762,0
10:35:35.913,66,43,89,18,120.4839401,22.4509964,2478810,0,981842,0
10:35:36.007,66,43,87,18,120.4839783,22.4509926,2478810,0,981842,0
10:35:36.105,68,41,87,18,120.4839783,22.4509926,2560045,0,937554,0
10:35:36.214,68,41,85,18,120.4840317,22.4509850,2536278,0,923824,0
10:35:36.313,66,34,85,18,120.4840317,22.4509850,2459484,0,792655,0
10:35:36.410,71,38,83,18,120.4840698,22.4509773,2662440,0,869206,0
10:35:36.508,73,41,83,18,120.4840698,22.4509773,2735394,0,937646,0
10:35:36.615,71,39,81,18,120.4841232,22.4509659,2652878,0,895858,0
10:35:36.713,71,38,81,18,120.4841232,22.4509659,2670900,0,866381,0
10:35:36.812,73,39,81,18,120.4841232,22.4509659,2714455,0,884572,0
10:35:36.914,73,39,78,18,120.4841843,22.4509468,2714455,0,884572,0
10:35:37.013,75,30,78,18,120.4841843,22.4509468,2798945,0,699526,0
10:35:37.110,75,30,77,18,120.4842224,22.4509335,2798945,0,699526,0
10:35:37.208,76,32,77,18,120.4842224,22.4509335,2849243,0,749643,0
10:35:37.320,70,29,77,18,120.4842529,22.4509144,2632116,0,685594,0
10:35:37.403,83,41,77,18,120.4842529,22.4509144,3104082,0,927086,0
10:35:37.520,81,41,77,18,120.4842911,22.4508953,3021736,0,923863,0
10:35:37.603,78,31,77,18,120.4842911,22.4508953,2917638,0,729070,0
10:35:37.703,82,30,77,18,120.4842911,22.4508953,3041075,0,704035,0
10:35:37.815,82,30,78,18,120.4843369,22.4508610,3041075,0,704035,0
10:35:37.914,88,34,78,18,120.4843369,22.4508610,3269985,0,774693,0
10:35:38.000,92,38,79,18,120.4843750,22.4508343,3408198,0,857277,0
10:35:38.115,83,36,79,18,120.4843750,22.4508343,3082313,0,826448,0
10:35:38.209,83,36,81,18,120.4844055,22.4508057,3082313,0,826448,0
10:35:38.308,83,36,81,18,120.4844055,22.4508057,3099479,0,817670,0
10:35:38.403,84,35,81,18,120.4844437,22.4507751,3124922,0,801554,0
10:35:38.502,86,34,81,18,120.4844437,22.4507751,3213483,0,792805,0
10:35:38.612,87,37,82,18,120.4844666,22.4507446,3254659,0,840163,0
10:35:38.710,88,38,82,18,120.4844666,22.4507446,3289806,0,860770,0
10:35:38.845,88,38,83,18,120.4844894,22.4507103,3289806,0,860770,0
10:35:38.910,88,39,83,18,120.4844894,22.4507103,3283936,0,878403,0
10:35:39.005,88,39,84,18,120.4845200,22.4506760,3283936,0,878403,0
10:35:39.103,84,32,84,18,120.4845200,22.4506760,3120264,0,743210,0
10:35:39.204,88,38,86,18,120.4845428,22.4506378,3280036,0,876745,0
10:35:39.303,91,44,86,18,120.4845428,22.4506378,3368853,0,998909,0
10:35:39.409,91,44,87,18,120.4845581,22.4505978,3368853,0,998909,0
10:35:39.508,79,31,87,18,120.4845581,22.4505978,2959991,0,728523,0
10:35:39.641,79,31,88,18,120.4845810,22.4505577,2959991,0,728523,0
10:35:39.707,81,36,88,18,120.4845810,22.4505577,3030184,0,831701,0
10:35:39.802,81,36,88,18,120.4845963,22.4505177,3030184,0,831701,0
10:35:39.915,84,40,88,18,120.4845963,22.4505177,3112082,0,912821,0
10:35:40.008,84,40,88,18,120.4846115,22.4504757,3112082,0,912821,0
10:35:40.107,85,42,88,18,120.4846115,22.4504757,3164562,0,943808,0
10:35:40.200,81,39,88,18,120.4846191,22.4504318,3022439,0,895867,0
10:35:40.315,77,39,88,18,120.4846191,22.4504318,2855298,0,881210,0
10:35:40.410,77,39,88,18,120.4846344,22.4503880,2855298,0,881210,0
10:35:40.508,75,42,88,18,120.4846344,22.4503880,2790662,0,959587,0
10:35:40.603,75,42,86,18,120.4846497,22.4503479,2790662,0,959587,0
10:35:40.700,76,44,86,18,120.4846497,22.4503479,2834436,0,994416,0
10:35:40.815,74,43,86,18,120.4846497,22.4503479,2750623,0,964631,0
10:35:40.917,74,43,83,18,120.4846573,22.4502831,2750623,0,964631,0
10:35:41.015,73,42,83,18,120.4846573,22.4502831,2744255,0,946462,0
10:35:41.113,74,43,81,18,120.4846573,22.4502411,2758383,0,965946,0
10:35:41.212,76,42,81,18,120.4846573,22.4502411,2853106,0,956998,0
10:35:41.312,76,42,80,18,120.4846573,22.4502010,2853106,0,956998,0
10:35:41.412,79,38,80,18,120.4846573,22.4502010,2938179,0,863140,0
10:35:41.535,79,38,79,18,120.4846573,22.4501610,2938179,0,863140,0
10:35:41.600,78,36,79,18,120.4846573,22.4501610,2925663,0,826033,0
10:35:41.715,78,36,79,18,120.4846573,22.4501610,2904997,0,827577,0
10:35:41.808,78,36,79,18,120.4846573,22.4501019,2904997,0,827577,0
10:35:41.913,76,34,79,18,120.4846573,22.4501019,2846631,0,788382,0
10:35:42.014,77,35,79,18,120.4846573,22.4500618,2865906,0,799166,0
10:35:42.112,76,34,79,18,120.4846573,22.4500618,2836294,0,784779,0
10:35:42.205,73,31,78,18,120.4846497,22.4500237,2722716,0,718239,0
10:35:42.303,74,31,78,18,120.4846497,22.4500237,2772212,0,717925,0
10:35:42.444,74,32,78,18,120.4846344,22.4499855,2774659,0,730921,0
10:35:42.510,74,30,78,18,120.4846344,22.4499855,2756126,0,705861,0
10:35:42.608,74,30,78,18,120.4846344,22.4499855,2775630,0,703303,0
10:35:42.712,74,30,78,18,120.4846115,22.4499302,2775630,0,703303,0
10:35:42.810,75,33,78,18,120.4846115,22.4499302,2818316,0,763358,0
10:35:42.908,74,32,77,18,120.4845963,22.4498940,2752303,0,733628,0
10:35:43.005,70,28,77,18,120.4845963,22.4498940,2625987,0,652079,0
10:35:43.102,70,28,77,18,120.4845734,22.4498615,2625987,0,652079,0
10:35:43.217,64,29,77,18,120.4845734,22.4498615,2413143,0,671613,0
10:35:43.302,63,28,76,18,120.4845428,22.4498310,2345704,0,646685,0
10:35:43.400,73,35,76,18,120.4845428,22.4498310,2715641,0,803900,0
10:35:43.512,76,35,74,18,120.4845200,22.4498005,2842336,0,794259,0
10:35:43.610,77,30,74,18,120.4845200,22.4498005,2886789,0,696289,0
10:35:43.708,76,28,74,18,120.4845200,22.4498005,2850722,0,653265,0
10:35:43.854,78,30,74,18,120.4844818,22.4497604,2903576,0,693302,0
10:35:43.904,78,30,74,18,120.4844818,22.4497604,2903576,0,693302,0
10:35:44.013,79,31,75,18,120.4844437,22.4497356,2953090,0,709956,0
10:35:44.112,82,34,75,18,120.4844437,22.4497356,3060495,0,772259,0
10:35:44.213,82,33,75,18,120.4844131,22.4497128,3041598,0,752405,0
10:35:44.312,81,31,75,18,120.4844131,22.4497128,3031898,0,720806,0
10:35:44.408,84,32,76,18,120.4843750,22.4496937,3115160,0,732441,0
10:35:44.507,87,34,76,18,120.4843750,22.4496937,3247370,0,785422,0
10:35:44.653,87,34,77,18,120.4843369,22.4496746,3247370,0,785422,0
10:35:44.703,89,34,77,18,120.4843369,22.4496746,3323514,0,779880,0
10:35:44.815,93,37,79,18,120.4842987,22.4496593,3442072,0,839793,0
10:35:44.913,95,40,79,18,120.4842987,22.4496593,3523296,0,901986,0
10:35:45.007,95,40,81,18,120.4842606,22.4496441,3523296,0,901986,0
10:35:45.107,96,42,81,18,120.4842606,22.4496441,3569448,0,953075,0
10:35:45.202,96,42,83,18,120.4842224,22.4496288,3569448,0,953075,0
10:35:45.300,95,41,83,18,120.4842224,22.4496288,3523614,0,930791,0
10:35:45.410,96,41,84,18,120.4841690,22.4496155,3577124,0,941457,0
10:35:45.509,97,45,84,18,120.4841690,22.4496155,3609619,0,1013418,0
10:35:45.606,96,45,86,18,120.4841309,22.4496040,3564474,0,1008187,0
10:35:45.703,96,46,86,18,120.4841309,22.4496040,3565210,0,1034579,0
10:35:45.802,96,48,86,18,120.4841309,22.4496040,3579545,0,1079758,0
10:35:45.901,96,48,89,18,120.4840698,22.4495869,3579545,0,1079758,0
10:35:46.015,93,46,89,18,120.4840698,22.4495869,3463779,0,1035546,0
10:35:46.108,93,46,90,18,120.4840164,22.4495773,3463779,0,1035546,0
10:35:46.207,92,43,90,18,120.4840164,22.4495773,3424524,0,979516,0
10:35:46.314,92,43,91,18,120.4839706,22.4495678,3424524,0,979516,0
10:35:46.413,92,43,91,18,120.4839706,22.4495678,3417414,0,978644,0
10:35:46.510,92,41,91,18,120.4839172,22.4495583,3409358,0,927040,0
10:35:46.608,93,41,91,18,120.4839172,22.4495583,3439305,0,930114,0
10:35:46.704,93,41,91,18,120.4838791,22.4495506,3439305,0,930114,0
10:35:46.803,91,41,91,18,120.4838791,22.4495506,3386943,0,929714,0
10:35:46.905,91,41,92,18,120.4838257,22.4495449,3386943,0,929714,0
10:35:47.009,90,40,92,18,120.4838257,22.4495449,3337078,0,904744,0
10:35:47.107,91,45,92,18,120.4837723,22.4495373,3382197,0,1011494,0
10:35:47.205,91,44,92,18,120.4837723,22.4495373,3369605,0,1003816,0
10:35:47.312,88,41,92,18,120.4837265,22.4495335,3276071,0,923584,0
10:35:47.409,88,40,92,18,120.4837265,22.4495335,3279393,0,910193,0
10:35:47.530,90,41,92,18,120.4836731,22.4495296,3333308,0,936016,0
10:35:47.612,89,41,92,18,120.4836731,22.4495296,3311806,0,932689,0
10:35:47.710,89,41,92,18,120.4836731,22.4495296,3326848,0,940430,0
10:35:47.814,89,41,92,18,120.4835968,22.4495258,3326848,0,940430,0
10:35:47.914,91,44,92,18,120.4835968,22.4495258,3367838,0,986033,0
10:35:48.007,90,45,92,18,120.4835434,22.4495258,3354090,0,1014714,0
10:35:48.105,89,43,92,18,120.4835434,22.4495258,3329218,0,979622,0
10:35:48.214,89,42,92,18,120.4834976,22.4495258,3318583,0,945617,0
10:35:48.313,88,41,92,18,120.4834976,22.4495258,3292517,0,940439,0
10:35:48.407,88,41,92,18,120.4834442,22.4495277,3292517,0,940439,0
10:35:48.505,90,42,92,18,120.4834442,22.4495277,3352385,0,960373,0
10:35:48.601,90,42,93,18,120.4834061,22.4495296,3352385,0,960373,0
10:35:48.715,90,42,93,18,120.4834061,22.4495296,3365542,0,949461,0
10:35:48.812,92,44,93,18,120.4833527,22.4495335,3428914,0,994794,0
10:35:48.910,93,42,93,18,120.4833527,22.4495335,3439115,0,952467,0
10:35:49.005,93,42,93,18,120.4832993,22.4495373,3439115,0,952467,0
10:35:49.103,94,45,93,18,120.4832993,22.4495373,3510226,0,1025094,0
10:35:49.215,94,45,93,18,120.4832535,22.4495430,3510226,0,1025094,0
10:35:49.313,94,41,93,18,120.4832535,22.4495430,3488219,0,925079,0
10:35:49.409,95,41,94,18,120.4832001,22.4495487,3512748,0,931823,0
10:35:49.507,94,43,94,18,120.4832001,22.4495487,3491047,0,982901,0
10:35:49.604,92,42,94,18,120.4831467,22.4495544,3430232,0,953894,0
10:35:49.702,94,43,94,18,120.4831467,22.4495544,3507009,0,983163,0
10:35:49.815,93,45,94,18,120.4831467,22.4495544,3469293,0,1011592,0
10:35:49.903,93,45,95,18,120.4830704,22.4495640,3469293,0,1011592,0
10:35:50.003,91,40,95,18,120.4830704,22.4495640,3382379,0,905067,0
10:35:50.115,91,40,95,18,120.4830246,22.4495716,3382379,0,905067,0
10:35:50.213,93,43,95,18,120.4830246,22.4495716,3446769,0,978743,0
10:35:50.312,92,43,95,18,120.4829712,22.4495792,3421746,0,964053,0
10:35:50.409,90,41,95,18,120.4829712,22.4495792,3353745,0,933424,0
10:35:50.509,92,44,96,18,120.4829178,22.4495850,3417484,0,989248,0
10:35:50.608,90,46,96,18,120.4829178,22.4495850,3338766,0,1039321,0
10:35:50.707,86,43,96,18,120.4829178,22.4495850,3199305,0,966580,0
10:35:50.817,86,43,95,18,120.4828415,22.4495964,3199305,0,966580,0
10:35:50.915,84,47,95,18,120.4828415,22.4495964,3131127,0,1047740,0
10:35:51.009,84,47,94,18,120.4827881,22.4496040,3131127,0,1047740,0
10:35:51.108,82,45,94,18,120.4827881,22.4496040,3045732,0,1024918,0
10:35:51.201,81,44,92,18,120.4827423,22.4496098,3019106,0,1003628,0
10:35:51.315,84,48,92,18,120.4827423,22.4496098,3125525,0,1071307,0
10:35:51.412,84,48,91,18,120.4826889,22.4496174,3126262,0,1071668,0
10:35:51.510,85,44,91,18,120.4826889,22.4496174,3177522,0,995700,0
10:35:51.607,85,44,89,18,120.4826355,22.4496231,3177522,0,995700,0
10:35:51.705,88,47,89,18,120.4826355,22.4496231,3285119,0,1055920,0
10:35:51.805,88,44,89,18,120.4826355,22.4496231,3266762,0,997628,0
10:35:51.934,88,44,89,18,120.4825745,22.4496346,3266762,0,997628,0
10:35:52.000,88,44,89,18,120.4825745,22.4496346,3268098,0,989424,0
10:35:52.112,90,45,88,18,120.4825211,22.4496403,3339529,0,1015165,0
10:35:52.210,89,46,88,18,120.4825211,22.4496403,3308109,0,1030008,0
10:35:52.307,89,46,89,18,120.4824677,22.4496441,3308109,0,1030008,0
10:35:52.407,89,44,89,18,120.4824677,22.4496441,3329181,0,995681,0
10:35:52.501,89,44,88,18,120.4824295,22.4496517,3329181,0,995681,0
10:35:52.600,88,45,88,18,120.4824295,22.4496517,3275549,0,1011561,0
10:35:52.723,87,44,87,18,120.4823837,22.4496555,3250336,0,994689,0
10:35:52.807,86,43,87,18,120.4823837,22.4496555,3206962,0,978738,0
10:35:52.910,86,43,87,18,120.4823303,22.4496613,3217208,0,964697,0
10:35:53.008,86,43,87,18,120.4823303,22.4496613,3214138,0,972133,0
10:35:53.107,86,43,87,18,120.4822922,22.4496632,3214138,0,972133,0
10:35:53.205,89,50,87,18,120.4822922,22.4496632,3313557,0,1115761,0
10:35:53.315,88,48,86,18,120.4822388,22.4496670,3259223,0,1085571,0
10:35:53.415,85,43,86,18,120.4822388,22.4496670,3174097,0,983175,0
10:35:53.515,86,43,83,18,120.4821854,22.4496708,3192231,0,978359,0
10:35:53.613,87,44,83,18,120.4821854,22.4496708,3222446,0,991008,0
10:35:53.712,85,43,83,18,120.4821854,22.4496708,3165400,0,975593,0
10:35:53.817,85,43,82,18,120.4821243,22.4496746,3165400,0,975593,0
10:35:53.915,85,44,82,18,120.4821243,22.4496746,3173166,0,1005049,0
10:35:54.007,85,44,82,18,120.4820862,22.4496765,3173166,0,1005049,0
10:35:54.105,85,45,82,18,120.4820862,22.4496765,3157846,0,1017013,0
10:35:54.210,86,46,83,18,120.4820328,22.4496765,3193850,0,1036678,0
10:35:54.308,87,47,83,18,120.4820328,22.4496765,3220798,0,1060440,0
10:35:54.414,85,45,82,18,120.4819946,22.4496765,3176689,0,1024549,0
10:35:54.512,84,43,82,18,120.4819946,22.4496765,3135585,0,976655,0
10:35:54.602,84,43,80,17,120.4819489,22.4496765,3135585,0,976655,0
10:35:54.700,84,44,80,17,120.4819489,22.4496765,3144738,0,996634,0
10:35:54.807,84,44,81,16,120.4819107,22.4496765,3144738,0,996634,0
10:35:54.905,83,43,81,16,120.4819107,22.4496765,3110323,0,964021,0
10:35:55.007,85,44,80,17,120.4818573,22.4496746,3150185,0,993708,0
10:35:55.122,86,47,80,17,120.4818192,22.4496746,3190035,0,1064489,0
10:35:55.209,85,47,80,17,120.4818192,22.4496746,3170023,0,1049700,0
10:35:55.345,85,46,78,16,120.4817810,22.4496727,3165248,0,1029300,0
10:35:55.410,85,46,78,16,120.4817810,22.4496727,3171866,0,1031151,0
10:35:55.563,86,48,76,16,120.4817276,22.4496727,3216377,0,1074405,0
10:35:55.614,86,48,76,16,120.4817276,22.4496727,3197192,0,1089186,0
10:35:55.769,85,46,75,16,120.4816895,22.4496727,3158548,0,1029227,0
10:35:55.803,85,46,75,16,120.4816895,22.4496727,3158548,0,1029227,0
10:35:55.902,83,44,75,16,120.4816895,22.4496727,3087689,0,992997,0
10:35:56.005,83,44,74,15,120.4816513,22.4496727,3106129,0,986050,0
10:35:56.103,84,47,74,15,120.4816513,22.4496727,3130734,0,1063159,0
10:35:56.207,83,47,74,17,120.4816132,22.4496689,3094431,0,1051092,0
10:35:56.344,83,44,72,16,120.4815750,22.4496689,3076130,0,991804,0
10:35:56.410,83,47,72,16,120.4815750,22.4496689,3094997,0,1066911,0
10:35:56.508,80,48,72,16,120.4815750,22.4496689,2978458,0,1071991,0
10:35:56.617,79,46,71,17,120.4815369,22.4496670,2942327,0,1034162,0
10:35:56.770,79,47,68,16,120.4814987,22.4496651,2932194,0,1066846,0
10:35:56.803,79,47,68,16,120.4814987,22.4496651,2932194,0,1066846,0
10:35:56.908,78,48,68,16,120.4814987,22.4496651,2922769,0,1076886,0
10:35:57.014,80,49,65,17,120.4814682,22.4496632,2979216,0,1110731,0
10:35:57.165,80,50,65,16,120.4814301,22.4496632,2989990,0,1126422,0
10:35:57.214,81,49,65,16,120.4814301,22.4496632,3003450,0,1108135,0
10:35:57.352,81,51,65,16,120.4813919,22.4496632,3013145,0,1132577,0
10:35:57.403,80,50,65,16,120.4813919,22.4496632,2980642,0,1130659,0
10:35:57.502,78,49,65,16,120.4813919,22.4496632,2919277,0,1099493,0
10:35:57.615,78,51,64,15,120.4813690,22.4496632,2901909,0,1136463,0
10:35:57.764,77,52,63,17,120.4813309,22.4496632,2887894,0,1155745,0
10:35:57.814,77,52,63,17,120.4813309,22.4496632,2887894,0,1155745,0
10:35:57.965,80,55,61,18,120.4812927,22.4496632,2968964,0,1231490,0
10:35:58.014,80,55,61,18,120.4812927,22.4496632,2968964,0,1231490,0
10:35:58.114,77,53,61,18,120.4812927,22.4496632,2887993,0,1184041,0
10:35:58.208,77,49,60,18,120.4812698,22.4496593,2883225,0,1110290,0
10:35:58.360,80,49,58,18,120.4812317,22.4496574,2970332,0,1109195,0
10:35:58.412,80,52,58,18,120.4812317,22.4496574,2995778,0,1162980,0
10:35:58.510,79,51,58,18,120.4812317,22.4496574,2934563,0,1152913,0
10:35:58.605,79,51,56,18,120.4812012,22.4496555,2934563,0,1152913,0
10:35:58.704,78,50,56,18,120.4812012,22.4496555,2907149,0,1117877,0
10:35:58.812,78,51,55,18,120.4811630,22.4496555,2924737,0,1143051,0
10:35:58.954,78,52,54,18,120.4811401,22.4496536,2895199,0,1156600,0
10:35:59.004,77,52,54,18,120.4811401,22.4496536,2886684,0,1154076,0
10:35:59.104,78,52,54,18,120.4811401,22.4496536,2912998,0,1169084,0
10:35:59.212,79,52,52,17,120.4811172,22.4496536,2953688,0,1160953,0
10:35:59.340,80,52,51,18,120.4810867,22.4496517,2984201,0,1158840,0
10:35:59.413,80,52,51,18,120.4810867,22.4496517,2984201,0,1158840,0
10:35:59.512,79,48,51,18,120.4810867,22.4496517,2955481,0,1078738,0
10:35:59.603,79,48,50,17,120.4810638,22.4496517,2955481,0,1078738,0
10:35:59.702,80,49,50,17,120.4810638,22.4496517,2990022,0,1097282,0
10:35:59.807,79,50,48,17,120.4810333,22.4496498,2955540,0,1124048,0
10:35:59.905,77,51,48,17,120.4810333,22.4496498,2878114,0,1148888,0
10:36:00.010,76,51,47,18,120.4810104,22.4496479,2836521,0,1147958,0
10:36:00.157,76,53,46,18,120.4809875,22.4496479,2842865,0,1186500,0
10:36:00.207,72,56,46,18,120.4809875,22.4496479,2696812,0,1242835,0
10:36:00.357,68,56,44,18,120.4809570,22.4496479,2527358,0,1251970,0
10:36:00.407,68,56,44,18,120.4809570,22.4496479,2527358,0,1251970,0
10:36:00.558,66,62,41,17,120.4809341,22.4496479,2475370,0,1374268,0
10:36:00.608,66,62,41,17,120.4809341,22.4496479,2475370,0,1374268,0
10:36:00.708,65,62,41,17,120.4809341,22.4496479,2443297,0,1382412,0
10:36:00.801,65,61,39,17,120.4809113,22.4496479,2449643,0,1360708,0
10:36:00.901,67,60,39,17,120.4809113,22.4496479,2491216,0,1338542,0
10:36:01.003,67,60,37,18,120.4808960,22.4496479,2515159,0,1337331,0
10:36:01.102,67,59,37,18,120.4808960,22.4496479,2514299,0,1310485,0
10:36:01.204,68,55,35,17,120.4808731,22.4496498,2528079,0,1235931,0
10:36:01.303,70,53,35,17,120.4808731,22.4496498,2609549,0,1193202,0
10:36:01.407,70,53,33,18,120.4808578,22.4496517,2609549,0,1193202,0
10:36:01.505,72,51,33,18,120.4808578,22.4496517,2707135,0,1148434,0
10:36:01.613,72,51,32,17,120.4808350,22.4496536,2707135,0,1148434,0
10:36:01.712,73,51,32,17,120.4808350,22.4496536,2738834,0,1143876,0
10:36:01.810,74,48,32,17,120.4808350,22.4496536,2768721,0,1086830,0
10:36:01.930,75,48,29,18,120.4808044,22.4496632,2799536,0,1077632,0
10:36:02.004,75,48,29,18,120.4808044,22.4496632,2799536,0,1077632,0
10:36:02.103,77,44,29,18,120.4808044,22.4496632,2855292,0,1005015,0
10:36:02.209,77,44,28,18,120.4807968,22.4496727,2855292,0,1005015,0
10:36:02.309,78,43,28,18,120.4807968,22.4496727,2893786,0,964175,0
10:36:02.402,78,43,28,18,120.4807816,22.4496784,2893786,0,964175,0
10:36:02.515,77,43,28,18,120.4807816,22.4496784,2891129,0,981934,0
10:36:02.612,77,43,27,18,120.4807663,22.4496861,2891129,0,981934,0
10:36:02.712,78,44,27,18,120.4807663,22.4496861,2925615,0,1004509,0
10:36:02.802,79,42,26,18,120.4807587,22.4496956,2944558,0,947129,0
10:36:02.900,80,42,26,18,120.4807587,22.4496956,2975304,0,955889,0
10:36:03.015,82,44,26,18,120.4807587,22.4496956,3048067,0,990455,0
10:36:03.113,85,43,26,18,120.4807587,22.4496956,3174937,0,968686,0
10:36:03.212,85,43,25,18,120.4807281,22.4497147,3174937,0,968686,0
10:36:03.309,87,44,25,18,120.4807281,22.4497147,3256328,0,991061,0
10:36:03.405,88,43,26,18,120.4807281,22.4497242,3257913,0,973391,0
10:36:03.504,89,43,26,18,120.4807281,22.4497242,3304196,0,970275,0
10:36:03.618,89,42,27,18,120.4807205,22.4497356,3318644,0,951797,0
10:36:03.701,91,42,27,18,120.4807205,22.4497356,3367373,0,955185,0
10:36:03.832,91,42,28,18,120.4807205,22.4497490,3367373,0,955185,0
10:36:03.915,90,43,28,18,120.4807205,22.4497490,3352221,0,964156,0
10:36:04.010,91,43,29,18,120.4807053,22.4497623,3371934,0,972136,0
10:36:04.107,91,43,29,18,120.4807053,22.4497623,3387003,0,966047,0
10:36:04.208,91,43,30,18,120.4807053,22.4497776,3383264,0,967806,0
10:36:04.308,90,43,30,18,120.4807053,22.4497776,3362100,0,974607,0
10:36:04.402,90,43,31,17,120.4807053,22.4497929,3362100,0,974607,0
10:36:04.500,91,43,31,17,120.4807053,22.4497929,3386812,0,963686,0
10:36:04.618,91,43,32,18,120.4806900,22.4498100,3386812,0,963686,0
10:36:04.715,92,43,32,18,120.4806900,22.4498100,3410880,0,978429,0
10:36:04.817,92,43,33,17,120.4806900,22.4498253,3410880,0,978429,0
10:36:04.915,92,43,33,17,120.4806900,22.4498253,3421965,0,977904,0
10:36:05.008,92,43,34,18,120.4806900,22.4498425,3421965,0,977904,0
10:36:05.107,92,43,34,18,120.4806900,22.4498425,3422828,0,980496,0
10:36:05.214,93,44,35,18,120.4806900,22.4498615,3452486,0,999395,0
10:36:05.313,92,44,35,18,120.4806900,22.4498615,3420388,0,994461,0
10:36:05.403,92,44,36,18,120.4806900,22.4498787,3436492,0,997291,0
10:36:05.503,92,44,36,18,120.4806900,22.4498787,3433002,0,997696,0
10:36:05.612,92,44,37,17,120.4806900,22.4498959,3433002,0,997696,0
10:36:05.710,92,45,37,17,120.4806900,22.4498959,3407843,0,1015960,0
10:36:05.800,92,45,37,18,120.4807053,22.4499149,3407843,0,1015960,0
10:36:05.915,91,45,37,18,120.4807053,22.4499149,3383096,0,1013479,0
10:36:06.008,91,44,38,18,120.4807053,22.4499340,3378308,0,1004344,0
10:36:06.107,90,44,38,18,120.4807053,22.4499340,3359466,0,1003053,0
10:36:06.208,91,46,38,18,120.4807053,22.4499340,3372177,0,1027341,0
10:36:06.308,91,46,38,18,120.4807053,22.4499340,3388625,0,1035802,0
10:36:06.402,91,45,39,18,120.4807053,22.4499722,3383433,0,1007082,0
10:36:06.501,91,44,39,18,120.4807053,22.4499722,3381692,0,1002113,0
10:36:06.615,91,45,40,18,120.4807205,22.4499931,3399225,0,1010436,0
10:36:06.713,92,45,40,18,120.4807205,22.4499931,3408969,0,1007447,0
10:36:06.812,92,45,40,18,120.4807205,22.4499931,3402916,0,1024296,0
10:36:06.904,92,46,41,16,120.4807205,22.4500217,3405714,0,1035312,0
10:36:07.004,92,45,41,16,120.4807205,22.4500217,3405227,0,1016916,0
10:36:07.114,92,45,41,17,120.4807205,22.4500427,3405227,0,1016916,0
10:36:07.213,91,47,41,17,120.4807205,22.4500427,3382855,0,1051956,0
10:36:07.327,91,47,42,17,120.4807281,22.4500637,3382855,0,1051956,0
10:36:07.410,89,42,42,17,120.4807281,22.4500637,3296431,0,958311,0
10:36:07.527,88,41,42,17,120.4807281,22.4500828,3286123,0,938688,0
10:36:07.609,89,45,42,17,120.4807281,22.4500828,3327614,0,1012070,0
10:36:07.708,89,45,42,17,120.4807281,22.4500828,3316492,0,1011658,0
10:36:07.812,89,45,43,15,120.4807434,22.4501133,3316492,0,1011658,0
10:36:07.909,89,45,43,15,120.4807434,22.4501133,3312803,0,1006480,0
10:36:08.013,89,44,43,17,120.4807587,22.4501343,3301432,0,1002506,0
10:36:08.112,89,44,43,17,120.4807587,22.4501343,3310166,0,1000717,0
10:36:08.207,89,46,43,17,120.4807587,22.4501553,3317921,0,1034718,0
10:36:08.307,90,46,43,17,120.4807587,22.4501553,3335034,0,1030445,0
10:36:08.402,90,46,43,16,120.4807663,22.4501762,3335034,0,1030445,0
10:36:08.502,89,45,43,16,120.4807663,22.4501762,3320163,0,1021943,0
10:36:08.625,89,45,44,16,120.4807816,22.4501953,3320163,0,1021943,0
10:36:08.707,89,45,44,16,120.4807816,22.4501953,3305937,0,1010914,0
10:36:08.807,87,45,44,16,120.4807816,22.4501953,3250083,0,1014721,0
10:36:08.912,87,45,43,15,120.4807968,22.4502258,3250083,0,1014721,0
10:36:09.010,87,45,43,15,120.4807968,22.4502258,3227416,0,1018493,0
10:36:09.102,86,46,43,15,120.4808044,22.4502468,3216023,0,1027227,0
10:36:09.201,87,46,43,15,120.4808044,22.4502468,3225361,0,1029185,0
10:36:09.303,87,46,42,16,120.4808044,22.4502659,3234195,0,1026886,0
10:36:09.403,86,46,42,16,120.4808044,22.4502659,3218923,0,1036037,0
10:36:09.525,87,46,42,16,120.4808197,22.4502850,3223989,0,1041206,0
10:36:09.607,87,46,42,16,120.4808197,22.4502850,3234062,0,1047013,0
10:36:09.707,87,46,42,16,120.4808197,22.4502850,3220941,0,1046461,0
10:36:09.810,87,46,41,17,120.4808350,22.4503136,3220941,0,1046461,0
10:36:09.908,87,46,41,17,120.4808350,22.4503136,3220170,0,1039002,0
10:36:10.015,86,46,41,17,120.4808426,22.4503307,3210316,0,1029801,0
10:36:10.113,86,45,41,17,120.4808426,22.4503307,3211063,0,1025019,0
10:36:10.207,86,46,40,18,120.4808578,22.4503498,3203983,0,1037075,0
10:36:10.305,86,46,40,18,120.4808578,22.4503498,3206996,0,1033459,0
10:36:10.415,86,46,40,18,120.4808578,22.4503689,3206996,0,1033459,0
10:36:10.514,86,46,40,18,120.4808578,22.4503689,3206719,0,1036059,0
10:36:10.602,86,46,40,18,120.4808731,22.4503880,3206719,0,1036059,0
10:36:10.700,86,46,40,18,120.4808731,22.4503880,3211272,0,1047544,0
10:36:10.815,87,46,39,18,120.4808807,22.4504051,3221767,0,1046903,0
10:36:10.914,86,46,39,18,120.4808807,22.4504051,3214243,0,1042542,0
10:36:11.007,86,47,39,18,120.4808807,22.4504223,3189197,0,1049288,0
10:36:11.105,87,47,39,18,120.4808807,22.4504223,3238185,0,1061640,0
10:36:11.215,87,47,38,18,120.4808960,22.4504414,3238185,0,1061640,0
10:36:11.313,86,45,38,18,120.4808960,22.4504414,3199658,0,1022416,0
10:36:11.420,86,45,38,18,120.4809113,22.4504585,3199658,0,1022416,0
10:36:11.502,85,45,38,18,120.4809113,22.4504585,3177062,0,1010256,0
10:36:11.602,85,45,38,18,120.4809113,22.4504776,3183417,0,1025108,0
10:36:11.700,86,45,38,18,120.4809113,22.4504776,3199022,0,1018927,0
10:36:11.814,86,45,38,18,120.4809113,22.4504776,3198491,0,1025924,0
10:36:11.917,85,46,37,18,120.4809189,22.4505024,3173687,0,1034826,0
10:36:12.015,86,46,37,18,120.4809189,22.4505024,3195108,0,1045797,0
10:36:12.107,86,46,37,18,120.4809341,22.4505196,3195108,0,1045797,0
10:36:12.207,86,47,37,18,120.4809341,22.4505196,3211253,0,1067463,0
10:36:12.303,86,47,37,18,120.4809494,22.4505367,3211253,0,1067463,0
10:36:12.403,86,47,37,18,120.4809494,22.4505367,3205596,0,1065839,0
10:36:12.515,86,47,37,18,120.4809494,22.4505558,3192193,0,1061208,0
10:36:12.613,86,46,37,18,120.4809494,22.4505558,3202762,0,1045032,0
10:36:12.712,85,46,37,18,120.4809494,22.4505558,3170826,0,1035072,0
10:36:12.803,86,46,36,18,120.4809570,22.4505806,3217253,0,1035562,0
10:36:12.903,87,46,36,18,120.4809570,22.4505806,3227532,0,1043696,0
10:36:13.018,87,46,36,18,120.4809570,22.4505978,3227532,0,1043696,0
10:36:13.101,87,45,36,18,120.4809570,22.4505978,3223821,0,1025255,0
10:36:13.204,86,45,36,18,120.4809723,22.4506168,3217263,0,1023335,0
10:36:13.303,87,46,36,18,120.4809723,22.4506168,3236406,0,1027452,0
10:36:13.400,85,45,35,18,120.4809723,22.4506321,3176742,0,1011164,0
10:36:13.515,86,43,35,18,120.4809723,22.4506321,3195071,0,983405,0
10:36:13.613,87,44,35,18,120.4809875,22.4506493,3243923,0,1004604,0
10:36:13.713,94,55,35,18,120.4809875,22.4506493,3488362,0,1227091,0
10:36:13.812,89,54,35,18,120.4809875,22.4506493,3308196,0,1200383,0
10:36:13.917,89,54,35,18,120.4809875,22.4506760,3308196,0,1200383,0
10:36:14.015,81,40,35,18,120.4809875,22.4506760,3003674,0,908228,0
10:36:14.108,81,40,34,18,120.4809952,22.4506931,3003674,0,908228,0
10:36:14.208,81,43,34,18,120.4809952,22.4506931,3026523,0,970498,0
10:36:14.302,83,44,34,18,120.4809952,22.4507084,3075626,0,1002875,0
10:36:14.400,82,44,34,18,120.4809952,22.4507084,3073144,0,1004530,0
10:36:14.512,83,45,33,18,120.4809952,22.4507256,3075091,0,1009955,0
10:36:14.610,82,45,33,18,120.4809952,22.4507256,3065521,0,1017714,0
10:36:14.709,83,46,33,18,120.4809952,22.4507256,3089555,0,1036042,0
10:36:14.816,83,46,32,16,120.4810104,22.4507484,3089555,0,1036042,0
10:36:14.915,82,46,32,16,120.4810104,22.4507484,3070028,0,1027461,0
10:36:15.007,82,46,31,15,120.4810104,22.4507656,3070028,0,1027461,0
10:36:15.107,82,45,31,15,120.4810104,22.4507656,3066862,0,1025562,0
10:36:15.215,83,45,30,16,120.4810104,22.4507809,3075631,0,1025251,0
10:36:15.313,83,46,30,16,120.4810104,22.4507809,3092469,0,1046202,0
10:36:15.408,83,46,30,17,120.4810104,22.4507961,3092469,0,1046202,0
10:36:15.507,83,47,30,17,120.4810104,22.4507961,3087359,0,1047600,0
10:36:15.603,83,47,29,17,120.4810104,22.4508095,3087359,0,1047600,0
10:36:15.702,83,46,29,17,120.4810104,22.4508095,3085217,0,1042129,0
10:36:15.800,83,47,29,17,120.4810104,22.4508095,3091679,0,1051668,0
10:36:15.901,83,47,28,16,120.4810104,22.4508305,3091679,0,1051668,0
10:36:16.015,83,47,28,16,120.4810104,22.4508305,3093248,0,1052346,0
10:36:16.107,83,46,26,18,120.4810257,22.4508457,3098808,0,1045575,0
10:36:16.205,83,47,26,18,120.4810257,22.4508457,3098474,0,1053798,0
10:36:16.314,83,47,26,17,120.4810257,22.4508572,3091551,0,1052093,0
10:36:16.413,83,47,26,17,120.4810257,22.4508572,3089030,0,1053880,0
10:36:16.510,83,47,25,17,120.4810257,22.4508705,3089030,0,1053880,0
10:36:16.608,83,47,25,17,120.4810257,22.4508705,3084996,0,1057500,0
10:36:16.710,83,47,24,18,120.4810257,22.4508839,3075291,0,1055632,0
10:36:16.808,82,47,24,18,120.4810257,22.4508839,3064603,0,1048585,0
10:36:16.910,82,47,24,18,120.4810257,22.4508953,3067058,0,1049675,0
10:36:17.009,83,46,24,18,120.4810257,22.4508953,3075837,0,1038951,0
10:36:17.112,83,46,23,17,120.4810257,22.4509068,3075837,0,1038951,0
10:36:17.212,82,46,23,17,120.4810257,22.4509068,3068650,0,1032641,0
10:36:17.303,82,46,22,17,120.4810104,22.4509201,3068650,0,1032641,0
10:36:17.403,82,46,22,17,120.4810104,22.4509201,3063870,0,1033480,0
10:36:17.517,82,45,22,17,120.4810104,22.4509315,3058207,0,1016491,0
10:36:17.615,82,45,22,17,120.4810104,22.4509315,3056306,0,1017904,0
10:36:17.713,82,45,22,17,120.4810104,22.4509315,3063754,0,1018256,0
10:36:17.817,82,45,21,17,120.4810104,22.4509449,3061426,0,1013617,0
10:36:17.915,82,45,21,17,120.4810104,22.4509449,3057728,0,1013797,0
10:36:18.010,82,45,20,17,120.4809952,22.4509544,3057728,0,1013797,0
10:36:18.108,82,45,20,17,120.4809952,22.4509544,3070725,0,1021366,0
10:36:18.217,82,45,20,17,120.4809952,22.4509640,3070725,0,1021366,0
10:36:18.315,82,44,20,17,120.4809952,22.4509640,3066887,0,1004591,0
10:36:18.401,82,45,19,17,120.4809952,22.4509735,3063834,0,1020432,0
10:36:18.500,83,46,19,17,120.4809952,22.4509735,3074876,0,1035380,0
10:36:18.610,82,46,18,18,120.4809875,22.4509792,3073570,0,1037535,0
10:36:18.708,83,46,18,18,120.4809875,22.4509792,3080609,0,1039982,0
10:36:18.802,83,46,18,17,120.4809723,22.4509850,3080609,0,1039982,0
10:36:18.901,84,48,18,17,120.4809723,22.4509850,3138471,0,1074796,0
10:36:19.014,84,48,18,18,120.4809723,22.4509926,3138471,0,1074796,0
10:36:19.113,84,47,18,18,120.4809723,22.4509926,3125133,0,1065478,0
10:36:19.209,81,50,17,17,120.4809570,22.4509964,3024751,0,1114157,0
10:36:19.308,75,54,17,17,120.4809570,22.4509964,2786981,0,1197595,0
10:36:19.402,75,54,17,17,120.4809570,22.4510021,2786981,0,1197595,0
10:36:19.500,75,55,17,17,120.4809570,22.4510021,2789365,0,1231912,0
10:36:19.614,75,55,16,16,120.4809494,22.4510059,2789365,0,1231912,0
10:36:19.712,75,56,16,16,120.4809494,22.4510059,2814627,0,1244481,0
10:36:19.810,76,56,16,16,120.4809494,22.4510059,2844075,0,1248436,0
10:36:19.915,76,56,15,16,120.4809341,22.4510136,2844075,0,1248436,0
10:36:20.013,77,56,15,16,120.4809341,22.4510136,2880918,0,1239265,0
10:36:20.113,78,55,14,16,120.4809341,22.4510155,2912885,0,1227288,0
10:36:20.212,78,54,14,16,120.4809341,22.4510155,2906206,0,1203459,0
10:36:20.310,78,54,13,16,120.4809189,22.4510193,2906206,0,1203459,0
10:36:20.408,79,53,13,16,120.4809189,22.4510193,2945416,0,1180765,0
10:36:20.523,79,53,12,16,120.4809189,22.4510231,2945416,0,1180765,0
10:36:20.607,78,52,12,16,120.4809189,22.4510231,2927381,0,1162596,0
10:36:20.705,77,54,12,16,120.4809189,22.4510231,2868862,0,1207399,0
10:36:20.814,77,54,11,16,120.4809113,22.4510269,2868862,0,1207399,0
10:36:20.914,77,54,11,16,120.4809113,22.4510269,2879369,0,1208338,0
10:36:21.004,77,54,10,16,120.4809113,22.4510326,2883609,0,1207785,0
10:36:21.102,77,54,10,16,120.4809113,22.4510326,2882581,0,1211630,0
10:36:21.209,78,53,9,16,120.4809113,22.4510345,2899645,0,1192830,0
10:36:21.308,78,53,9,16,120.4809113,22.4510345,2911869,0,1184388,0
10:36:21.417,78,53,8,15,120.4808960,22.4510384,2911869,0,1184388,0
10:36:21.515,80,52,8,15,120.4808960,22.4510384,2968632,0,1171268,0
10:36:21.609,80,52,8,16,120.4808960,22.4510422,2968632,0,1171268,0
10:36:21.708,80,51,8,16,120.4808960,22.4510422,2969916,0,1134709,0
10:36:21.817,80,50,8,15,120.4808960,22.4510441,2992337,0,1130093,0
10:36:21.905,81,50,8,15,120.4808960,22.4510441,3015246,0,1129285,0
10:36:22.015,81,50,7,14,120.4808960,22.4510460,3015246,0,1129285,0
10:36:22.114,81,50,7,14,120.4808960,22.4510460,3030557,0,1120873,0
10:36:22.210,81,50,7,15,120.4808807,22.4510498,3030557,0,1120873,0
10:36:22.340,81,50,6,15,120.4808807,22.4510536,3033834,0,1120068,0
10:36:22.415,82,50,6,15,120.4808807,22.4510536,3038989,0,1119730,0
10:36:22.513,81,50,6,15,120.4808807,22.4510536,3032249,0,1119046,0
10:36:22.607,82,50,6,15,120.4808807,22.4510555,3039711,0,1122426,0
10:36:22.714,81,51,6,15,120.4808807,22.4510555,3017376,0,1132822,0
10:36:22.810,81,51,5,14,120.4808807,22.4510593,3017376,0,1132822,0
10:36:22.908,80,53,5,14,120.4808807,22.4510593,2966833,0,1188050,0
10:36:23.002,78,55,6,14,120.4808807,22.4510612,2893232,0,1220748,0
10:36:23.100,76,56,6,14,120.4808807,22.4510612,2843209,0,1245037,0
10:36:23.212,75,56,5,14,120.4808807,22.4510632,2811230,0,1252951,0
10:36:23.310,75,56,5,14,120.4808807,22.4510632,2790836,0,1253005,0
10:36:23.402,75,56,5,14,120.4808807,22.4510670,2790836,0,1253005,0
10:36:23.502,75,57,5,14,120.4808807,22.4510670,2787221,0,1265309,0
10:36:23.605,73,58,3,15,120.4808807,22.4510689,2728118,0,1300273,0
10:36:23.703,67,66,3,15,120.4808807,22.4510689,2522265,0,1469781,0
10:36:23.809,67,71,2,14,120.4808807,22.4510689,2507848,0,1573153,0
10:36:23.944,76,68,0,14,120.4808807,22.4510689,2840738,0,1499532,0
10:36:24.010,85,60,0,14,120.4808807,22.4510689,3175518,0,1328011,0
10:36:24.155,90,53,0,14,120.4808807,22.4510708,3336162,0,1182352,0
10:36:24.204,90,51,0,14,120.4808807,22.4510708,3364429,0,1147103,0
10:36:24.320,90,51,0,14,120.4808807,22.4510708,3355625,0,1142899,0
10:36:24.405,91,49,0,14,120.4808807,22.4510708,3377226,0,1110910,0
10:36:24.503,90,48,0,14,120.4808807,22.4510708,3357227,0,1088780,0
10:36:24.608,90,48,0,14,120.4808807,22.4510708,3357227,0,1088780,0
10:36:24.707,90,48,0,14,120.4808807,22.4510708,3348795,0,1076630,0
10:36:24.812,90,48,0,14,120.4808807,22.4510708,3348795,0,1076630,0
10:36:24.960,90,47,0,14,120.4808960,22.4510727,3360453,0,1066402,0
10:36:25.010,91,47,0,14,120.4808960,22.4510727,3376799,0,1066570,0
10:36:25.163,91,47,0,14,120.4808960,22.4510727,3373896,0,1065383,0
10:36:25.213,91,46,0,14,120.4808960,22.4510727,3378077,0,1026605,0
10:36:25.312,91,44,0,14,120.4808960,22.4510727,3366656,0,987835,0
10:36:25.403,91,44,0,14,120.4808960,22.4510727,3366656,0,987835,0
10:36:25.503,91,48,0,14,120.4808960,22.4510727,3388365,0,1075823,0
10:36:25.610,91,48,0,14,120.4808960,22.4510727,3388365,0,1075823,0
10:36:25.745,91,52,0,12,120.4808960,22.4510727,3384578,0,1162135,0
10:36:25.810,92,54,0,12,120.4808960,22.4510727,3414510,0,1199448,0
10:36:25.960,92,55,0,12,120.4808960,22.4510727,3406600,0,1217819,0
10:36:26.010,92,55,0,12,120.4808960,22.4510727,3422744,0,1219575,0
10:36:26.108,92,55,0,12,120.4808960,22.4510727,3403078,0,1219476,0
10:36:26.207,92,54,0,12,120.4808960,22.4510727,3416393,0,1207362,0
10:36:26.360,92,52,0,12,120.4808960,22.4510727,3437938,0,1170311,0
10:36:26.410,92,51,0,12,120.4808960,22.4510727,3423258,0,1142998,0
10:36:26.508,92,51,0,12,120.4808960,22.4510727,3425509,0,1141907,0
10:36:26.615,92,51,0,12,120.4808960,22.4510727,3425509,0,1141907,0
10:36:26.733,92,51,0,12,120.4808960,22.4510727,3424564,0,1149250,0
10:36:26.807,92,51,0,12,120.4808960,22.4510727,3424564,0,1149250,0
10:36:26.964,93,55,0,12,120.4808960,22.4510727,3457609,0,1234401,0
10:36:27.014,93,55,0,12,120.4808960,22.4510727,3457609,0,1234401,0
10:36:27.113,97,64,0,12,120.4808960,22.4510727,3600607,0,1420493,0
10:36:27.204,98,67,0,12,120.4808960,22.4510727,3647938,0,1489172,0
10:36:27.303,98,70,0,12,120.4808960,22.4510727,3657204,0,1551567,0
10:36:27.412,98,74,0,11,120.4808960,22.4510746,3657365,0,1639912,0
10:36:27.550,98,79,0,11,120.4808960,22.4510727,3647272,0,1727957,0
10:36:27.617,98,79,0,11,120.4808960,22.4510727,3647272,0,1727957,0
10:36:27.755,99,81,0,10,120.4808960,22.4510727,3669805,0,1780922,0
10:36:27.804,99,81,0,10,120.4808960,22.4510727,3669805,0,1780922,0
10:36:27.903,99,80,0,10,120.4808960,22.4510727,3685330,0,1760796,0
10:36:28.008,100,80,0,11,120.4808960,22.4510746,3706282,0,1765382,0
10:36:28.107,100,84,0,11,120.4808960,22.4510746,3748794,0,1845483,0
10:36:28.211,100,85,0,11,120.4808960,22.4510746,3745577,0,1854960,0
10:36:28.310,99,83,0,11,120.4808960,22.4510746,3685616,0,1831286,0
10:36:28.402,99,83,0,11,120.4808960,22.4510746,3685616,0,1831286,0
10:36:28.500,100,83,0,11,120.4808960,22.4510746,3713980,0,1826946,0
10:36:28.612,100,84,1,11,120.4808960,22.4510746,3740760,0,1839360,0
10:36:28.752,100,84,0,11,120.4808960,22.4510746,3743385,0,1839489,0
10:36:28.801,100,84,0,11,120.4808960,22.4510746,3733149,0,1839405,0
10:36:28.918,100,84,1,10,120.4808960,22.4510746,3720904,0,1846256,0
10:36:29.012,100,84,1,10,120.4808960,22.4510746,3720904,0,1846256,0
10:36:29.112,100,84,1,10,120.4808960,22.4510746,3712860,0,1849634,0
10:36:29.205,100,84,0,11,120.4808960,22.4510746,3712860,0,1849634,0
10:36:29.303,100,84,0,11,120.4808960,22.4510746,3701768,0,1841776,0
10:36:29.412,100,83,0,11,120.4808960,22.4510746,3695425,0,1831801,0
10:36:29.510,100,83,0,11,120.4808960,22.4510746,3709150,0,1821761,0
10:36:29.612,100,83,0,11,120.4808960,22.4510746,3709150,0,1821761,0
10:36:29.763,100,83,0,11,120.4808960,22.4510746,3700832,0,1821469,0
10:36:29.814,100,83,0,11,120.4808960,22.4510746,3700832,0,1821469,0
10:36:29.947,100,83,0,11,120.4808960,22.4510746,3713435,0,1820884,0
10:36:30.007,100,83,0,11,120.4808960,22.4510746,3741755,0,1820331,0
10:36:30.159,100,83,0,11,120.4808960,22.4510727,3734297,0,1820518,0
10:36:30.210,100,83,0,11,120.4808960,22.4510727,3718943,0,1821837,0
10:36:30.363,100,83,0,12,120.4808960,22.4510727,3716730,0,1819906,0
10:36:30.414,100,83,0,12,120.4808960,22.4510727,3716730,0,1819906,0
10:36:30.514,100,83,0,12,120.4808960,22.4510727,3763184,0,1819814,0
10:36:30.622,100,83,1,12,120.4808960,22.4510727,3763184,0,1819814,0
10:36:30.705,100,83,1,12,120.4808960,22.4510727,3720847,0,1820718,0
10:36:30.812,100,83,0,12,120.4808960,22.4510727,3722256,0,1819717,0
10:36:30.912,100,83,0,12,120.4808960,22.4510727,3735161,0,1820891,0
10:36:31.006,100,83,0,12,120.4808960,22.4510727,3735161,0,1820891,0
10:36:31.105,100,83,0,12,120.4808960,22.4510727,3728572,0,1821980,0
10:36:31.215,100,83,0,12,120.4809113,22.4510727,3719342,0,1820759,0
10:36:31.314,100,83,0,12,120.4809113,22.4510727,3728196,0,1820201,0
10:36:31.402,100,83,0,12,120.4809113,22.4510708,3734493,0,1820090,0
10:36:31.503,100,83,0,12,120.4809113,22.4510708,3751819,0,1820433,0
10:36:31.610,100,83,0,11,120.4809113,22.4510708,3751819,0,1820433,0
10:36:31.709,100,83,0,11,120.4809113,22.4510708,3694966,0,1820324,0
10:36:31.805,100,83,0,12,120.4809113,22.4510727,3694966,0,1820324,0
10:36:31.912,99,83,0,12,120.4809113,22.4510727,3690733,0,1820462,0
10:36:32.017,100,83,0,12,120.4809113,22.4510708,3731380,0,1820570,0
10:36:32.115,100,83,0,12,120.4809113,22.4510708,3707630,0,1820225,0
10:36:32.205,100,83,0,13,120.4809113,22.4510727,3707630,0,1820225,0
10:36:32.305,99,83,0,13,120.4809113,22.4510727,3690451,0,1820841,0
10:36:32.406,100,83,0,13,120.4809113,22.4510727,3720073,0,1820041,0
10:36:32.507,98,83,0,13,120.4809113,22.4510727,3655515,0,1819849,0
10:36:32.607,99,83,0,13,120.4809113,22.4510727,3680565,0,1822164,0
10:36:32.717,100,83,0,12,120.4809113,22.4510708,3715818,0,1819777,0
10:36:32.850,100,83,0,12,120.4809113,22.4510708,3731993,0,1821890,0
